{
    "execution_time_seconds": 4213.754714488983,
    "best_latent_dim_selected": 32,
    "final_training_mae_logged": 0.006471080239862204,
    "final_validation_mae_logged": 0.008881512098014355,
    "final_training_metrics_from_history_last_epoch": {
        "kl_beta_out_pass_through_metric": 0.0009999917820096016,
        "kl_raw_out_pass_through_metric": 6.885050296783447,
        "kl_weighted_out_pass_through_metric": 0.00688505033031106,
        "loss": 0.013874100521206856,
        "reconstruction_out_for_mae_calc_mean_absolute_error": 0.006471080239862204,
        "learning_rate": 1.5625000742147677e-05,
        "kl_beta_val": 0.0010000000474974513
    },
    "final_validation_metrics_from_history_last_epoch": {
        "val_kl_beta_out_pass_through_metric": 0.0010000010952353477,
        "val_kl_raw_out_pass_through_metric": 6.537350654602051,
        "val_kl_weighted_out_pass_through_metric": 0.006537348031997681,
        "val_loss": 0.017303574830293655,
        "val_reconstruction_out_for_mae_calc_mean_absolute_error": 0.010250004939734936
    },
    "encoder_plugin_params_logged": {
        "window_size": 144,
        "input_features_per_step": 54,
        "rnn_hidden_dim": 64,
        "conditioning_dim": 10,
        "latent_dim": 32,
        "initial_conv_filters": 32,
        "conv_kernel_size": 5,
        "conv_padding": "same",
        "conv_activation": "relu",
        "num_conv_layers": 3,
        "num_strided_conv_layers": 1,
        "min_conv_filters": 8,
        "lstm_units": 8,
        "l2_reg": 0.0008
    },
    "decoder_plugin_params_logged": {
        "latent_dim": 32,
        "rnn_hidden_dim": 64,
        "conditioning_dim": 10,
        "output_feature_dim": 23,
        "encoder_ref_initial_conv_filters": 128,
        "encoder_ref_num_conv_layers": 4,
        "encoder_ref_num_strided_conv_layers": 2,
        "encoder_ref_min_conv_filters": 16,
        "conv_kernel_size": 5,
        "decoder_initial_seq_len": 4,
        "conv_activation": "relu",
        "output_activation": "linear"
    },
    "key_config_parameters_logged": {
        "learning_rate": 0.0005,
        "batch_size": 32,
        "epochs": 1000,
        "window_size": 144,
        "num_features_input": 54,
        "num_features_output": 23,
        "rnn_hidden_dim": 64,
        "conditioning_dim": 10,
        "latent_dim": 32,
        "best_latent_dim_selected": 32,
        "kl_beta": 0.001,
        "kl_anneal_epochs": 300,
        "cvae_target_feature_names": [
            "OPEN",
            "LOW",
            "HIGH",
            "vix_close",
            "BC-BO",
            "BH-BL",
            "S&P500_Close",
            "CLOSE_15m_tick_1",
            "CLOSE_15m_tick_2",
            "CLOSE_15m_tick_3",
            "CLOSE_15m_tick_4",
            "CLOSE_15m_tick_5",
            "CLOSE_15m_tick_6",
            "CLOSE_15m_tick_7",
            "CLOSE_15m_tick_8",
            "CLOSE_30m_tick_1",
            "CLOSE_30m_tick_2",
            "CLOSE_30m_tick_3",
            "CLOSE_30m_tick_4",
            "CLOSE_30m_tick_5",
            "CLOSE_30m_tick_6",
            "CLOSE_30m_tick_7",
            "CLOSE_30m_tick_8"
        ],
        "preprocessor_plugin": "stl_preprocessor",
        "encoder_plugin": "vae_small",
        "decoder_plugin": "vae_small",
        "x_train_file": "examples/data/phase_3/normalized_d1.csv",
        "x_validation_file": "examples/data/phase_3/normalized_d2.csv",
        "save_encoder": "examples/results/phase_4_2/phase_4_2_cnn_small_encoder_model.keras",
        "save_decoder": "examples/results/phase_4_2/phase_4_2_cnn_small_decoder_model.keras",
        "loss_plot_file": "examples/results/phase_4_2/phase_4_2_cnn_small_loss_plot.png"
    }
}