ts,epoch,tag,VmRSS_kB,VmHWM_kB,gpu_current_B,gpu_peak_B,gc0,gc1,gc2
1771414134.474,0,ga_gen0_cand1,1791540,1791540,23990536,1051077388,,,
1771414141.419,1,ga_gen0_cand1,1794664,1794664,23990548,1051077388,,,
1771414148.437,2,ga_gen0_cand1,1796644,1796644,23990556,1051077388,,,
1771414155.593,3,ga_gen0_cand1,1797664,1797664,23990552,1051077388,,,
1771414162.651,4,ga_gen0_cand1,1799136,1799136,23990564,1051077388,,,
1771414169.672,5,ga_gen0_cand1,1800488,1800488,23990572,1051077388,,,
1771414176.629,6,ga_gen0_cand1,1801868,1801868,23990580,1051077388,,,
1771414183.689,7,ga_gen0_cand1,1802940,1802940,23990588,1051077388,,,
1771414190.675,8,ga_gen0_cand1,1803896,1803896,23990596,1051077388,,,
1771414197.747,9,ga_gen0_cand1,1805104,1805104,23990604,1051077388,,,
1771414210.468,0,ga_gen0_cand2,1781404,1781404,24120844,62803116,,,
1771414215.546,1,ga_gen0_cand2,1783636,1783636,24120856,62803116,,,
1771414220.751,2,ga_gen0_cand2,1785528,1785528,24120864,62803116,,,
1771414225.774,3,ga_gen0_cand2,1786748,1786748,24120872,62803116,,,
1771414230.988,4,ga_gen0_cand2,1787960,1787960,24120880,62803116,,,
1771414236.339,5,ga_gen0_cand2,1788924,1788924,24120888,62803116,,,
1771414240.227,6,ga_gen0_cand2,1789972,1789972,24120896,62803116,,,
1771414245.230,7,ga_gen0_cand2,1790616,1790616,24120904,62803116,,,
1771414250.020,8,ga_gen0_cand2,1792276,1792276,24120912,62803116,,,
1771414253.076,9,ga_gen0_cand2,1795084,1795084,24120920,62803116,,,
1771414256.483,10,ga_gen0_cand2,1795736,1795736,24120928,62803116,,,
1771414261.148,0,ga_gen0_cand1,1771964,1771964,23958680,64865876,,,
1771414261.380,11,ga_gen0_cand2,1796804,1796804,24120936,62803116,,,
1771414266.385,1,ga_gen0_cand1,1776516,1776516,23958692,64865876,,,
1771414266.895,12,ga_gen0_cand2,1797516,1797516,24120944,62803116,,,
1771414271.626,2,ga_gen0_cand1,1778624,1778624,23958704,64865876,,,
1771414272.058,13,ga_gen0_cand2,1798292,1798292,24120952,62803116,,,
1771414276.798,3,ga_gen0_cand1,1779868,1779868,23958712,64865876,,,
1771414277.479,14,ga_gen0_cand2,1798960,1798960,24120960,62803116,,,
1771414282.029,4,ga_gen0_cand1,1781616,1781616,23958724,64865876,,,
1771414282.744,15,ga_gen0_cand2,1799492,1799492,24120968,62803116,,,
1771414287.152,5,ga_gen0_cand1,1782756,1782756,23958732,64865876,,,
1771414288.173,16,ga_gen0_cand2,1799920,1799920,24120976,62803116,,,
1771414292.654,6,ga_gen0_cand1,1784888,1784888,23958740,64865876,,,
1771414293.885,17,ga_gen0_cand2,1800616,1800616,24120984,62803116,,,
1771414297.962,7,ga_gen0_cand1,1786288,1786288,23958748,64865876,,,
1771414299.389,18,ga_gen0_cand2,1801184,1801184,24120992,62803116,,,
1771414303.365,8,ga_gen0_cand1,1787260,1787260,23958760,64865876,,,
1771414304.826,19,ga_gen0_cand2,1801772,1801772,24120996,62803116,,,
1771414308.686,9,ga_gen0_cand1,1788260,1788260,23955572,64865876,,,
1771414310.290,20,ga_gen0_cand2,1802172,1802172,24121004,62803116,,,
1771414314.122,10,ga_gen0_cand1,1789488,1789488,23955584,64865876,,,
1771414315.932,21,ga_gen0_cand2,1802588,1802588,24121008,62803116,,,
1771414319.304,11,ga_gen0_cand1,1790204,1790204,23955596,64865876,,,
1771414321.247,22,ga_gen0_cand2,1803200,1803200,24121012,62803116,,,
1771414324.768,12,ga_gen0_cand1,1791012,1791012,23955604,64865876,,,
1771414326.715,23,ga_gen0_cand2,1803736,1803736,24121016,62803116,,,
1771414330.283,13,ga_gen0_cand1,1791836,1791836,23955616,64865876,,,
1771414332.181,24,ga_gen0_cand2,1804728,1804728,24121020,62803116,,,
1771414335.446,14,ga_gen0_cand1,1792632,1792632,23955624,64865876,,,
1771414337.697,25,ga_gen0_cand2,1805092,1805092,24121024,62803116,,,
1771414340.788,15,ga_gen0_cand1,1793384,1793384,23955636,64865876,,,
1771414343.176,26,ga_gen0_cand2,1805640,1805640,24121028,62803116,,,
1771414345.732,16,ga_gen0_cand1,1793980,1793980,23955644,64865876,,,
1771414348.509,27,ga_gen0_cand2,1806140,1806140,24121032,62803116,,,
1771414350.747,17,ga_gen0_cand1,1794736,1794736,23955656,64865876,,,
1771414354.092,28,ga_gen0_cand2,1806664,1806664,24121036,62803116,,,
1771414356.025,18,ga_gen0_cand1,1795420,1795420,23955664,64865876,,,
1771414359.497,29,ga_gen0_cand2,1807308,1807308,24121040,62803116,,,
1771414361.459,19,ga_gen0_cand1,1796240,1796240,23955668,64865876,,,
1771414365.120,30,ga_gen0_cand2,1807744,1807744,24121044,62803116,,,
1771414366.709,20,ga_gen0_cand1,1796904,1796904,23955676,64865876,,,
1771414370.644,31,ga_gen0_cand2,1808364,1808364,24121048,62803116,,,
1771414372.142,21,ga_gen0_cand1,1797460,1797460,23955680,64865876,,,
1771414376.174,32,ga_gen0_cand2,1808824,1808824,24121052,62803116,,,
1771414377.372,22,ga_gen0_cand1,1798212,1798212,23955684,64865876,,,
1771414381.684,33,ga_gen0_cand2,1809232,1809232,24121056,62803116,,,
1771414382.812,23,ga_gen0_cand1,1798732,1798732,23955692,64865876,,,
1771414387.252,34,ga_gen0_cand2,1809824,1809824,24121060,62803116,,,
1771414388.008,24,ga_gen0_cand1,1799328,1799328,23955696,64865876,,,
1771414392.852,35,ga_gen0_cand2,1810340,1810340,24121064,62803116,,,
1771414393.435,25,ga_gen0_cand1,1799876,1799876,23955700,64865876,,,
1771414398.281,36,ga_gen0_cand2,1810800,1810800,24121068,62803116,,,
1771414398.883,26,ga_gen0_cand1,1800472,1800472,23955708,64865876,,,
1771414403.960,37,ga_gen0_cand2,1811160,1811160,24121072,62803116,,,
1771414404.239,27,ga_gen0_cand1,1801024,1801024,23955712,64865876,,,
1771414409.388,38,ga_gen0_cand2,1811692,1811692,24121076,62803116,,,
1771414409.505,28,ga_gen0_cand1,1801476,1801476,23955716,64865876,,,
1771414414.978,29,ga_gen0_cand1,1802184,1802184,23955724,64865876,,,
1771414415.026,39,ga_gen0_cand2,1812132,1812132,24121080,62803116,,,
1771414419.083,40,ga_gen0_cand2,1813188,1813188,24121088,62803116,,,
1771414422.059,41,ga_gen0_cand2,1813808,1813808,24121092,62803116,,,
1771414425.052,42,ga_gen0_cand2,1814288,1814288,24121096,62803116,,,
1771414430.274,43,ga_gen0_cand2,1814912,1814912,24121100,62803116,,,
1771414431.508,0,ga_gen0_cand2,1786844,1786844,24418944,63331532,,,
1771414435.410,44,ga_gen0_cand2,1815368,1815368,24121104,62803116,,,
1771414437.055,1,ga_gen0_cand2,1790040,1790040,24418956,63331532,,,
1771414440.694,45,ga_gen0_cand2,1815864,1815864,24121108,62803116,,,
1771414442.532,2,ga_gen0_cand2,1791848,1791848,24418964,63331532,,,
1771414446.120,46,ga_gen0_cand2,1816400,1816400,24121112,62803116,,,
1771414447.977,3,ga_gen0_cand2,1793008,1793008,24418976,63331532,,,
1771414451.859,47,ga_gen0_cand2,1816732,1816732,24121116,62803116,,,
1771414453.285,4,ga_gen0_cand2,1794268,1794268,24418984,63331532,,,
1771414457.487,48,ga_gen0_cand2,1817248,1817248,24121120,62803116,,,
1771414458.742,5,ga_gen0_cand2,1795572,1795572,24418992,63331532,,,
1771414463.024,49,ga_gen0_cand2,1817716,1817716,24121124,62803116,,,
1771414464.220,6,ga_gen0_cand2,1796504,1796504,24419004,63331532,,,
1771414468.621,50,ga_gen0_cand2,1818160,1818160,24121128,62803116,,,
1771414469.723,7,ga_gen0_cand2,1797348,1797348,24419012,63331532,,,
1771414474.043,51,ga_gen0_cand2,1818532,1818532,24121132,62803116,,,
1771414475.017,8,ga_gen0_cand2,1798460,1798460,24419020,63331532,,,
1771414479.722,52,ga_gen0_cand2,1818984,1818984,24121136,62803116,,,
1771414480.655,9,ga_gen0_cand2,1799220,1799220,24419032,63331532,,,
1771414485.064,53,ga_gen0_cand2,1819460,1819460,24121140,62803116,,,
1771414486.172,10,ga_gen0_cand2,1800388,1800388,24419040,63331532,,,
1771414490.596,54,ga_gen0_cand2,1819828,1819828,24121144,62803116,,,
1771414491.591,11,ga_gen0_cand2,1800952,1800952,24419048,63331532,,,
1771414495.948,55,ga_gen0_cand2,1820416,1820416,24121148,62803116,,,
1771414497.001,12,ga_gen0_cand2,1801540,1801540,24419060,63331532,,,
1771414501.308,56,ga_gen0_cand2,1820972,1820972,24121152,62803116,,,
1771414502.276,13,ga_gen0_cand2,1802176,1802176,24419068,63331532,,,
1771414506.895,57,ga_gen0_cand2,1821596,1821596,24121156,62803116,,,
1771414507.888,14,ga_gen0_cand2,1802632,1802632,24419076,63331532,,,
1771414512.530,58,ga_gen0_cand2,1822056,1822056,24121160,62803116,,,
1771414513.363,15,ga_gen0_cand2,1803520,1803520,24419088,63331532,,,
1771414516.123,59,ga_gen0_cand2,1822528,1822528,24121164,62803116,,,
1771414519.367,60,ga_gen0_cand2,1823172,1823172,24121172,62803116,,,
1771414523.363,61,ga_gen0_cand2,1823692,1823692,24121176,62803116,,,
1771414526.716,0,ga_gen0_cand3,1695408,1695408,22712860,59915580,,,
1771414528.431,62,ga_gen0_cand2,1824208,1824208,24121180,62803116,,,
1771414531.940,1,ga_gen0_cand3,1698384,1698384,22712872,59915580,,,
1771414533.710,63,ga_gen0_cand2,1824840,1824840,24121184,62803116,,,
1771414536.921,2,ga_gen0_cand3,1700856,1700856,22712880,59915580,,,
1771414539.182,64,ga_gen0_cand2,1825276,1825276,24121188,62803116,,,
1771414541.764,3,ga_gen0_cand3,1702440,1702440,22712888,59915580,,,
1771414544.543,65,ga_gen0_cand2,1825684,1825684,24121192,62803116,,,
1771414546.645,4,ga_gen0_cand3,1704156,1704156,22712900,59915580,,,
1771414550.292,66,ga_gen0_cand2,1826160,1826160,24121196,62803116,,,
1771414551.673,5,ga_gen0_cand3,1705800,1705800,22712912,59915580,,,
1771414555.805,67,ga_gen0_cand2,1826740,1826740,24121200,62803116,,,
1771414556.661,6,ga_gen0_cand3,1707052,1707052,22712924,59915580,,,
1771414561.320,68,ga_gen0_cand2,1827288,1827288,24121204,62803116,,,
1771414561.632,7,ga_gen0_cand3,1708076,1708076,22712936,59915580,,,
1771414566.796,8,ga_gen0_cand3,1708760,1708760,22712944,59915580,,,
1771414566.862,69,ga_gen0_cand2,1828048,1828048,24121208,62803116,,,
1771414571.847,9,ga_gen0_cand3,1709876,1709876,22712956,59915580,,,
1771414572.396,70,ga_gen0_cand2,1828604,1828604,24121212,62803116,,,
1771414576.932,10,ga_gen0_cand3,1711180,1711180,22712964,59915580,,,
1771414577.853,71,ga_gen0_cand2,1828932,1828932,24121216,62803116,,,
1771414582.133,11,ga_gen0_cand3,1711860,1711860,22712976,59915580,,,
1771414583.298,72,ga_gen0_cand2,1829544,1829544,24121220,62803116,,,
1771414587.128,12,ga_gen0_cand3,1712572,1712572,22712984,59915580,,,
1771414588.770,73,ga_gen0_cand2,1830144,1830144,24121224,62803116,,,
1771414592.374,13,ga_gen0_cand3,1713328,1713328,22712992,59915580,,,
1771414594.151,74,ga_gen0_cand2,1830596,1830596,24121228,62803116,,,
1771414597.472,14,ga_gen0_cand3,1714356,1714356,22713004,59915580,,,
1771414599.405,75,ga_gen0_cand2,1831080,1831080,24121232,62803116,,,
1771414602.468,15,ga_gen0_cand3,1714892,1714892,22713012,59915580,,,
1771414604.980,76,ga_gen0_cand2,1831540,1831540,24121236,62803116,,,
1771414607.582,16,ga_gen0_cand3,1715936,1715936,22713020,59915580,,,
1771414610.408,77,ga_gen0_cand2,1832236,1832236,24121240,62803116,,,
1771414612.671,17,ga_gen0_cand3,1716624,1716624,22713032,59915580,,,
1771414615.866,78,ga_gen0_cand2,1832664,1832664,24121244,62803116,,,
1771414617.950,18,ga_gen0_cand3,1717200,1717200,22713040,59915580,,,
1771414621.207,79,ga_gen0_cand2,1833124,1833124,24121248,62803116,,,
1771414622.938,19,ga_gen0_cand3,1717720,1717720,22713044,59915580,,,
1771414626.661,80,ga_gen0_cand2,1833712,1833712,24121256,62803116,,,
1771414627.394,20,ga_gen0_cand3,1718552,1718552,22713052,59915580,,,
1771414630.381,21,ga_gen0_cand3,1719328,1719328,22713056,59915580,,,
1771414633.029,22,ga_gen0_cand3,1720224,1720224,22713060,59915580,,,
1771414636.301,23,ga_gen0_cand3,1721004,1721004,22713068,59915580,,,
1771414638.985,0,ga_gen0_cand3,1691272,1691272,26833204,61773556,,,
1771414641.929,1,ga_gen0_cand3,1694368,1694368,26833216,61773556,,,
1771414645.485,2,ga_gen0_cand3,1696504,1696504,26833224,61773556,,,
1771414651.597,3,ga_gen0_cand3,1698304,1698304,26833236,61773556,,,
1771414652.769,0,ga_gen0_cand4,1752208,1752208,24689348,1081788596,,,
1771414657.338,4,ga_gen0_cand3,1699340,1699340,26833244,61773556,,,
1771414660.944,1,ga_gen0_cand4,1756216,1756216,24689360,1081788596,,,
1771414663.321,5,ga_gen0_cand3,1700948,1700948,26833252,61773556,,,
1771414669.130,2,ga_gen0_cand4,1758212,1758212,24689368,1081788596,,,
1771414669.271,6,ga_gen0_cand3,1702156,1702156,26833260,61773556,,,
1771414675.542,7,ga_gen0_cand3,1703428,1703428,26833272,61773556,,,
1771414677.355,3,ga_gen0_cand4,1760120,1760120,24689380,1081788596,,,
1771414681.515,8,ga_gen0_cand3,1704528,1704528,26833280,61773556,,,
1771414685.607,4,ga_gen0_cand4,1761868,1761868,24689392,1081788596,,,
1771414687.514,9,ga_gen0_cand3,1705336,1705336,26833288,61773556,,,
1771414693.526,10,ga_gen0_cand3,1706564,1706564,26833296,61773556,,,
1771414693.690,5,ga_gen0_cand4,1762996,1762996,24689400,1081788596,,,
1771414699.505,11,ga_gen0_cand3,1707140,1707140,26833304,61773556,,,
1771414701.928,6,ga_gen0_cand4,1764152,1764152,24689412,1081788596,,,
1771414705.657,12,ga_gen0_cand3,1708452,1708452,26833312,61773556,,,
1771414710.120,7,ga_gen0_cand4,1765272,1765272,24689420,1081788596,,,
1771414711.578,13,ga_gen0_cand3,1709724,1709724,26833320,61773556,,,
1771414717.748,14,ga_gen0_cand3,1710588,1710588,26833328,61773556,,,
1771414718.144,8,ga_gen0_cand4,1766424,1766424,24689428,1081788596,,,
1771414723.707,15,ga_gen0_cand3,1711184,1711184,26833340,61773556,,,
1771414726.536,9,ga_gen0_cand4,1767900,1767900,24686240,1081788596,,,
1771414729.723,16,ga_gen0_cand3,1712204,1712204,26833348,61773556,,,
1771414734.740,10,ga_gen0_cand4,1768936,1768936,24686248,1081788596,,,
1771414735.719,17,ga_gen0_cand3,1712796,1712796,26833356,61773556,,,
1771414741.989,18,ga_gen0_cand3,1713636,1713636,26833364,61773556,,,
1771414742.916,11,ga_gen0_cand4,1770016,1770016,24686256,1081788596,,,
1771414747.958,19,ga_gen0_cand3,1714200,1714200,26833368,61773556,,,
1771414751.111,12,ga_gen0_cand4,1771096,1771096,24686268,1081788596,,,
1771414754.108,20,ga_gen0_cand3,1715200,1715200,26833372,61773556,,,
1771414759.286,13,ga_gen0_cand4,1771936,1771936,24686276,1081788596,,,
1771414760.071,21,ga_gen0_cand3,1715736,1715736,26833376,61773556,,,
1771414766.249,22,ga_gen0_cand3,1716376,1716376,26833380,61773556,,,
1771414767.474,14,ga_gen0_cand4,1772656,1772656,24686284,1081788596,,,
1771414772.360,23,ga_gen0_cand3,1716892,1716892,26833384,61773556,,,
1771414775.683,15,ga_gen0_cand4,1773152,1773152,24686296,1081788596,,,
1771414778.575,24,ga_gen0_cand3,1717352,1717352,26833388,61773556,,,
1771414783.792,16,ga_gen0_cand4,1774232,1774232,24686304,1081788596,,,
1771414784.734,25,ga_gen0_cand3,1717940,1717940,26833392,61773556,,,
1771414791.110,26,ga_gen0_cand3,1718628,1718628,26833396,61773556,,,
1771414791.988,17,ga_gen0_cand4,1774956,1774956,24686312,1081788596,,,
1771414797.068,27,ga_gen0_cand3,1719380,1719380,26833400,61773556,,,
1771414800.325,18,ga_gen0_cand4,1775836,1775836,24686324,1081788596,,,
1771414801.791,28,ga_gen0_cand3,1720100,1720100,26833404,61773556,,,
1771414804.982,29,ga_gen0_cand3,1721356,1721356,26833408,61773556,,,
1771414808.017,30,ga_gen0_cand3,1721968,1721968,26833412,61773556,,,
1771414812.958,31,ga_gen0_cand3,1722532,1722532,26833416,61773556,,,
1771414814.928,0,ga_gen0_cand5,1792876,1792876,27329076,62536532,,,
1771414817.907,32,ga_gen0_cand3,1723168,1723168,26833420,61773556,,,
1771414820.469,1,ga_gen0_cand5,1797700,1797700,27329088,62788676,,,
1771414823.477,33,ga_gen0_cand3,1723624,1723624,26833424,61773556,,,
1771414826.044,2,ga_gen0_cand5,1801612,1801612,27329100,63453052,,,
1771414829.086,34,ga_gen0_cand3,1724148,1724148,26833432,61773556,,,
1771414831.665,3,ga_gen0_cand5,1802944,1802944,27329108,63453064,,,
1771414834.660,35,ga_gen0_cand3,1724720,1724720,26833436,61773556,,,
1771414837.379,4,ga_gen0_cand5,1804300,1804300,27329120,63453072,,,
1771414840.116,36,ga_gen0_cand3,1725332,1725332,26833440,61773556,,,
1771414843.006,5,ga_gen0_cand5,1806136,1806136,27329128,63453084,,,
1771414845.419,37,ga_gen0_cand3,1725976,1725976,26833444,61773556,,,
1771414848.820,6,ga_gen0_cand5,1807292,1807292,27329136,63453084,,,
1771414850.956,38,ga_gen0_cand3,1726576,1726576,26833448,61773556,,,
1771414854.483,7,ga_gen0_cand5,1808284,1808284,27329148,63453100,,,
1771414856.340,39,ga_gen0_cand3,1727112,1727112,26833452,61773556,,,
1771414859.944,8,ga_gen0_cand5,1809100,1809100,27329160,63453100,,,
1771414861.806,40,ga_gen0_cand3,1727652,1727652,26833456,61773556,,,
1771414865.551,9,ga_gen0_cand5,1809836,1809836,27325968,63453100,,,
1771414866.913,41,ga_gen0_cand3,1728212,1728212,26833460,61773556,,,
1771414871.310,10,ga_gen0_cand5,1810496,1810496,27325980,63453100,,,
1771414872.346,42,ga_gen0_cand3,1728864,1728864,26833464,61773556,,,
1771414876.978,11,ga_gen0_cand5,1811152,1811152,27325988,63453100,,,
1771414877.746,43,ga_gen0_cand3,1729376,1729376,26833468,61773556,,,
1771414882.431,12,ga_gen0_cand5,1811984,1811984,27325996,63453100,,,
1771414883.087,44,ga_gen0_cand3,1730016,1730016,26833472,61773556,,,
1771414888.120,13,ga_gen0_cand5,1813144,1813144,27326008,63453100,,,
1771414888.486,45,ga_gen0_cand3,1730556,1730556,26833476,61773556,,,
1771414893.724,14,ga_gen0_cand5,1814124,1814124,27326016,63453100,,,
1771414894.066,46,ga_gen0_cand3,1731056,1731056,26833480,61773556,,,
1771414899.226,15,ga_gen0_cand5,1814808,1814808,27326024,63453100,,,
1771414899.554,47,ga_gen0_cand3,1731652,1731652,26833484,61773556,,,
1771414904.728,16,ga_gen0_cand5,1815612,1815612,27326036,63453100,,,
1771414905.260,48,ga_gen0_cand3,1732108,1732108,26833488,61773556,,,
1771414910.430,17,ga_gen0_cand5,1816336,1816336,27326044,63453100,,,
1771414910.848,49,ga_gen0_cand3,1732720,1732720,26833492,61773556,,,
1771414916.056,18,ga_gen0_cand5,1816708,1816708,27326052,63453100,,,
1771414916.170,50,ga_gen0_cand3,1733204,1733204,26833496,61773556,,,
1771414921.640,19,ga_gen0_cand5,1817128,1817128,27326060,63453100,,,
1771414921.723,51,ga_gen0_cand3,1734000,1734000,26833500,61773556,,,
1771414927.379,52,ga_gen0_cand3,1734408,1734408,26833504,61773556,,,
1771414927.402,20,ga_gen0_cand5,1817608,1817608,27326064,63453100,,,
1771414933.039,21,ga_gen0_cand5,1818280,1818280,27326068,63453100,,,
1771414933.048,53,ga_gen0_cand3,1735016,1735016,26833508,61773556,,,
1771414938.537,54,ga_gen0_cand3,1735544,1735544,26833516,61773556,,,
1771414938.660,22,ga_gen0_cand5,1818928,1818928,27326076,63453100,,,
1771414941.907,55,ga_gen0_cand3,1736204,1736204,26833520,61773556,,,
1771414944.803,56,ga_gen0_cand3,1736812,1736812,26833524,61773556,,,
1771414948.711,57,ga_gen0_cand3,1737364,1737364,26833528,61773556,,,
1771414952.408,0,ga_gen0_cand6,1696352,1696352,27191968,64305152,,,
1771414953.939,58,ga_gen0_cand3,1737856,1737856,26833532,61773556,,,
1771414957.775,1,ga_gen0_cand6,1700204,1700204,27191980,64305152,,,
1771414959.407,59,ga_gen0_cand3,1738428,1738428,26833536,61773556,,,
1771414963.172,2,ga_gen0_cand6,1701884,1701884,27191988,64305152,,,
1771414964.907,60,ga_gen0_cand3,1738988,1738988,26833540,61773556,,,
1771414968.779,3,ga_gen0_cand6,1703548,1703548,27192000,64305152,,,
1771414970.440,61,ga_gen0_cand3,1739492,1739492,26833544,61773556,,,
1771414974.235,4,ga_gen0_cand6,1705932,1705932,27192008,64305152,,,
1771414975.737,62,ga_gen0_cand3,1740048,1740048,26833548,61773556,,,
1771414979.767,5,ga_gen0_cand6,1707452,1707452,27192016,64305152,,,
1771414981.369,63,ga_gen0_cand3,1740412,1740412,26833552,61773556,,,
1771414985.370,6,ga_gen0_cand6,1708812,1708812,27192028,64305152,,,
1771414986.655,64,ga_gen0_cand3,1741120,1741120,26833556,61773556,,,
1771414990.978,7,ga_gen0_cand6,1709692,1709692,27192036,64305152,,,
1771414992.069,65,ga_gen0_cand3,1741756,1741756,26833560,61773556,,,
1771414996.445,8,ga_gen0_cand6,1710424,1710424,27192048,64305152,,,
1771414997.483,66,ga_gen0_cand3,1742416,1742416,26833564,61773556,,,
1771415002.047,9,ga_gen0_cand6,1711728,1711728,27192060,64305152,,,
1771415002.989,67,ga_gen0_cand3,1742948,1742948,26833568,61773556,,,
1771415007.603,10,ga_gen0_cand6,1712368,1712368,27192072,64305152,,,
1771415008.490,68,ga_gen0_cand3,1743352,1743352,26833572,61773556,,,
1771415013.066,11,ga_gen0_cand6,1713032,1713032,27192080,64305152,,,
1771415013.789,69,ga_gen0_cand3,1743820,1743820,26833576,61773556,,,
1771415018.487,12,ga_gen0_cand6,1714108,1714108,27192092,64305152,,,
1771415019.029,70,ga_gen0_cand3,1744412,1744412,26833580,61773556,,,
1771415023.931,13,ga_gen0_cand6,1715056,1715056,27192100,64305152,,,
1771415024.342,71,ga_gen0_cand3,1745076,1745076,26833584,61773556,,,
1771415029.381,14,ga_gen0_cand6,1716100,1716100,27192108,64305152,,,
1771415029.784,72,ga_gen0_cand3,1745632,1745632,26833588,61773556,,,
1771415034.572,15,ga_gen0_cand6,1717176,1717176,27192120,64305152,,,
1771415035.213,73,ga_gen0_cand3,1746136,1746136,26833592,61773556,,,
1771415040.019,16,ga_gen0_cand6,1717964,1717964,27192128,64305152,,,
1771415040.674,74,ga_gen0_cand3,1746840,1746840,26833600,61773556,,,
1771415045.601,17,ga_gen0_cand6,1718776,1718776,27192136,64305152,,,
1771415046.037,75,ga_gen0_cand3,1747332,1747332,26833604,61773556,,,
1771415051.338,18,ga_gen0_cand6,1719740,1719740,27192148,64305152,,,
1771415051.425,76,ga_gen0_cand3,1747968,1747968,26833608,61773556,,,
1771415056.676,19,ga_gen0_cand6,1720540,1720540,27192152,64305152,,,
1771415056.755,77,ga_gen0_cand3,1748444,1748444,26833612,61773556,,,
1771415062.233,20,ga_gen0_cand6,1721256,1721256,27192156,64305152,,,
1771415062.245,78,ga_gen0_cand3,1748944,1748944,26833616,61773556,,,
1771415067.693,79,ga_gen0_cand3,1749436,1749436,26833620,61773556,,,
1771415067.730,21,ga_gen0_cand6,1721952,1721952,27192164,64305152,,,
1771415073.287,80,ga_gen0_cand3,1749940,1749940,26833624,61773556,,,
1771415073.320,22,ga_gen0_cand6,1722588,1722588,27192168,64305152,,,
1771415078.798,81,ga_gen0_cand3,1750392,1750392,26833628,61773556,,,
1771415078.951,23,ga_gen0_cand6,1723124,1723124,27192172,64305152,,,
1771415084.372,82,ga_gen0_cand3,1750892,1750892,26833632,61773556,,,
1771415084.478,24,ga_gen0_cand6,1723572,1723572,27192180,64305152,,,
1771415088.430,83,ga_gen0_cand3,1751528,1751528,26833636,61773556,,,
1771415091.597,84,ga_gen0_cand3,1752040,1752040,26833640,61773556,,,
1771415094.499,85,ga_gen0_cand3,1752692,1752692,26833644,61773556,,,
1771415099.587,86,ga_gen0_cand3,1753256,1753256,26833648,61773556,,,
1771415100.269,0,ga_gen0_cand7,1711548,1711548,23507488,60296160,,,
1771415104.971,87,ga_gen0_cand3,1753628,1753628,26833652,61773556,,,
1771415105.612,1,ga_gen0_cand7,1716204,1716204,23507500,60296160,,,
1771415110.356,88,ga_gen0_cand3,1754264,1754264,26833656,61773556,,,
1771415110.865,2,ga_gen0_cand7,1718516,1718516,23507512,60296160,,,
1771415115.607,89,ga_gen0_cand3,1754824,1754824,26833660,61773556,,,
1771415116.072,3,ga_gen0_cand7,1719940,1719940,23507524,60296160,,,
1771415121.001,90,ga_gen0_cand3,1755304,1755304,26833664,61773556,,,
1771415121.318,4,ga_gen0_cand7,1721272,1721272,23507532,60296160,,,
1771415126.568,91,ga_gen0_cand3,1755832,1755832,26833668,61773556,,,
1771415126.695,5,ga_gen0_cand7,1722492,1722492,23507540,60296160,,,
1771415131.995,92,ga_gen0_cand3,1756308,1756308,26833672,61773556,,,
1771415132.086,6,ga_gen0_cand7,1724200,1724200,23507552,60296160,,,
1771415137.175,93,ga_gen0_cand3,1756880,1756880,26833676,61773556,,,
1771415137.282,7,ga_gen0_cand7,1725296,1725296,23507564,60296160,,,
1771415142.698,94,ga_gen0_cand3,1757484,1757484,26833684,61773556,,,
1771415142.729,8,ga_gen0_cand7,1726460,1726460,23507576,60296160,,,
1771415145.868,9,ga_gen0_cand7,1727624,1727624,23507588,60296160,,,
1771415148.643,10,ga_gen0_cand7,1728476,1728476,23507596,60296160,,,
1771415151.723,11,ga_gen0_cand7,1729460,1729460,23507608,60296160,,,
1771415156.466,0,ga_gen0_cand4,1679460,1679460,25541884,60729340,,,
1771415156.667,12,ga_gen0_cand7,1730420,1730420,23507616,60296160,,,
1771415161.762,1,ga_gen0_cand4,1684048,1684048,25541896,60729340,,,
1771415162.202,13,ga_gen0_cand7,1731440,1731440,23507628,60296160,,,
1771415166.991,2,ga_gen0_cand4,1685944,1685944,25541908,60729340,,,
1771415167.400,14,ga_gen0_cand7,1732308,1732308,23507636,60296160,,,
1771415172.326,3,ga_gen0_cand4,1687440,1687440,25541916,60729340,,,
1771415172.805,15,ga_gen0_cand7,1733612,1733612,23507648,60296160,,,
1771415177.690,4,ga_gen0_cand4,1689356,1689356,25541924,60729340,,,
1771415178.281,16,ga_gen0_cand7,1734228,1734228,23507656,60296160,,,
1771415182.851,5,ga_gen0_cand4,1690932,1690932,25541932,60729340,,,
1771415183.546,17,ga_gen0_cand7,1735024,1735024,23507668,60296160,,,
1771415187.956,6,ga_gen0_cand4,1692596,1692596,25541940,60729340,,,
1771415188.808,18,ga_gen0_cand7,1735744,1735744,23507676,60296160,,,
1771415193.333,7,ga_gen0_cand4,1693780,1693780,25541948,60729340,,,
1771415194.120,19,ga_gen0_cand7,1736480,1736480,23507680,60296160,,,
1771415198.503,8,ga_gen0_cand4,1695088,1695088,25541956,60729340,,,
1771415199.525,20,ga_gen0_cand7,1737012,1737012,23507688,60296160,,,
1771415203.822,9,ga_gen0_cand4,1695860,1695860,25541964,60729340,,,
1771415204.915,21,ga_gen0_cand7,1737580,1737580,23507692,60296160,,,
1771415209.181,10,ga_gen0_cand4,1696880,1696880,25541972,60729340,,,
1771415210.110,22,ga_gen0_cand7,1738292,1738292,23507696,60296160,,,
1771415214.612,11,ga_gen0_cand4,1697832,1697832,25541984,65938784,,,
1771415215.355,23,ga_gen0_cand7,1739128,1739128,23507704,60296160,,,
1771415219.882,12,ga_gen0_cand4,1698504,1698504,25541992,65938784,,,
1771415220.974,24,ga_gen0_cand7,1739728,1739728,23507708,60296160,,,
1771415225.121,13,ga_gen0_cand4,1698828,1698828,25542000,65938784,,,
1771415226.330,25,ga_gen0_cand7,1740188,1740188,23507712,60296160,,,
1771415230.566,14,ga_gen0_cand4,1700028,1700028,25542008,65938784,,,
1771415231.471,26,ga_gen0_cand7,1740664,1740664,23507720,60296160,,,
1771415235.835,15,ga_gen0_cand4,1700460,1700460,25542020,65938784,,,
1771415236.847,27,ga_gen0_cand7,1741276,1741276,23507724,60296160,,,
1771415241.143,16,ga_gen0_cand4,1701260,1701260,25542032,65938784,,,
1771415242.026,28,ga_gen0_cand7,1742052,1742052,23507728,60296160,,,
1771415246.384,17,ga_gen0_cand4,1702024,1702024,25542044,65938784,,,
1771415247.435,29,ga_gen0_cand7,1742684,1742684,23507736,60296160,,,
1771415250.534,18,ga_gen0_cand4,1702724,1702724,25542052,65938784,,,
1771415253.888,19,ga_gen0_cand4,1703720,1703720,25542056,65938784,,,
1771415256.635,20,ga_gen0_cand4,1704180,1704180,25542060,65938784,,,
1771415261.348,21,ga_gen0_cand4,1704920,1704920,25542064,65938784,,,
1771415263.311,0,ga_gen0_cand8,1713004,1713004,29181136,70327384,,,
1771415266.525,22,ga_gen0_cand4,1705392,1705392,25542068,65938784,,,
1771415268.863,1,ga_gen0_cand8,1719080,1719080,29181148,74088376,,,
1771415272.056,23,ga_gen0_cand4,1706460,1706460,25542072,65938784,,,
1771415274.623,2,ga_gen0_cand8,1721112,1721112,29181156,74088388,,,
1771415277.573,24,ga_gen0_cand4,1706984,1706984,25542076,65938784,,,
1771415280.218,3,ga_gen0_cand8,1722768,1722768,29181168,74088396,,,
1771415282.862,25,ga_gen0_cand4,1707724,1707724,25542080,65938784,,,
1771415285.625,4,ga_gen0_cand8,1724900,1724900,29181176,74088408,,,
1771415288.229,26,ga_gen0_cand4,1708160,1708160,25542084,65938784,,,
1771415291.212,5,ga_gen0_cand8,1726556,1726556,29181184,74088416,,,
1771415293.527,27,ga_gen0_cand4,1708712,1708712,25542088,65938784,,,
1771415296.762,6,ga_gen0_cand8,1727900,1727900,29181196,74088424,,,
1771415299.013,28,ga_gen0_cand4,1709252,1709252,25542096,65938784,,,
1771415302.365,7,ga_gen0_cand8,1729204,1729204,29181204,74088436,,,
1771415304.283,29,ga_gen0_cand4,1709868,1709868,25542100,65938784,,,
1771415307.885,8,ga_gen0_cand8,1730272,1730272,29181212,74088444,,,
1771415309.745,30,ga_gen0_cand4,1710312,1710312,25542104,65938784,,,
1771415313.585,9,ga_gen0_cand8,1731408,1731408,29181224,74088452,,,
1771415315.045,31,ga_gen0_cand4,1710836,1710836,25542108,65938784,,,
1771415319.083,10,ga_gen0_cand8,1732620,1732620,29181232,74088464,,,
1771415320.546,32,ga_gen0_cand4,1711372,1711372,25542112,65938784,,,
1771415324.562,11,ga_gen0_cand8,1733708,1733708,29181240,74088472,,,
1771415325.850,33,ga_gen0_cand4,1712244,1712244,25542116,65938784,,,
1771415330.105,12,ga_gen0_cand8,1734512,1734512,29181252,74088480,,,
1771415331.582,34,ga_gen0_cand4,1712824,1712824,25542120,65938784,,,
1771415335.704,13,ga_gen0_cand8,1735044,1735044,29181260,74088492,,,
1771415337.082,35,ga_gen0_cand4,1713536,1713536,25542124,65938784,,,
1771415341.386,14,ga_gen0_cand8,1736076,1736076,29181268,74088500,,,
1771415342.451,36,ga_gen0_cand4,1714160,1714160,25542128,65938784,,,
1771415346.909,15,ga_gen0_cand8,1736972,1736972,29181280,74088508,,,
1771415347.503,37,ga_gen0_cand4,1714932,1714932,25542132,65938784,,,
1771415350.641,38,ga_gen0_cand4,1715544,1715544,25542136,65938784,,,
1771415353.536,39,ga_gen0_cand4,1716200,1716200,25542140,65938784,,,
1771415357.547,40,ga_gen0_cand4,1716856,1716856,25542144,65938784,,,
1771415363.293,41,ga_gen0_cand4,1717424,1717424,25542148,65938784,,,
1771415363.981,0,ga_gen0_cand9,1818232,1818232,24924948,1103326112,,,
1771415368.961,42,ga_gen0_cand4,1717752,1717752,25542152,65938784,,,
1771415372.040,1,ga_gen0_cand9,1821444,1821444,24924960,1103326112,,,
1771415374.922,43,ga_gen0_cand4,1718328,1718328,25542156,65938784,,,
1771415380.290,2,ga_gen0_cand9,1823808,1823808,24924968,1103326112,,,
1771415380.985,44,ga_gen0_cand4,1718996,1718996,25542160,65938784,,,
1771415387.230,45,ga_gen0_cand4,1719532,1719532,25542164,65938784,,,
1771415388.498,3,ga_gen0_cand9,1824944,1824944,24924980,1103326112,,,
1771415393.361,46,ga_gen0_cand4,1720172,1720172,25542168,65938784,,,
1771415396.895,4,ga_gen0_cand9,1827296,1827296,24924988,1103326112,,,
1771415399.418,47,ga_gen0_cand4,1720564,1720564,25542176,65938784,,,
1771415404.987,5,ga_gen0_cand9,1829008,1829008,24924996,1103326112,,,
1771415405.392,48,ga_gen0_cand4,1721112,1721112,25542180,65938984,,,
1771415411.487,49,ga_gen0_cand4,1721760,1721760,25542184,65938984,,,
1771415413.100,6,ga_gen0_cand9,1830044,1830044,24925008,1103326112,,,
1771415417.696,50,ga_gen0_cand4,1722348,1722348,25542188,65938984,,,
1771415421.084,7,ga_gen0_cand9,1830980,1830980,24925016,1103326112,,,
1771415423.852,51,ga_gen0_cand4,1722732,1722732,25542192,67050992,,,
1771415429.209,8,ga_gen0_cand9,1831900,1831900,24925024,1103326112,,,
1771415429.931,52,ga_gen0_cand4,1723368,1723368,25542196,67050992,,,
1771415436.124,53,ga_gen0_cand4,1723896,1723896,25542200,67050992,,,
1771415437.335,9,ga_gen0_cand9,1832756,1832756,24925036,1103326112,,,
1771415442.203,54,ga_gen0_cand4,1724324,1724324,25542204,67050992,,,
1771415445.478,10,ga_gen0_cand9,1833748,1833748,24925044,1103326112,,,
1771415448.166,55,ga_gen0_cand4,1724864,1724864,25542208,67050992,,,
1771415453.616,11,ga_gen0_cand9,1834224,1834224,24925052,1103326112,,,
1771415454.153,56,ga_gen0_cand4,1725508,1725508,25542212,67050992,,,
1771415460.351,57,ga_gen0_cand4,1725872,1725872,25542216,67050992,,,
1771415461.912,12,ga_gen0_cand9,1835284,1835284,24925064,1103326112,,,
1771415466.211,58,ga_gen0_cand4,1726524,1726524,25542220,67050992,,,
1771415470.179,13,ga_gen0_cand9,1835940,1835940,24925072,1103326112,,,
1771415472.155,59,ga_gen0_cand4,1727020,1727020,25542224,67050992,,,
1771415478.197,60,ga_gen0_cand4,1727752,1727752,25542228,67050992,,,
1771415478.266,14,ga_gen0_cand9,1836360,1836360,24925080,1103326112,,,
1771415484.252,61,ga_gen0_cand4,1728308,1728308,25542232,67050992,,,
1771415486.405,15,ga_gen0_cand9,1836928,1836928,24925092,1103326112,,,
1771415488.425,62,ga_gen0_cand4,1729000,1729000,25542236,67050992,,,
1771415491.250,63,ga_gen0_cand4,1729612,1729612,25542240,67050992,,,
1771415494.006,64,ga_gen0_cand4,1730240,1730240,25542244,67050992,,,
1771415498.771,65,ga_gen0_cand4,1730688,1730688,25542248,67050992,,,
1771415500.938,0,ga_gen0_cand10,1806200,1806200,24025052,67820892,,,
1771415503.657,66,ga_gen0_cand4,1731140,1731140,25542252,67050992,,,
1771415506.644,1,ga_gen0_cand10,1808868,1808868,24025064,67820892,,,
1771415509.009,67,ga_gen0_cand4,1731644,1731644,25542260,67050992,,,
1771415512.201,2,ga_gen0_cand10,1811036,1811036,24025076,67820892,,,
1771415514.189,68,ga_gen0_cand4,1732112,1732112,25542264,67050992,,,
1771415517.658,3,ga_gen0_cand10,1812188,1812188,24025084,67820892,,,
1771415519.500,69,ga_gen0_cand4,1732680,1732680,25542268,67050992,,,
1771415523.147,4,ga_gen0_cand10,1813672,1813672,24025096,67820892,,,
1771415524.954,70,ga_gen0_cand4,1733108,1733108,25542272,67050992,,,
1771415528.631,5,ga_gen0_cand10,1815916,1815916,24025104,67820892,,,
1771415530.390,71,ga_gen0_cand4,1733644,1733644,25542276,67050992,,,
1771415534.167,6,ga_gen0_cand10,1817352,1817352,24025112,67820892,,,
1771415535.648,72,ga_gen0_cand4,1734108,1734108,25542280,67050992,,,
1771415539.738,7,ga_gen0_cand10,1818176,1818176,24025124,67820892,,,
1771415540.852,73,ga_gen0_cand4,1734636,1734636,25542284,67050992,,,
1771415545.279,8,ga_gen0_cand10,1819428,1819428,24025132,67820892,,,
1771415546.161,74,ga_gen0_cand4,1735256,1735256,25542288,67050992,,,
1771415550.677,9,ga_gen0_cand10,1820212,1820212,24025140,67820892,,,
1771415551.278,75,ga_gen0_cand4,1735788,1735788,25542292,67050992,,,
1771415556.169,10,ga_gen0_cand10,1821208,1821208,24025152,67820892,,,
1771415556.484,76,ga_gen0_cand4,1736452,1736452,25542296,67050992,,,
1771415561.752,11,ga_gen0_cand10,1821668,1821668,24025160,67820892,,,
1771415561.770,77,ga_gen0_cand4,1736836,1736836,25542300,67050992,,,
1771415566.894,78,ga_gen0_cand4,1737344,1737344,25542304,67050992,,,
1771415566.961,12,ga_gen0_cand10,1822316,1822316,24025168,67820892,,,
1771415572.160,79,ga_gen0_cand4,1737964,1737964,25542308,67050992,,,
1771415572.506,13,ga_gen0_cand10,1823156,1823156,24025180,67820892,,,
1771415577.452,80,ga_gen0_cand4,1738528,1738528,25542312,67050992,,,
1771415578.073,14,ga_gen0_cand10,1823984,1823984,24025188,67820892,,,
1771415582.673,81,ga_gen0_cand4,1738980,1738980,25542316,67050992,,,
1771415583.578,15,ga_gen0_cand10,1824684,1824684,24025196,67820892,,,
1771415588.051,82,ga_gen0_cand4,1739592,1739592,25542320,67050992,,,
1771415589.132,16,ga_gen0_cand10,1825436,1825436,24025208,67820892,,,
1771415591.493,83,ga_gen0_cand4,1740244,1740244,25542324,67050992,,,
1771415594.427,84,ga_gen0_cand4,1740840,1740840,25542328,67050992,,,
1771415597.251,85,ga_gen0_cand4,1741324,1741324,25542332,67050992,,,
1771415602.524,86,ga_gen0_cand4,1741848,1741848,25542336,67050992,,,
1771415603.041,0,ga_gen0_cand1,1699096,1699096,23773056,60653836,,,
1771415607.897,87,ga_gen0_cand4,1742244,1742244,25542344,67050992,,,
1771415608.358,1,ga_gen0_cand1,1702608,1702608,23773068,60653836,,,
1771415613.209,88,ga_gen0_cand4,1743008,1743008,25542348,67050992,,,
1771415613.581,2,ga_gen0_cand1,1704500,1704500,23773080,60653836,,,
1771415618.563,89,ga_gen0_cand4,1743444,1743444,25542352,67050992,,,
1771415618.916,3,ga_gen0_cand1,1706308,1706308,23773092,60653836,,,
1771415623.774,90,ga_gen0_cand4,1743912,1743912,25542356,67050992,,,
1771415624.128,4,ga_gen0_cand1,1707972,1707972,23773100,60653836,,,
1771415629.020,91,ga_gen0_cand4,1744492,1744492,25542360,67050992,,,
1771415629.182,5,ga_gen0_cand1,1709772,1709772,23773108,60653836,,,
1771415634.404,92,ga_gen0_cand4,1744944,1744944,25542364,67050992,,,
1771415634.515,6,ga_gen0_cand1,1711016,1711016,23773120,60653836,,,
1771415639.760,93,ga_gen0_cand4,1745544,1745544,25542368,67050992,,,
1771415639.876,7,ga_gen0_cand1,1711972,1711972,23773132,60653836,,,
1771415645.070,94,ga_gen0_cand4,1745976,1745976,25542372,67050992,,,
1771415645.134,8,ga_gen0_cand1,1712788,1712788,23773140,60653836,,,
1771415650.436,95,ga_gen0_cand4,1746372,1746372,25542376,67050992,,,
1771415650.506,9,ga_gen0_cand1,1714088,1714088,23773152,60653836,,,
1771415655.863,96,ga_gen0_cand4,1746736,1746736,25542380,67050992,,,
1771415656.020,10,ga_gen0_cand1,1714916,1714916,23773160,60653836,,,
1771415661.352,97,ga_gen0_cand4,1747208,1747208,25542384,67050992,,,
1771415661.421,11,ga_gen0_cand1,1715920,1715920,23773168,60653836,,,
1771415666.559,98,ga_gen0_cand4,1747804,1747804,25542388,67050992,,,
1771415666.673,12,ga_gen0_cand1,1716620,1716620,23773180,60653836,,,
1771415671.942,99,ga_gen0_cand4,1748320,1748320,25542392,67050992,,,
1771415672.014,13,ga_gen0_cand1,1717648,1717648,23773188,60653836,,,
1771415677.605,14,ga_gen0_cand1,1718300,1718300,23773196,60653836,,,
1771415677.614,100,ga_gen0_cand4,1748924,1748924,25542396,67050992,,,
1771415682.965,15,ga_gen0_cand1,1718988,1718988,23773208,60653836,,,
1771415682.993,101,ga_gen0_cand4,1749428,1749428,25542400,67050992,,,
1771415688.123,16,ga_gen0_cand1,1719796,1719796,23773216,60653836,,,
1771415688.413,102,ga_gen0_cand4,1749960,1749960,25542404,67050992,,,
1771415693.653,17,ga_gen0_cand1,1720440,1720440,23773224,60653836,,,
1771415693.770,103,ga_gen0_cand4,1750600,1750600,25542408,67050992,,,
1771415698.932,18,ga_gen0_cand1,1721140,1721140,23773236,60653836,,,
1771415699.148,104,ga_gen0_cand4,1751168,1751168,25542412,67050992,,,
1771415704.342,19,ga_gen0_cand1,1721980,1721980,23773240,60653836,,,
1771415704.441,105,ga_gen0_cand4,1751744,1751744,25542416,67050992,,,
1771415709.697,20,ga_gen0_cand1,1722488,1722488,23773244,60653836,,,
1771415709.786,106,ga_gen0_cand4,1752440,1752440,25542420,67050992,,,
1771415714.928,21,ga_gen0_cand1,1723432,1723432,23773252,60653836,,,
1771415715.080,107,ga_gen0_cand4,1752944,1752944,25542428,67050992,,,
1771415728.603,0,ga_gen0_cand2,1770252,1770252,23730824,64607108,,,
1771415729.029,0,ga_gen0_cand5,1767240,1767240,27032336,73807448,,,
1771415734.177,1,ga_gen0_cand2,1774008,1774008,23730836,64607108,,,
1771415734.433,1,ga_gen0_cand5,1771204,1771204,27032348,73807448,,,
1771415739.613,2,ga_gen0_cand2,1776088,1776088,23730848,64607108,,,
1771415739.863,2,ga_gen0_cand5,1773672,1773672,27032356,73807448,,,
1771415745.170,3,ga_gen0_cand2,1777164,1777164,23730856,64607108,,,
1771415745.434,3,ga_gen0_cand5,1774880,1774880,27032368,73807448,,,
1771415750.482,4,ga_gen0_cand2,1778640,1778640,23730864,64607108,,,
1771415750.922,4,ga_gen0_cand5,1776052,1776052,27032376,73807448,,,
1771415755.916,5,ga_gen0_cand2,1780060,1780060,23730876,64607108,,,
1771415756.567,5,ga_gen0_cand5,1777844,1777844,27032384,73807448,,,
1771415761.296,6,ga_gen0_cand2,1781960,1781960,23730884,64607108,,,
1771415761.772,6,ga_gen0_cand5,1779472,1779472,27032392,73807448,,,
1771415766.725,7,ga_gen0_cand2,1782720,1782720,23730896,64607108,,,
1771415767.517,7,ga_gen0_cand5,1780120,1780120,27032400,73807448,,,
1771415772.236,8,ga_gen0_cand2,1784136,1784136,23730908,64607108,,,
1771415773.126,8,ga_gen0_cand5,1781472,1781472,27032408,73807448,,,
1771415777.846,9,ga_gen0_cand2,1784940,1784940,23727716,64607108,,,
1771415778.552,9,ga_gen0_cand5,1782776,1782776,27029216,73807448,,,
1771415783.017,10,ga_gen0_cand2,1786312,1786312,23727728,64607108,,,
1771415783.921,10,ga_gen0_cand5,1783348,1783348,27029224,73807448,,,
1771415788.462,11,ga_gen0_cand2,1787148,1787148,23727736,64607108,,,
1771415789.249,11,ga_gen0_cand5,1784356,1784356,27029232,73807448,,,
1771415793.862,12,ga_gen0_cand2,1787924,1787924,23727744,64607108,,,
1771415794.731,12,ga_gen0_cand5,1785208,1785208,27029240,73807448,,,
1771415799.227,13,ga_gen0_cand2,1788964,1788964,23727756,64607108,,,
1771415800.070,13,ga_gen0_cand5,1785868,1785868,27029248,73807448,,,
1771415804.571,14,ga_gen0_cand2,1789612,1789612,23727768,64607108,,,
1771415805.444,14,ga_gen0_cand5,1786648,1786648,27029256,73807448,,,
1771415810.085,15,ga_gen0_cand2,1790508,1790508,23727780,64607108,,,
1771415810.913,15,ga_gen0_cand5,1787216,1787216,27029264,73807448,,,
1771415815.233,16,ga_gen0_cand2,1791400,1791400,23727788,64607108,,,
1771415816.324,16,ga_gen0_cand5,1787896,1787896,27029272,73807448,,,
1771415820.639,17,ga_gen0_cand2,1792000,1792000,23727800,64607108,,,
1771415821.576,17,ga_gen0_cand5,1789164,1789164,27029280,73807448,,,
1771415826.099,18,ga_gen0_cand2,1792600,1792600,23727808,64607108,,,
1771415826.886,18,ga_gen0_cand5,1789720,1789720,27029288,73807448,,,
1771415831.736,19,ga_gen0_cand2,1793068,1793068,23727812,64607108,,,
1771415832.405,19,ga_gen0_cand5,1790428,1790428,27029292,73807448,,,
1771415837.380,20,ga_gen0_cand2,1793592,1793592,23727820,64607108,,,
1771415837.888,20,ga_gen0_cand5,1791292,1791292,27029296,73807448,,,
1771415842.894,21,ga_gen0_cand2,1794336,1794336,23727824,64607108,,,
1771415843.497,21,ga_gen0_cand5,1791872,1791872,27029300,73807448,,,
1771415848.247,22,ga_gen0_cand2,1794856,1794856,23727828,64607108,,,
1771415848.950,22,ga_gen0_cand5,1792480,1792480,27029308,73807448,,,
1771415853.831,23,ga_gen0_cand2,1795564,1795564,23727836,64607108,,,
1771415854.473,23,ga_gen0_cand5,1793168,1793168,27029312,73807448,,,
1771415859.287,24,ga_gen0_cand2,1796280,1796280,23727840,64607108,,,
1771415859.948,24,ga_gen0_cand5,1793844,1793844,27029316,73807448,,,
1771415864.888,25,ga_gen0_cand2,1796888,1796888,23727844,64607108,,,
1771415865.490,25,ga_gen0_cand5,1794192,1794192,27029320,73807448,,,
1771415870.373,26,ga_gen0_cand2,1797524,1797524,23727852,64607108,,,
1771415871.019,26,ga_gen0_cand5,1794784,1794784,27029324,73807448,,,
1771415875.977,27,ga_gen0_cand2,1798012,1798012,23727856,64607108,,,
1771415876.512,27,ga_gen0_cand5,1795448,1795448,27029328,73807448,,,
1771415881.454,28,ga_gen0_cand2,1798788,1798788,23727860,64607108,,,
1771415881.963,28,ga_gen0_cand5,1796040,1796040,27029332,73807448,,,
1771415887.142,29,ga_gen0_cand2,1799080,1799080,23727868,64607108,,,
1771415887.304,29,ga_gen0_cand5,1796640,1796640,27029336,73807448,,,
1771415890.629,30,ga_gen0_cand5,1797456,1797456,27029340,73807448,,,
1771415893.671,31,ga_gen0_cand5,1797964,1797964,27029344,73807448,,,
1771415897.973,32,ga_gen0_cand5,1798568,1798568,27029348,73807448,,,
1771415900.964,0,ga_gen0_cand3,1703788,1703788,23632604,60243872,,,
1771415903.104,33,ga_gen0_cand5,1799148,1799148,27029352,73807448,,,
1771415906.147,1,ga_gen0_cand3,1706476,1706476,23632616,60243872,,,
1771415908.445,34,ga_gen0_cand5,1799664,1799664,27029356,73807448,,,
1771415911.332,2,ga_gen0_cand3,1708204,1708204,23632628,60243872,,,
1771415914.064,35,ga_gen0_cand5,1800156,1800156,27029360,73807448,,,
1771415916.739,3,ga_gen0_cand3,1709436,1709436,23632640,60243872,,,
1771415919.562,36,ga_gen0_cand5,1800812,1800812,27029364,73807448,,,
1771415922.105,4,ga_gen0_cand3,1710776,1710776,23632652,60243872,,,
1771415925.211,37,ga_gen0_cand5,1801392,1801392,27029368,73807448,,,
1771415927.497,5,ga_gen0_cand3,1713024,1713024,23632664,60243872,,,
1771415930.649,38,ga_gen0_cand5,1801904,1801904,27029372,73807448,,,
1771415932.610,6,ga_gen0_cand3,1714284,1714284,23632676,60243872,,,
1771415936.206,39,ga_gen0_cand5,1802420,1802420,27029376,73807448,,,
1771415937.933,7,ga_gen0_cand3,1715292,1715292,23632684,60243872,,,
1771415941.914,40,ga_gen0_cand5,1802996,1802996,27029380,73807448,,,
1771415943.187,8,ga_gen0_cand3,1716320,1716320,23632696,60243872,,,
1771415947.674,41,ga_gen0_cand5,1803516,1803516,27029384,73807448,,,
1771415948.414,9,ga_gen0_cand3,1717700,1717700,23632704,60243872,,,
1771415953.275,42,ga_gen0_cand5,1804092,1804092,27029392,76138144,,,
1771415953.637,10,ga_gen0_cand3,1718828,1718828,23632712,60243872,,,
1771415958.814,43,ga_gen0_cand5,1804756,1804756,27029396,76138144,,,
1771415958.931,11,ga_gen0_cand3,1720072,1720072,23632724,60243872,,,
1771415964.371,44,ga_gen0_cand5,1805384,1805384,27029400,76138144,,,
1771415964.418,12,ga_gen0_cand3,1721172,1721172,23632732,60243872,,,
1771415969.976,13,ga_gen0_cand3,1721740,1721740,23632740,60243872,,,
1771415969.984,45,ga_gen0_cand5,1806040,1806040,27029404,76138144,,,
1771415975.527,14,ga_gen0_cand3,1722432,1722432,23632752,60243872,,,
1771415975.558,46,ga_gen0_cand5,1806596,1806596,27029408,76138144,,,
1771415980.963,15,ga_gen0_cand3,1723384,1723384,23632760,60243872,,,
1771415981.079,47,ga_gen0_cand5,1807160,1807160,27029412,76138144,,,
1771415986.384,16,ga_gen0_cand3,1723988,1723988,23632768,60243872,,,
1771415986.531,48,ga_gen0_cand5,1807704,1807704,27029416,76138144,,,
1771415991.816,17,ga_gen0_cand3,1724768,1724768,23632780,60243872,,,
1771415992.065,49,ga_gen0_cand5,1808348,1808348,27029420,76138144,,,
1771415997.361,18,ga_gen0_cand3,1725720,1725720,23632788,60243872,,,
1771415997.544,50,ga_gen0_cand5,1808836,1808836,27029424,76138144,,,
1771416002.654,19,ga_gen0_cand3,1726540,1726540,23632792,60243872,,,
1771416003.026,51,ga_gen0_cand5,1809324,1809324,27029428,76138144,,,
1771416008.175,20,ga_gen0_cand3,1727320,1727320,23632800,60243872,,,
1771416008.497,52,ga_gen0_cand5,1809852,1809852,27029432,76138144,,,
1771416011.789,53,ga_gen0_cand5,1810732,1810732,27029436,76138144,,,
1771416014.722,54,ga_gen0_cand5,1811316,1811316,27029440,76138144,,,
1771416019.025,55,ga_gen0_cand5,1811760,1811760,27029444,76138144,,,
1771416021.927,0,ga_gen1_cand1,1698900,1698900,23773056,60606464,,,
1771416024.261,56,ga_gen0_cand5,1812300,1812300,27029448,76138144,,,
1771416027.267,1,ga_gen1_cand1,1702268,1702268,23773068,60606464,,,
1771416029.817,57,ga_gen0_cand5,1812776,1812776,27029452,76138144,,,
1771416032.654,2,ga_gen1_cand1,1705000,1705000,23773080,60606464,,,
1771416035.505,58,ga_gen0_cand5,1813388,1813388,27029456,76138144,,,
1771416037.998,3,ga_gen1_cand1,1706532,1706532,23773092,60606464,,,
1771416040.976,59,ga_gen0_cand5,1813944,1813944,27029460,76138144,,,
1771416043.404,4,ga_gen1_cand1,1708128,1708128,23773100,60606464,,,
1771416046.458,60,ga_gen0_cand5,1814324,1814324,27029464,76138144,,,
1771416048.616,5,ga_gen1_cand1,1709744,1709744,23773108,60606464,,,
1771416051.686,61,ga_gen0_cand5,1814988,1814988,27029468,76138144,,,
1771416054.024,6,ga_gen1_cand1,1711596,1711596,23773120,60606464,,,
1771416057.118,62,ga_gen0_cand5,1815400,1815400,27029476,76138144,,,
1771416059.213,7,ga_gen1_cand1,1712680,1712680,23773132,60606464,,,
1771416062.468,63,ga_gen0_cand5,1816004,1816004,27029480,76138144,,,
1771416064.411,8,ga_gen1_cand1,1713560,1713560,23773140,60606464,,,
1771416067.983,64,ga_gen0_cand5,1816548,1816548,27029484,76138144,,,
1771416069.758,9,ga_gen1_cand1,1714812,1714812,23773152,60606464,,,
1771416073.567,65,ga_gen0_cand5,1817024,1817024,27029488,76138144,,,
1771416075.182,10,ga_gen1_cand1,1715688,1715688,23773160,60606464,,,
1771416079.090,66,ga_gen0_cand5,1817468,1817468,27029492,76138144,,,
1771416080.547,11,ga_gen1_cand1,1716524,1716524,23773168,60606464,,,
1771416084.734,67,ga_gen0_cand5,1818008,1818008,27029496,76138144,,,
1771416085.671,12,ga_gen1_cand1,1717072,1717072,23773180,60606464,,,
1771416090.044,68,ga_gen0_cand5,1818536,1818536,27029500,76138144,,,
1771416090.871,13,ga_gen1_cand1,1717788,1717788,23773188,60606464,,,
1771416095.469,69,ga_gen0_cand5,1819220,1819220,27029504,76138144,,,
1771416096.217,14,ga_gen1_cand1,1719636,1719636,23773196,60606464,,,
1771416101.036,70,ga_gen0_cand5,1819784,1819784,27029508,76138144,,,
1771416101.497,15,ga_gen1_cand1,1720528,1720528,23773208,60606464,,,
1771416106.546,71,ga_gen0_cand5,1820444,1820444,27029512,76138144,,,
1771416106.767,16,ga_gen1_cand1,1721340,1721340,23773216,60606464,,,
1771416112.066,72,ga_gen0_cand5,1820788,1820788,27029516,76138144,,,
1771416112.093,17,ga_gen1_cand1,1722160,1722160,23773224,60606464,,,
1771416117.440,18,ga_gen1_cand1,1722904,1722904,23773236,60606464,,,
1771416117.547,73,ga_gen0_cand5,1821352,1821352,27029520,76138144,,,
1771416122.700,19,ga_gen1_cand1,1723484,1723484,23773240,60606464,,,
1771416122.889,74,ga_gen0_cand5,1821844,1821844,27029524,76138144,,,
1771416128.039,20,ga_gen1_cand1,1723888,1723888,23773244,60606464,,,
1771416128.398,75,ga_gen0_cand5,1822368,1822368,27029528,76138144,,,
1771416133.173,21,ga_gen1_cand1,1724648,1724648,23773252,60606464,,,
1771416133.654,76,ga_gen0_cand5,1822860,1822860,27029532,76138144,,,
1771416136.795,77,ga_gen0_cand5,1823492,1823492,27029536,76138144,,,
1771416139.661,78,ga_gen0_cand5,1824104,1824104,27029540,76138144,,,
1771416143.955,79,ga_gen0_cand5,1824552,1824552,27029544,76138144,,,
1771416146.976,0,ga_gen1_cand2,1772120,1772120,23730824,64607108,,,
1771416149.053,80,ga_gen0_cand5,1825020,1825020,27029548,76138144,,,
1771416152.436,1,ga_gen1_cand2,1775756,1775756,23730836,64607108,,,
1771416154.403,81,ga_gen0_cand5,1825536,1825536,27029552,76138144,,,
1771416157.870,2,ga_gen1_cand2,1778292,1778292,23730848,64607108,,,
1771416159.794,82,ga_gen0_cand5,1826092,1826092,27029560,76138144,,,
1771416161.752,3,ga_gen1_cand2,1779876,1779876,23730856,64607108,,,
1771416164.840,4,ga_gen1_cand2,1781216,1781216,23730864,64607108,,,
1771416167.624,5,ga_gen1_cand2,1782528,1782528,23730876,64607108,,,
1771416172.691,6,ga_gen1_cand2,1783760,1783760,23730884,64607108,,,
1771416173.741,0,ga_gen0_cand6,1705172,1705172,24568180,62821844,,,
1771416177.690,7,ga_gen1_cand2,1784816,1784816,23730896,64607108,,,
1771416179.162,1,ga_gen0_cand6,1708600,1708600,24568192,62821844,,,
1771416183.163,8,ga_gen1_cand2,1785632,1785632,23730908,64607108,,,
1771416184.537,2,ga_gen0_cand6,1710428,1710428,24568204,62821844,,,
1771416188.582,9,ga_gen1_cand2,1787416,1787416,23727716,64607108,,,
1771416189.687,3,ga_gen0_cand6,1711992,1711992,24568212,69718228,,,
1771416193.877,10,ga_gen1_cand2,1788220,1788220,23727728,64607108,,,
1771416195.036,4,ga_gen0_cand6,1713204,1713204,24568224,69718228,,,
1771416199.380,11,ga_gen1_cand2,1789216,1789216,23727736,64607108,,,
1771416200.412,5,ga_gen0_cand6,1714812,1714812,24568236,69718228,,,
1771416204.707,12,ga_gen1_cand2,1790212,1790212,23727744,64607108,,,
1771416205.850,6,ga_gen0_cand6,1716464,1716464,24568244,69718228,,,
1771416210.104,13,ga_gen1_cand2,1790804,1790804,23727756,64607108,,,
1771416211.270,7,ga_gen0_cand6,1717532,1717532,24568256,69718228,,,
1771416215.421,14,ga_gen1_cand2,1791884,1791884,23727768,64607108,,,
1771416216.483,8,ga_gen0_cand6,1718624,1718624,24568264,69718228,,,
1771416220.476,15,ga_gen1_cand2,1792732,1792732,23727780,64607108,,,
1771416221.820,9,ga_gen0_cand6,1719624,1719624,24568272,69718228,,,
1771416225.932,16,ga_gen1_cand2,1793332,1793332,23727788,64607108,,,
1771416227.383,10,ga_gen0_cand6,1720836,1720836,24568284,69718228,,,
1771416231.204,17,ga_gen1_cand2,1794200,1794200,23727800,64607108,,,
1771416232.889,11,ga_gen0_cand6,1721784,1721784,24568292,69718228,,,
1771416236.674,18,ga_gen1_cand2,1794676,1794676,23727808,64607108,,,
1771416238.362,12,ga_gen0_cand6,1723060,1723060,24568300,69718228,,,
1771416242.064,19,ga_gen1_cand2,1795388,1795388,23727812,64607108,,,
1771416243.977,13,ga_gen0_cand6,1723888,1723888,24568308,69718228,,,
1771416247.403,20,ga_gen1_cand2,1795892,1795892,23727820,64607108,,,
1771416249.240,14,ga_gen0_cand6,1725000,1725000,24568316,69718228,,,
1771416252.817,21,ga_gen1_cand2,1797380,1797380,23727824,64607108,,,
1771416254.687,15,ga_gen0_cand6,1725632,1725632,24568324,69718228,,,
1771416258.031,22,ga_gen1_cand2,1797836,1797836,23727828,64607108,,,
1771416259.917,16,ga_gen0_cand6,1726412,1726412,24568332,69718228,,,
1771416263.271,23,ga_gen1_cand2,1798404,1798404,23727836,64607108,,,
1771416265.133,17,ga_gen0_cand6,1727200,1727200,24568340,69718228,,,
1771416268.673,24,ga_gen1_cand2,1799108,1799108,23727840,64607108,,,
1771416270.432,18,ga_gen0_cand6,1727964,1727964,24568348,69718228,,,
1771416274.034,25,ga_gen1_cand2,1799924,1799924,23727844,64607108,,,
1771416275.745,19,ga_gen0_cand6,1728580,1728580,24568352,69718228,,,
1771416279.463,26,ga_gen1_cand2,1800260,1800260,23727852,64607108,,,
1771416281.063,20,ga_gen0_cand6,1729124,1729124,24568356,69718228,,,
1771416284.720,27,ga_gen1_cand2,1800772,1800772,23727856,64607108,,,
1771416286.371,21,ga_gen0_cand6,1729856,1729856,24568360,69718228,,,
1771416289.891,28,ga_gen1_cand2,1801592,1801592,23727860,64607108,,,
1771416291.570,22,ga_gen0_cand6,1730236,1730236,24568364,69718228,,,
1771416295.097,29,ga_gen1_cand2,1802276,1802276,23727868,64607108,,,
1771416296.067,23,ga_gen0_cand6,1730780,1730780,24568368,69718228,,,
1771416299.178,24,ga_gen0_cand6,1731452,1731452,24568372,69718228,,,
1771416301.973,25,ga_gen0_cand6,1732128,1732128,24568376,69718228,,,
1771416306.337,26,ga_gen0_cand6,1732900,1732900,24568380,69718228,,,
1771416308.591,0,ga_gen1_cand3,1716108,1716108,23681296,60575848,,,
1771416311.230,27,ga_gen0_cand6,1733824,1733824,24568384,69718228,,,
1771416313.690,1,ga_gen1_cand3,1720124,1720124,23681308,60575848,,,
1771416316.684,28,ga_gen0_cand6,1734544,1734544,24568388,69718228,,,
1771416318.899,2,ga_gen1_cand3,1722620,1722620,23681320,60575848,,,
1771416322.351,29,ga_gen0_cand6,1734944,1734944,24568396,69718228,,,
1771416324.131,3,ga_gen1_cand3,1724752,1724752,23681332,60575848,,,
1771416327.823,30,ga_gen0_cand6,1735596,1735596,24568400,69718228,,,
1771416329.223,4,ga_gen1_cand3,1726120,1726120,23681340,60575848,,,
1771416333.349,31,ga_gen0_cand6,1736276,1736276,24568404,69718228,,,
1771416334.247,5,ga_gen1_cand3,1727548,1727548,23681352,61325356,,,
1771416338.865,32,ga_gen0_cand6,1736836,1736836,24568408,69718228,,,
1771416339.527,6,ga_gen1_cand3,1728676,1728676,23681360,61325356,,,
1771416344.072,33,ga_gen0_cand6,1737416,1737416,24568412,69718228,,,
1771416344.570,7,ga_gen1_cand3,1729784,1729784,23681372,61325356,,,
1771416349.466,34,ga_gen0_cand6,1738076,1738076,24568416,69718228,,,
1771416349.506,8,ga_gen1_cand3,1730732,1730732,23681384,61325356,,,
1771416354.587,9,ga_gen1_cand3,1731616,1731616,23681392,61325356,,,
1771416354.718,35,ga_gen0_cand6,1738664,1738664,24568420,69718228,,,
1771416359.766,10,ga_gen1_cand3,1732500,1732500,23681404,61325356,,,
1771416360.051,36,ga_gen0_cand6,1739492,1739492,24568424,69718228,,,
1771416364.722,11,ga_gen1_cand3,1733624,1733624,23681412,61325356,,,
1771416365.220,37,ga_gen0_cand6,1740020,1740020,24568428,69718228,,,
1771416369.970,12,ga_gen1_cand3,1734836,1734836,23681420,61325356,,,
1771416370.621,38,ga_gen0_cand6,1740660,1740660,24568432,69718228,,,
1771416375.217,13,ga_gen1_cand3,1735716,1735716,23681432,61325356,,,
1771416375.871,39,ga_gen0_cand6,1741148,1741148,24568436,69718228,,,
1771416380.578,14,ga_gen1_cand3,1736596,1736596,23681440,61325356,,,
1771416381.335,40,ga_gen0_cand6,1741864,1741864,24568440,69718228,,,
1771416385.732,15,ga_gen1_cand3,1737392,1737392,23681452,61325356,,,
1771416386.629,41,ga_gen0_cand6,1742376,1742376,24568444,69718228,,,
1771416390.919,16,ga_gen1_cand3,1738268,1738268,23681464,61325356,,,
1771416392.079,42,ga_gen0_cand6,1742956,1742956,24568448,69718228,,,
1771416396.146,17,ga_gen1_cand3,1739176,1739176,23681476,61325356,,,
1771416397.313,43,ga_gen0_cand6,1743628,1743628,24568452,69718228,,,
1771416401.346,18,ga_gen1_cand3,1739980,1739980,23681488,61325356,,,
1771416402.787,44,ga_gen0_cand6,1744156,1744156,24568456,69718228,,,
1771416406.456,19,ga_gen1_cand3,1740428,1740428,23681492,61325356,,,
1771416408.028,45,ga_gen0_cand6,1744700,1744700,24568460,69718228,,,
1771416411.810,20,ga_gen1_cand3,1740916,1740916,23681500,61325356,,,
1771416413.560,46,ga_gen0_cand6,1745152,1745152,24568464,69718228,,,
1771416417.092,21,ga_gen1_cand3,1741492,1741492,23681504,61325356,,,
1771416419.056,47,ga_gen0_cand6,1745812,1745812,24568468,69718228,,,
1771416422.170,22,ga_gen1_cand3,1742124,1742124,23681508,61325356,,,
1771416424.492,48,ga_gen0_cand6,1746328,1746328,24568472,69718228,,,
1771416427.286,23,ga_gen1_cand3,1742800,1742800,23681516,61325356,,,
1771416429.850,49,ga_gen0_cand6,1746896,1746896,24568480,69718228,,,
1771416432.415,24,ga_gen1_cand3,1743400,1743400,23681520,61325356,,,
1771416435.290,50,ga_gen0_cand6,1747420,1747420,24568484,69718228,,,
1771416437.760,25,ga_gen1_cand3,1743972,1743972,23681524,61325356,,,
1771416440.615,51,ga_gen0_cand6,1747988,1747988,24568488,69718228,,,
1771416443.044,26,ga_gen1_cand3,1744432,1744432,23681532,61325356,,,
1771416445.968,52,ga_gen0_cand6,1748432,1748432,24568492,69718228,,,
1771416448.206,27,ga_gen1_cand3,1745044,1745044,23681536,61325356,,,
1771416451.390,53,ga_gen0_cand6,1748972,1748972,24568496,69718228,,,
1771416453.533,28,ga_gen1_cand3,1745584,1745584,23681540,61325356,,,
1771416456.855,54,ga_gen0_cand6,1749700,1749700,24568500,69718228,,,
1771416458.861,29,ga_gen1_cand3,1746332,1746332,23681548,61325356,,,
1771416462.479,55,ga_gen0_cand6,1750284,1750284,24568504,69718228,,,
1771416464.017,30,ga_gen1_cand3,1746912,1746912,23681552,61325356,,,
1771416467.906,56,ga_gen0_cand6,1750808,1750808,24568508,69718228,,,
1771416469.228,31,ga_gen1_cand3,1747796,1747796,23681556,61325356,,,
1771416473.502,57,ga_gen0_cand6,1751372,1751372,24568512,69718228,,,
1771416474.539,32,ga_gen1_cand3,1748380,1748380,23681564,61325356,,,
1771416476.890,58,ga_gen0_cand6,1752100,1752100,24568516,69718228,,,
1771416479.787,59,ga_gen0_cand6,1752692,1752692,24568520,69718228,,,
1771416482.482,60,ga_gen0_cand6,1753464,1753464,24568524,69718228,,,
1771416487.576,61,ga_gen0_cand6,1753912,1753912,24568528,69718228,,,
1771416488.170,0,ga_gen2_cand1,1710108,1710108,23681296,60499536,,,
1771416493.133,62,ga_gen0_cand6,1754628,1754628,24568532,69718228,,,
1771416493.444,1,ga_gen2_cand1,1713608,1713608,23681308,60499536,,,
1771416498.411,63,ga_gen0_cand6,1755244,1755244,24568536,69718228,,,
1771416498.607,2,ga_gen2_cand1,1715904,1715904,23681320,60499536,,,
1771416503.926,64,ga_gen0_cand6,1755600,1755600,24568540,69718228,,,
1771416503.986,3,ga_gen2_cand1,1717064,1717064,23681332,60499536,,,
1771416509.225,4,ga_gen2_cand1,1718868,1718868,23681340,60499536,,,
1771416509.323,65,ga_gen0_cand6,1756076,1756076,24568544,69718228,,,
1771416514.657,5,ga_gen2_cand1,1720472,1720472,23681352,60499536,,,
1771416514.876,66,ga_gen0_cand6,1756484,1756484,24568548,69718228,,,
1771416520.012,6,ga_gen2_cand1,1721792,1721792,23681360,60499536,,,
1771416520.485,67,ga_gen0_cand6,1757156,1757156,24568552,69718228,,,
1771416525.379,7,ga_gen2_cand1,1722548,1722548,23681372,60499536,,,
1771416525.991,68,ga_gen0_cand6,1757660,1757660,24568556,69718228,,,
1771416530.468,8,ga_gen2_cand1,1723940,1723940,23681384,60499536,,,
1771416531.334,69,ga_gen0_cand6,1758192,1758192,24568564,69718228,,,
1771416535.750,9,ga_gen2_cand1,1725036,1725036,23681392,60499536,,,
1771416536.885,70,ga_gen0_cand6,1758764,1758764,24568568,69718228,,,
1771416540.629,10,ga_gen2_cand1,1725732,1725732,23681404,60499536,,,
1771416542.071,71,ga_gen0_cand6,1759496,1759496,24568572,69718228,,,
1771416545.730,11,ga_gen2_cand1,1726560,1726560,23681412,60499536,,,
1771416547.384,72,ga_gen0_cand6,1759952,1759952,24568576,69718228,,,
1771416550.809,12,ga_gen2_cand1,1727880,1727880,23681420,60499536,,,
1771416552.809,73,ga_gen0_cand6,1760552,1760552,24568580,69718228,,,
1771416556.045,13,ga_gen2_cand1,1729112,1729112,23681432,60499536,,,
1771416558.426,74,ga_gen0_cand6,1761128,1761128,24568584,69718228,,,
1771416561.315,14,ga_gen2_cand1,1729984,1729984,23681440,60499536,,,
1771416563.864,75,ga_gen0_cand6,1761716,1761716,24568588,69718228,,,
1771416566.299,15,ga_gen2_cand1,1730636,1730636,23681452,60499536,,,
1771416569.116,76,ga_gen0_cand6,1762112,1762112,24568592,69718228,,,
1771416571.550,16,ga_gen2_cand1,1731556,1731556,23681464,60499536,,,
1771416574.452,77,ga_gen0_cand6,1762796,1762796,24568596,69718228,,,
1771416576.822,17,ga_gen2_cand1,1732256,1732256,23681476,60499536,,,
1771416579.842,78,ga_gen0_cand6,1763180,1763180,24568600,69718228,,,
1771416582.062,18,ga_gen2_cand1,1732844,1732844,23681488,60499536,,,
1771416585.456,79,ga_gen0_cand6,1763712,1763712,24568604,69718228,,,
1771416587.255,19,ga_gen2_cand1,1733332,1733332,23681492,60499536,,,
1771416590.783,80,ga_gen0_cand6,1764184,1764184,24568608,69718228,,,
1771416592.223,20,ga_gen2_cand1,1734108,1734108,23681500,60499536,,,
1771416596.304,81,ga_gen0_cand6,1764832,1764832,24568612,69718228,,,
1771416597.496,21,ga_gen2_cand1,1734808,1734808,23681504,60499536,,,
1771416601.626,82,ga_gen0_cand6,1765408,1765408,24568616,69718228,,,
1771416602.411,22,ga_gen2_cand1,1735352,1735352,23681508,60499536,,,
1771416606.887,83,ga_gen0_cand6,1765696,1765696,24568620,69718228,,,
1771416607.281,23,ga_gen2_cand1,1736184,1736184,23681516,60499536,,,
1771416612.264,84,ga_gen0_cand6,1766284,1766284,24568624,69718228,,,
1771416612.396,24,ga_gen2_cand1,1736800,1736800,23681520,60499536,,,
