DATE_TIME,Uncertainty_H9,Uncertainty_H12,Uncertainty_H15,Uncertainty_H18,Uncertainty_H21,Uncertainty_H24
2018-12-31 00:00:00,0.0,0.0,0.0,0.0,0.0,0.0
2018-12-31 04:00:00,0.0,0.0,0.0,0.0,0.0,0.0
2018-12-31 08:00:00,0.0,0.0,0.0,0.0,0.0,0.0
2018-12-31 12:00:00,0.0,0.0,0.0,0.0,0.0,0.0
2018-12-31 16:00:00,0.0,0.0,0.0,0.0,0.0,0.0
2018-12-31 20:00:00,0.0,0.0,0.0,0.0,0.0,0.0
2019-01-02 00:00:00,0.0,0.0,0.0,0.0,0.0,0.0
2019-01-02 04:00:00,0.0,0.0,0.0,0.0,0.0,0.0
2019-01-02 08:00:00,0.0,0.0,0.0,0.0,0.0,0.0
2019-01-02 12:00:00,0.0,0.0,0.0,0.0,0.0,0.0
2019-01-02 16:00:00,0.0,0.0,0.0,0.0,0.0,0.0
2019-01-02 20:00:00,0.0,0.0,0.0,0.0,0.0,0.0
2019-01-03 00:00:00,0.0,0.0,0.0,0.0,0.0,0.0
2019-01-03 04:00:00,0.0,0.0,0.0,0.0,0.0,0.0
2019-01-03 08:00:00,0.0,0.0,0.0,0.0,0.0,0.0
2019-01-03 12:00:00,0.0,0.0,0.0,0.0,0.0,0.0
2019-01-03 16:00:00,0.0,0.0,0.0,0.0,0.0,0.0
2019-01-03 20:00:00,0.0,0.0,0.0,0.0,0.0,0.0
2019-01-04 00:00:00,0.0,0.0,0.0,0.0,0.0,0.0
2019-01-04 04:00:00,0.0,0.0,0.0,0.0,0.0,0.0
2019-01-04 08:00:00,0.0,0.0,0.0,0.0,0.0,0.0
2019-01-04 12:00:00,0.0,0.0,0.0,0.0,0.0,0.0
2019-01-04 16:00:00,0.0,0.0,0.0,0.0,0.0,0.0
2019-01-04 20:00:00,0.0,0.0,0.0,0.0,0.0,0.0
2019-01-07 00:00:00,0.0,0.0,0.0,0.0,0.0,0.0
2019-01-07 04:00:00,0.0,0.0,0.0,0.0,0.0,0.0
2019-01-07 08:00:00,0.0,0.0,0.0,0.0,0.0,0.0
2019-01-07 12:00:00,0.0,0.0,0.0,0.0,0.0,0.0
2019-01-07 16:00:00,0.0,0.0,0.0,0.0,0.0,0.0
2019-01-07 20:00:00,0.0,0.0,0.0,0.0,0.0,0.0
2019-01-08 00:00:00,0.0,0.0,0.0,0.0,0.0,0.0
2019-01-08 04:00:00,0.0,0.0,0.0,0.0,0.0,0.0
2019-01-08 08:00:00,0.0,0.0,0.0,0.0,0.0,0.0
2019-01-08 12:00:00,0.0,0.0,0.0,0.0,0.0,0.0
2019-01-08 16:00:00,0.0,0.0,0.0,0.0,0.0,0.0
2019-01-08 20:00:00,0.0,0.0,0.0,0.0,0.0,0.0
2019-01-09 00:00:00,0.0,0.0,0.0,0.0,0.0,0.0
2019-01-09 04:00:00,0.0,0.0,0.0,0.0,0.0,0.0
2019-01-09 08:00:00,0.0,0.0,0.0,0.0,0.0,0.0
2019-01-09 12:00:00,0.0,0.0,0.0,0.0,0.0,0.0
2019-01-09 16:00:00,0.0,0.0,0.0,0.0,0.0,0.0
2019-01-09 20:00:00,0.0,0.0,0.0,0.0,0.0,0.0
2019-01-10 00:00:00,0.0,0.0,0.0,0.0,0.0,0.0
2019-01-10 04:00:00,0.0,0.0,0.0,0.0,0.0,0.0
2019-01-10 08:00:00,0.0,0.0,0.0,0.0,0.0,0.0
2019-01-10 12:00:00,0.0,0.0,0.0,0.0,0.0,0.0
2019-01-10 16:00:00,0.0,0.0,0.0,0.0,0.0,0.0
2019-01-10 20:00:00,0.0,0.0,0.0,0.0,0.0,0.0
2019-01-11 00:00:00,0.0,0.0,0.0,0.0,0.0,0.0
2019-01-11 04:00:00,0.0,0.0,0.0,0.0,0.0,0.0
2019-01-11 08:00:00,0.0,0.0,0.0,0.0,0.0,0.0
2019-01-11 12:00:00,0.0,0.0,0.0,0.0,0.0,0.0
2019-01-11 16:00:00,0.0,0.0,0.0,0.0,0.0,0.0
2019-01-11 20:00:00,0.0,0.0,0.0,0.0,0.0,0.0
2019-01-14 00:00:00,0.0,0.0,0.0,0.0,0.0,0.0
2019-01-14 04:00:00,0.0,0.0,0.0,0.0,0.0,0.0
2019-01-14 08:00:00,0.0,0.0,0.0,0.0,0.0,0.0
2019-01-14 12:00:00,0.0,0.0,0.0,0.0,0.0,0.0
2019-01-14 16:00:00,0.0,0.0,0.0,0.0,0.0,0.0
2019-01-14 20:00:00,0.0,0.0,0.0,0.0,0.0,0.0
2019-01-15 00:00:00,0.0,0.0,0.0,0.0,0.0,0.0
2019-01-15 04:00:00,0.0,0.0,0.0,0.0,0.0,0.0
2019-01-15 08:00:00,0.0,0.0,0.0,0.0,0.0,0.0
2019-01-15 12:00:00,0.0,0.0,0.0,0.0,0.0,0.0
2019-01-15 16:00:00,0.0,0.0,0.0,0.0,0.0,0.0
2019-01-15 20:00:00,0.0,0.0,0.0,0.0,0.0,0.0
2019-01-16 00:00:00,0.0,0.0,0.0,0.0,0.0,0.0
2019-01-16 04:00:00,0.0,0.0,0.0,0.0,0.0,0.0
2019-01-16 08:00:00,0.0,0.0,0.0,0.0,0.0,0.0
2019-01-16 12:00:00,0.0,0.0,0.0,0.0,0.0,0.0
2019-01-16 16:00:00,0.0,0.0,0.0,0.0,0.0,0.0
2019-01-16 20:00:00,0.0,0.0,0.0,0.0,0.0,0.0
2019-01-17 00:00:00,0.0,0.0,0.0,0.0,0.0,0.0
2019-01-17 04:00:00,0.0,0.0,0.0,0.0,0.0,0.0
2019-01-17 08:00:00,0.0,0.0,0.0,0.0,0.0,0.0
2019-01-17 12:00:00,0.0,0.0,0.0,0.0,0.0,0.0
2019-01-17 16:00:00,0.0,0.0,0.0,0.0,0.0,0.0
2019-01-17 20:00:00,0.0,0.0,0.0,0.0,0.0,0.0
2019-01-18 00:00:00,0.0,0.0,0.0,0.0,0.0,0.0
2019-01-18 04:00:00,0.0,0.0,0.0,0.0,0.0,0.0
2019-01-18 08:00:00,0.0,0.0,0.0,0.0,0.0,0.0
2019-01-18 12:00:00,0.0,0.0,0.0,0.0,0.0,0.0
2019-01-18 16:00:00,0.0,0.0,0.0,0.0,0.0,0.0
2019-01-18 20:00:00,0.0,0.0,0.0,0.0,0.0,0.0
2019-01-22 00:00:00,0.0,0.0,0.0,0.0,0.0,0.0
2019-01-22 04:00:00,0.0,0.0,0.0,0.0,0.0,0.0
2019-01-22 08:00:00,0.0,0.0,0.0,0.0,0.0,0.0
2019-01-22 12:00:00,0.0,0.0,0.0,0.0,0.0,0.0
2019-01-22 16:00:00,0.0,0.0,0.0,0.0,0.0,0.0
2019-01-22 20:00:00,0.0,0.0,0.0,0.0,0.0,0.0
2019-01-23 00:00:00,0.0,0.0,0.0,0.0,0.0,0.0
2019-01-23 04:00:00,0.0,0.0,0.0,0.0,0.0,0.0
2019-01-23 08:00:00,0.0,0.0,0.0,0.0,0.0,0.0
2019-01-23 12:00:00,0.0,0.0,0.0,0.0,0.0,0.0
2019-01-23 16:00:00,0.0,0.0,0.0,0.0,0.0,0.0
2019-01-23 20:00:00,0.0,0.0,0.0,0.0,0.0,0.0
2019-01-24 00:00:00,0.0,0.0,0.0,0.0,0.0,0.0
2019-01-24 04:00:00,0.0,0.0,0.0,0.0,0.0,0.0
2019-01-24 08:00:00,0.0,0.0,0.0,0.0,0.0,0.0
2019-01-24 12:00:00,0.0,0.0,0.0,0.0,0.0,0.0
2019-01-24 16:00:00,0.0,0.0,0.0,0.0,0.0,0.0
2019-01-24 20:00:00,0.0,0.0,0.0,0.0,0.0,0.0
2019-01-25 00:00:00,0.0,0.0,0.0,0.0,0.0,0.0
2019-01-25 04:00:00,0.0,0.0,0.0,0.0,0.0,0.0
2019-01-25 08:00:00,0.0,0.0,0.0,0.0,0.0,0.0
2019-01-25 12:00:00,0.0,0.0,0.0,0.0,0.0,0.0
2019-01-25 16:00:00,0.0,0.0,0.0,0.0,0.0,0.0
2019-01-25 20:00:00,0.0,0.0,0.0,0.0,0.0,0.0
2019-01-28 00:00:00,0.0,0.0,0.0,0.0,0.0,0.0
2019-01-28 04:00:00,0.0,0.0,0.0,0.0,0.0,0.0
2019-01-28 08:00:00,0.0,0.0,0.0,0.0,0.0,0.0
2019-01-28 12:00:00,0.0,0.0,0.0,0.0,0.0,0.0
2019-01-28 16:00:00,0.0,0.0,0.0,0.0,0.0,0.0
2019-01-28 20:00:00,0.0,0.0,0.0,0.0,0.0,0.0
2019-01-29 00:00:00,0.0,0.0,0.0,0.0,0.0,0.0
2019-01-29 04:00:00,0.0,0.0,0.0,0.0,0.0,0.0
2019-01-29 08:00:00,0.0,0.0,0.0,0.0,0.0,0.0
2019-01-29 12:00:00,0.0,0.0,0.0,0.0,0.0,0.0
2019-01-29 16:00:00,0.0,0.0,0.0,0.0,0.0,0.0
2019-01-29 20:00:00,0.0,0.0,0.0,0.0,0.0,0.0
2019-01-30 00:00:00,0.0,0.0,0.0,0.0,0.0,0.0
2019-01-30 04:00:00,0.0,0.0,0.0,0.0,0.0,0.0
2019-01-30 08:00:00,0.0,0.0,0.0,0.0,0.0,0.0
2019-01-30 12:00:00,0.0,0.0,0.0,0.0,0.0,0.0
2019-01-30 16:00:00,0.0,0.0,0.0,0.0,0.0,0.0
2019-01-30 20:00:00,0.0,0.0,0.0,0.0,0.0,0.0
2019-01-31 00:00:00,0.0,0.0,0.0,0.0,0.0,0.0
2019-01-31 04:00:00,0.0,0.0,0.0,0.0,0.0,0.0
2019-01-31 08:00:00,0.0,0.0,0.0,0.0,0.0,0.0
2019-01-31 12:00:00,0.0,0.0,0.0,0.0,0.0,0.0
2019-01-31 16:00:00,0.0,0.0,0.0,0.0,0.0,0.0
2019-01-31 20:00:00,0.0,0.0,0.0,0.0,0.0,0.0
2019-02-01 00:00:00,0.0,0.0,0.0,0.0,0.0,0.0
2019-02-01 04:00:00,0.0,0.0,0.0,0.0,0.0,0.0
2019-02-01 08:00:00,0.0,0.0,0.0,0.0,0.0,0.0
2019-02-01 12:00:00,0.0,0.0,0.0,0.0,0.0,0.0
2019-02-01 16:00:00,0.0,0.0,0.0,0.0,0.0,0.0
2019-02-01 20:00:00,0.0,0.0,0.0,0.0,0.0,0.0
2019-02-04 00:00:00,0.0,0.0,0.0,0.0,0.0,0.0
2019-02-04 04:00:00,0.0,0.0,0.0,0.0,0.0,0.0
2019-02-04 08:00:00,0.0,0.0,0.0,0.0,0.0,0.0
2019-02-04 12:00:00,0.0,0.0,0.0,0.0,0.0,0.0
2019-02-04 16:00:00,0.0,0.0,0.0,0.0,0.0,0.0
2019-02-04 20:00:00,0.0,0.0,0.0,0.0,0.0,0.0
2019-02-05 00:00:00,0.0,0.0,0.0,0.0,0.0,0.0
2019-02-05 04:00:00,0.0,0.0,0.0,0.0,0.0,0.0
2019-02-05 08:00:00,0.0,0.0,0.0,0.0,0.0,0.0
2019-02-05 12:00:00,0.0,0.0,0.0,0.0,0.0,0.0
2019-02-05 16:00:00,0.0,0.0,0.0,0.0,0.0,0.0
2019-02-05 20:00:00,0.0,0.0,0.0,0.0,0.0,0.0
2019-02-06 00:00:00,0.0,0.0,0.0,0.0,0.0,0.0
2019-02-06 04:00:00,0.0,0.0,0.0,0.0,0.0,0.0
2019-02-06 08:00:00,0.0,0.0,0.0,0.0,0.0,0.0
2019-02-06 12:00:00,0.0,0.0,0.0,0.0,0.0,0.0
2019-02-06 16:00:00,0.0,0.0,0.0,0.0,0.0,0.0
2019-02-06 20:00:00,0.0,0.0,0.0,0.0,0.0,0.0
2019-02-07 00:00:00,0.0,0.0,0.0,0.0,0.0,0.0
2019-02-07 04:00:00,0.0,0.0,0.0,0.0,0.0,0.0
2019-02-07 08:00:00,0.0,0.0,0.0,0.0,0.0,0.0
2019-02-07 12:00:00,0.0,0.0,0.0,0.0,0.0,0.0
2019-02-07 16:00:00,0.0,0.0,0.0,0.0,0.0,0.0
2019-02-07 20:00:00,0.0,0.0,0.0,0.0,0.0,0.0
2019-02-08 00:00:00,0.0,0.0,0.0,0.0,0.0,0.0
2019-02-08 04:00:00,0.0,0.0,0.0,0.0,0.0,0.0
2019-02-08 08:00:00,0.0,0.0,0.0,0.0,0.0,0.0
2019-02-08 12:00:00,0.0,0.0,0.0,0.0,0.0,0.0
2019-02-08 16:00:00,0.0,0.0,0.0,0.0,0.0,0.0
2019-02-08 20:00:00,0.0,0.0,0.0,0.0,0.0,0.0
2019-02-11 00:00:00,0.0,0.0,0.0,0.0,0.0,0.0
2019-02-11 04:00:00,0.0,0.0,0.0,0.0,0.0,0.0
2019-02-11 08:00:00,0.0,0.0,0.0,0.0,0.0,0.0
2019-02-11 12:00:00,0.0,0.0,0.0,0.0,0.0,0.0
2019-02-11 16:00:00,0.0,0.0,0.0,0.0,0.0,0.0
2019-02-11 20:00:00,0.0,0.0,0.0,0.0,0.0,0.0
2019-02-12 00:00:00,0.0,0.0,0.0,0.0,0.0,0.0
2019-02-12 04:00:00,0.0,0.0,0.0,0.0,0.0,0.0
2019-02-12 08:00:00,0.0,0.0,0.0,0.0,0.0,0.0
2019-02-12 12:00:00,0.0,0.0,0.0,0.0,0.0,0.0
2019-02-12 16:00:00,0.0,0.0,0.0,0.0,0.0,0.0
2019-02-12 20:00:00,0.0,0.0,0.0,0.0,0.0,0.0
2019-02-13 00:00:00,0.0,0.0,0.0,0.0,0.0,0.0
2019-02-13 04:00:00,0.0,0.0,0.0,0.0,0.0,0.0
2019-02-13 08:00:00,0.0,0.0,0.0,0.0,0.0,0.0
2019-02-13 12:00:00,0.0,0.0,0.0,0.0,0.0,0.0
2019-02-13 16:00:00,0.0,0.0,0.0,0.0,0.0,0.0
2019-02-13 20:00:00,0.0,0.0,0.0,0.0,0.0,0.0
2019-02-14 00:00:00,0.0,0.0,0.0,0.0,0.0,0.0
2019-02-14 04:00:00,0.0,0.0,0.0,0.0,0.0,0.0
2019-02-14 08:00:00,0.0,0.0,0.0,0.0,0.0,0.0
2019-02-14 12:00:00,0.0,0.0,0.0,0.0,0.0,0.0
2019-02-14 16:00:00,0.0,0.0,0.0,0.0,0.0,0.0
2019-02-14 20:00:00,0.0,0.0,0.0,0.0,0.0,0.0
2019-02-15 00:00:00,0.0,0.0,0.0,0.0,0.0,0.0
2019-02-15 04:00:00,0.0,0.0,0.0,0.0,0.0,0.0
2019-02-15 08:00:00,0.0,0.0,0.0,0.0,0.0,0.0
2019-02-15 12:00:00,0.0,0.0,0.0,0.0,0.0,0.0
2019-02-15 16:00:00,0.0,0.0,0.0,0.0,0.0,0.0
2019-02-15 20:00:00,0.0,0.0,0.0,0.0,0.0,0.0
2019-02-19 00:00:00,0.0,0.0,0.0,0.0,0.0,0.0
2019-02-19 04:00:00,0.0,0.0,0.0,0.0,0.0,0.0
2019-02-19 08:00:00,0.0,0.0,0.0,0.0,0.0,0.0
2019-02-19 12:00:00,0.0,0.0,0.0,0.0,0.0,0.0
2019-02-19 16:00:00,0.0,0.0,0.0,0.0,0.0,0.0
2019-02-19 20:00:00,0.0,0.0,0.0,0.0,0.0,0.0
2019-02-20 00:00:00,0.0,0.0,0.0,0.0,0.0,0.0
2019-02-20 04:00:00,0.0,0.0,0.0,0.0,0.0,0.0
2019-02-20 08:00:00,0.0,0.0,0.0,0.0,0.0,0.0
2019-02-20 12:00:00,0.0,0.0,0.0,0.0,0.0,0.0
2019-02-20 16:00:00,0.0,0.0,0.0,0.0,0.0,0.0
2019-02-20 20:00:00,0.0,0.0,0.0,0.0,0.0,0.0
2019-02-21 00:00:00,0.0,0.0,0.0,0.0,0.0,0.0
2019-02-21 04:00:00,0.0,0.0,0.0,0.0,0.0,0.0
2019-02-21 08:00:00,0.0,0.0,0.0,0.0,0.0,0.0
2019-02-21 12:00:00,0.0,0.0,0.0,0.0,0.0,0.0
2019-02-21 16:00:00,0.0,0.0,0.0,0.0,0.0,0.0
2019-02-21 20:00:00,0.0,0.0,0.0,0.0,0.0,0.0
2019-02-22 00:00:00,0.0,0.0,0.0,0.0,0.0,0.0
2019-02-22 04:00:00,0.0,0.0,0.0,0.0,0.0,0.0
2019-02-22 08:00:00,0.0,0.0,0.0,0.0,0.0,0.0
2019-02-22 12:00:00,0.0,0.0,0.0,0.0,0.0,0.0
2019-02-22 16:00:00,0.0,0.0,0.0,0.0,0.0,0.0
2019-02-22 20:00:00,0.0,0.0,0.0,0.0,0.0,0.0
2019-02-25 00:00:00,0.0,0.0,0.0,0.0,0.0,0.0
2019-02-25 04:00:00,0.0,0.0,0.0,0.0,0.0,0.0
2019-02-25 08:00:00,0.0,0.0,0.0,0.0,0.0,0.0
2019-02-25 12:00:00,0.0,0.0,0.0,0.0,0.0,0.0
2019-02-25 16:00:00,0.0,0.0,0.0,0.0,0.0,0.0
2019-02-25 20:00:00,0.0,0.0,0.0,0.0,0.0,0.0
2019-02-26 00:00:00,0.0,0.0,0.0,0.0,0.0,0.0
2019-02-26 04:00:00,0.0,0.0,0.0,0.0,0.0,0.0
2019-02-26 08:00:00,0.0,0.0,0.0,0.0,0.0,0.0
2019-02-26 12:00:00,0.0,0.0,0.0,0.0,0.0,0.0
2019-02-26 16:00:00,0.0,0.0,0.0,0.0,0.0,0.0
2019-02-26 20:00:00,0.0,0.0,0.0,0.0,0.0,0.0
2019-02-27 00:00:00,0.0,0.0,0.0,0.0,0.0,0.0
2019-02-27 04:00:00,0.0,0.0,0.0,0.0,0.0,0.0
2019-02-27 08:00:00,0.0,0.0,0.0,0.0,0.0,0.0
2019-02-27 12:00:00,0.0,0.0,0.0,0.0,0.0,0.0
2019-02-27 16:00:00,0.0,0.0,0.0,0.0,0.0,0.0
2019-02-27 20:00:00,0.0,0.0,0.0,0.0,0.0,0.0
2019-02-28 00:00:00,0.0,0.0,0.0,0.0,0.0,0.0
2019-02-28 04:00:00,0.0,0.0,0.0,0.0,0.0,0.0
2019-02-28 08:00:00,0.0,0.0,0.0,0.0,0.0,0.0
2019-02-28 12:00:00,0.0,0.0,0.0,0.0,0.0,0.0
2019-02-28 16:00:00,0.0,0.0,0.0,0.0,0.0,0.0
2019-02-28 20:00:00,0.0,0.0,0.0,0.0,0.0,0.0
2019-03-01 00:00:00,0.0,0.0,0.0,0.0,0.0,0.0
2019-03-01 04:00:00,0.0,0.0,0.0,0.0,0.0,0.0
2019-03-01 08:00:00,0.0,0.0,0.0,0.0,0.0,0.0
2019-03-01 12:00:00,0.0,0.0,0.0,0.0,0.0,0.0
2019-03-01 16:00:00,0.0,0.0,0.0,0.0,0.0,0.0
2019-03-01 20:00:00,0.0,0.0,0.0,0.0,0.0,0.0
2019-03-04 00:00:00,0.0,0.0,0.0,0.0,0.0,0.0
2019-03-04 04:00:00,0.0,0.0,0.0,0.0,0.0,0.0
2019-03-04 08:00:00,0.0,0.0,0.0,0.0,0.0,0.0
2019-03-04 12:00:00,0.0,0.0,0.0,0.0,0.0,0.0
2019-03-04 16:00:00,0.0,0.0,0.0,0.0,0.0,0.0
2019-03-04 20:00:00,0.0,0.0,0.0,0.0,0.0,0.0
2019-03-05 00:00:00,0.0,0.0,0.0,0.0,0.0,0.0
2019-03-05 04:00:00,0.0,0.0,0.0,0.0,0.0,0.0
2019-03-05 08:00:00,0.0,0.0,0.0,0.0,0.0,0.0
2019-03-05 12:00:00,0.0,0.0,0.0,0.0,0.0,0.0
2019-03-05 16:00:00,0.0,0.0,0.0,0.0,0.0,0.0
2019-03-05 20:00:00,0.0,0.0,0.0,0.0,0.0,0.0
2019-03-06 00:00:00,0.0,0.0,0.0,0.0,0.0,0.0
2019-03-06 04:00:00,0.0,0.0,0.0,0.0,0.0,0.0
2019-03-06 08:00:00,0.0,0.0,0.0,0.0,0.0,0.0
2019-03-06 12:00:00,0.0,0.0,0.0,0.0,0.0,0.0
2019-03-06 16:00:00,0.0,0.0,0.0,0.0,0.0,0.0
2019-03-06 20:00:00,0.0,0.0,0.0,0.0,0.0,0.0
2019-03-07 00:00:00,0.0,0.0,0.0,0.0,0.0,0.0
2019-03-07 04:00:00,0.0,0.0,0.0,0.0,0.0,0.0
2019-03-07 08:00:00,0.0,0.0,0.0,0.0,0.0,0.0
2019-03-07 12:00:00,0.0,0.0,0.0,0.0,0.0,0.0
2019-03-07 16:00:00,0.0,0.0,0.0,0.0,0.0,0.0
2019-03-07 20:00:00,0.0,0.0,0.0,0.0,0.0,0.0
2019-03-08 00:00:00,0.0,0.0,0.0,0.0,0.0,0.0
2019-03-08 04:00:00,0.0,0.0,0.0,0.0,0.0,0.0
2019-03-08 08:00:00,0.0,0.0,0.0,0.0,0.0,0.0
2019-03-08 12:00:00,0.0,0.0,0.0,0.0,0.0,0.0
2019-03-08 16:00:00,0.0,0.0,0.0,0.0,0.0,0.0
2019-03-08 20:00:00,0.0,0.0,0.0,0.0,0.0,0.0
2019-03-11 00:00:00,0.0,0.0,0.0,0.0,0.0,0.0
2019-03-11 04:00:00,0.0,0.0,0.0,0.0,0.0,0.0
2019-03-11 08:00:00,0.0,0.0,0.0,0.0,0.0,0.0
2019-03-11 12:00:00,0.0,0.0,0.0,0.0,0.0,0.0
2019-03-11 16:00:00,0.0,0.0,0.0,0.0,0.0,0.0
2019-03-11 20:00:00,0.0,0.0,0.0,0.0,0.0,0.0
2019-03-12 00:00:00,0.0,0.0,0.0,0.0,0.0,0.0
2019-03-12 04:00:00,0.0,0.0,0.0,0.0,0.0,0.0
2019-03-12 08:00:00,0.0,0.0,0.0,0.0,0.0,0.0
2019-03-12 12:00:00,0.0,0.0,0.0,0.0,0.0,0.0
2019-03-12 16:00:00,0.0,0.0,0.0,0.0,0.0,0.0
2019-03-12 20:00:00,0.0,0.0,0.0,0.0,0.0,0.0
2019-03-13 00:00:00,0.0,0.0,0.0,0.0,0.0,0.0
2019-03-13 04:00:00,0.0,0.0,0.0,0.0,0.0,0.0
2019-03-13 08:00:00,0.0,0.0,0.0,0.0,0.0,0.0
2019-03-13 12:00:00,0.0,0.0,0.0,0.0,0.0,0.0
2019-03-13 16:00:00,0.0,0.0,0.0,0.0,0.0,0.0
2019-03-13 20:00:00,0.0,0.0,0.0,0.0,0.0,0.0
2019-03-14 00:00:00,0.0,0.0,0.0,0.0,0.0,0.0
2019-03-14 04:00:00,0.0,0.0,0.0,0.0,0.0,0.0
2019-03-14 08:00:00,0.0,0.0,0.0,0.0,0.0,0.0
2019-03-14 12:00:00,0.0,0.0,0.0,0.0,0.0,0.0
2019-03-14 16:00:00,0.0,0.0,0.0,0.0,0.0,0.0
2019-03-14 20:00:00,0.0,0.0,0.0,0.0,0.0,0.0
2019-03-15 00:00:00,0.0,0.0,0.0,0.0,0.0,0.0
2019-03-15 04:00:00,0.0,0.0,0.0,0.0,0.0,0.0
2019-03-15 08:00:00,0.0,0.0,0.0,0.0,0.0,0.0
2019-03-15 12:00:00,0.0,0.0,0.0,0.0,0.0,0.0
2019-03-15 16:00:00,0.0,0.0,0.0,0.0,0.0,0.0
2019-03-15 20:00:00,0.0,0.0,0.0,0.0,0.0,0.0
2019-03-18 00:00:00,0.0,0.0,0.0,0.0,0.0,0.0
2019-03-18 04:00:00,0.0,0.0,0.0,0.0,0.0,0.0
2019-03-18 08:00:00,0.0,0.0,0.0,0.0,0.0,0.0
2019-03-18 12:00:00,0.0,0.0,0.0,0.0,0.0,0.0
2019-03-18 16:00:00,0.0,0.0,0.0,0.0,0.0,0.0
2019-03-18 20:00:00,0.0,0.0,0.0,0.0,0.0,0.0
2019-03-19 00:00:00,0.0,0.0,0.0,0.0,0.0,0.0
2019-03-19 04:00:00,0.0,0.0,0.0,0.0,0.0,0.0
2019-03-19 08:00:00,0.0,0.0,0.0,0.0,0.0,0.0
2019-03-19 12:00:00,0.0,0.0,0.0,0.0,0.0,0.0
2019-03-19 16:00:00,0.0,0.0,0.0,0.0,0.0,0.0
2019-03-19 20:00:00,0.0,0.0,0.0,0.0,0.0,0.0
2019-03-20 00:00:00,0.0,0.0,0.0,0.0,0.0,0.0
2019-03-20 04:00:00,0.0,0.0,0.0,0.0,0.0,0.0
2019-03-20 08:00:00,0.0,0.0,0.0,0.0,0.0,0.0
2019-03-20 12:00:00,0.0,0.0,0.0,0.0,0.0,0.0
2019-03-20 16:00:00,0.0,0.0,0.0,0.0,0.0,0.0
2019-03-20 20:00:00,0.0,0.0,0.0,0.0,0.0,0.0
2019-03-21 00:00:00,0.0,0.0,0.0,0.0,0.0,0.0
2019-03-21 04:00:00,0.0,0.0,0.0,0.0,0.0,0.0
2019-03-21 08:00:00,0.0,0.0,0.0,0.0,0.0,0.0
2019-03-21 12:00:00,0.0,0.0,0.0,0.0,0.0,0.0
2019-03-21 16:00:00,0.0,0.0,0.0,0.0,0.0,0.0
2019-03-21 20:00:00,0.0,0.0,0.0,0.0,0.0,0.0
2019-03-22 00:00:00,0.0,0.0,0.0,0.0,0.0,0.0
2019-03-22 04:00:00,0.0,0.0,0.0,0.0,0.0,0.0
2019-03-22 08:00:00,0.0,0.0,0.0,0.0,0.0,0.0
2019-03-22 12:00:00,0.0,0.0,0.0,0.0,0.0,0.0
2019-03-22 16:00:00,0.0,0.0,0.0,0.0,0.0,0.0
2019-03-22 20:00:00,0.0,0.0,0.0,0.0,0.0,0.0
2019-03-25 00:00:00,0.0,0.0,0.0,0.0,0.0,0.0
2019-03-25 04:00:00,0.0,0.0,0.0,0.0,0.0,0.0
2019-03-25 08:00:00,0.0,0.0,0.0,0.0,0.0,0.0
2019-03-25 12:00:00,0.0,0.0,0.0,0.0,0.0,0.0
2019-03-25 16:00:00,0.0,0.0,0.0,0.0,0.0,0.0
2019-03-25 20:00:00,0.0,0.0,0.0,0.0,0.0,0.0
2019-03-26 00:00:00,0.0,0.0,0.0,0.0,0.0,0.0
2019-03-26 04:00:00,0.0,0.0,0.0,0.0,0.0,0.0
2019-03-26 08:00:00,0.0,0.0,0.0,0.0,0.0,0.0
2019-03-26 12:00:00,0.0,0.0,0.0,0.0,0.0,0.0
2019-03-26 16:00:00,0.0,0.0,0.0,0.0,0.0,0.0
2019-03-26 20:00:00,0.0,0.0,0.0,0.0,0.0,0.0
2019-03-27 00:00:00,0.0,0.0,0.0,0.0,0.0,0.0
2019-03-27 04:00:00,0.0,0.0,0.0,0.0,0.0,0.0
2019-03-27 08:00:00,0.0,0.0,0.0,0.0,0.0,0.0
2019-03-27 12:00:00,0.0,0.0,0.0,0.0,0.0,0.0
2019-03-27 16:00:00,0.0,0.0,0.0,0.0,0.0,0.0
2019-03-27 20:00:00,0.0,0.0,0.0,0.0,0.0,0.0
2019-03-28 00:00:00,0.0,0.0,0.0,0.0,0.0,0.0
2019-03-28 04:00:00,0.0,0.0,0.0,0.0,0.0,0.0
2019-03-28 08:00:00,0.0,0.0,0.0,0.0,0.0,0.0
2019-03-28 12:00:00,0.0,0.0,0.0,0.0,0.0,0.0
2019-03-28 16:00:00,0.0,0.0,0.0,0.0,0.0,0.0
2019-03-28 20:00:00,0.0,0.0,0.0,0.0,0.0,0.0
2019-03-29 00:00:00,0.0,0.0,0.0,0.0,0.0,0.0
2019-03-29 04:00:00,0.0,0.0,0.0,0.0,0.0,0.0
2019-03-29 08:00:00,0.0,0.0,0.0,0.0,0.0,0.0
2019-03-29 12:00:00,0.0,0.0,0.0,0.0,0.0,0.0
2019-03-29 16:00:00,0.0,0.0,0.0,0.0,0.0,0.0
2019-03-29 20:00:00,0.0,0.0,0.0,0.0,0.0,0.0
2019-04-01 00:00:00,0.0,0.0,0.0,0.0,0.0,0.0
2019-04-01 04:00:00,0.0,0.0,0.0,0.0,0.0,0.0
2019-04-01 08:00:00,0.0,0.0,0.0,0.0,0.0,0.0
2019-04-01 12:00:00,0.0,0.0,0.0,0.0,0.0,0.0
2019-04-01 16:00:00,0.0,0.0,0.0,0.0,0.0,0.0
2019-04-01 20:00:00,0.0,0.0,0.0,0.0,0.0,0.0
2019-04-02 00:00:00,0.0,0.0,0.0,0.0,0.0,0.0
2019-04-02 04:00:00,0.0,0.0,0.0,0.0,0.0,0.0
2019-04-02 08:00:00,0.0,0.0,0.0,0.0,0.0,0.0
2019-04-02 12:00:00,0.0,0.0,0.0,0.0,0.0,0.0
2019-04-02 16:00:00,0.0,0.0,0.0,0.0,0.0,0.0
2019-04-02 20:00:00,0.0,0.0,0.0,0.0,0.0,0.0
2019-04-03 00:00:00,0.0,0.0,0.0,0.0,0.0,0.0
2019-04-03 04:00:00,0.0,0.0,0.0,0.0,0.0,0.0
2019-04-03 08:00:00,0.0,0.0,0.0,0.0,0.0,0.0
2019-04-03 12:00:00,0.0,0.0,0.0,0.0,0.0,0.0
2019-04-03 16:00:00,0.0,0.0,0.0,0.0,0.0,0.0
2019-04-03 20:00:00,0.0,0.0,0.0,0.0,0.0,0.0
2019-04-04 00:00:00,0.0,0.0,0.0,0.0,0.0,0.0
2019-04-04 04:00:00,0.0,0.0,0.0,0.0,0.0,0.0
2019-04-04 08:00:00,0.0,0.0,0.0,0.0,0.0,0.0
2019-04-04 12:00:00,0.0,0.0,0.0,0.0,0.0,0.0
2019-04-04 16:00:00,0.0,0.0,0.0,0.0,0.0,0.0
2019-04-04 20:00:00,0.0,0.0,0.0,0.0,0.0,0.0
2019-04-05 00:00:00,0.0,0.0,0.0,0.0,0.0,0.0
2019-04-05 04:00:00,0.0,0.0,0.0,0.0,0.0,0.0
2019-04-05 08:00:00,0.0,0.0,0.0,0.0,0.0,0.0
2019-04-05 12:00:00,0.0,0.0,0.0,0.0,0.0,0.0
2019-04-05 16:00:00,0.0,0.0,0.0,0.0,0.0,0.0
2019-04-05 20:00:00,0.0,0.0,0.0,0.0,0.0,0.0
2019-04-08 00:00:00,0.0,0.0,0.0,0.0,0.0,0.0
2019-04-08 04:00:00,0.0,0.0,0.0,0.0,0.0,0.0
2019-04-08 08:00:00,0.0,0.0,0.0,0.0,0.0,0.0
2019-04-08 12:00:00,0.0,0.0,0.0,0.0,0.0,0.0
2019-04-08 16:00:00,0.0,0.0,0.0,0.0,0.0,0.0
2019-04-08 20:00:00,0.0,0.0,0.0,0.0,0.0,0.0
2019-04-09 00:00:00,0.0,0.0,0.0,0.0,0.0,0.0
2019-04-09 04:00:00,0.0,0.0,0.0,0.0,0.0,0.0
2019-04-09 08:00:00,0.0,0.0,0.0,0.0,0.0,0.0
2019-04-09 12:00:00,0.0,0.0,0.0,0.0,0.0,0.0
2019-04-09 16:00:00,0.0,0.0,0.0,0.0,0.0,0.0
2019-04-09 20:00:00,0.0,0.0,0.0,0.0,0.0,0.0
2019-04-10 00:00:00,0.0,0.0,0.0,0.0,0.0,0.0
2019-04-10 04:00:00,0.0,0.0,0.0,0.0,0.0,0.0
2019-04-10 08:00:00,0.0,0.0,0.0,0.0,0.0,0.0
2019-04-10 12:00:00,0.0,0.0,0.0,0.0,0.0,0.0
2019-04-10 16:00:00,0.0,0.0,0.0,0.0,0.0,0.0
2019-04-10 20:00:00,0.0,0.0,0.0,0.0,0.0,0.0
2019-04-11 00:00:00,0.0,0.0,0.0,0.0,0.0,0.0
2019-04-11 04:00:00,0.0,0.0,0.0,0.0,0.0,0.0
2019-04-11 08:00:00,0.0,0.0,0.0,0.0,0.0,0.0
2019-04-11 12:00:00,0.0,0.0,0.0,0.0,0.0,0.0
2019-04-11 16:00:00,0.0,0.0,0.0,0.0,0.0,0.0
2019-04-11 20:00:00,0.0,0.0,0.0,0.0,0.0,0.0
2019-04-12 00:00:00,0.0,0.0,0.0,0.0,0.0,0.0
2019-04-12 04:00:00,0.0,0.0,0.0,0.0,0.0,0.0
2019-04-12 08:00:00,0.0,0.0,0.0,0.0,0.0,0.0
2019-04-12 12:00:00,0.0,0.0,0.0,0.0,0.0,0.0
2019-04-12 16:00:00,0.0,0.0,0.0,0.0,0.0,0.0
2019-04-12 20:00:00,0.0,0.0,0.0,0.0,0.0,0.0
2019-04-15 00:00:00,0.0,0.0,0.0,0.0,0.0,0.0
2019-04-15 04:00:00,0.0,0.0,0.0,0.0,0.0,0.0
2019-04-15 08:00:00,0.0,0.0,0.0,0.0,0.0,0.0
2019-04-15 12:00:00,0.0,0.0,0.0,0.0,0.0,0.0
2019-04-15 16:00:00,0.0,0.0,0.0,0.0,0.0,0.0
2019-04-15 20:00:00,0.0,0.0,0.0,0.0,0.0,0.0
2019-04-16 00:00:00,0.0,0.0,0.0,0.0,0.0,0.0
2019-04-16 04:00:00,0.0,0.0,0.0,0.0,0.0,0.0
2019-04-16 08:00:00,0.0,0.0,0.0,0.0,0.0,0.0
2019-04-16 12:00:00,0.0,0.0,0.0,0.0,0.0,0.0
2019-04-16 16:00:00,0.0,0.0,0.0,0.0,0.0,0.0
2019-04-16 20:00:00,0.0,0.0,0.0,0.0,0.0,0.0
2019-04-17 00:00:00,0.0,0.0,0.0,0.0,0.0,0.0
2019-04-17 04:00:00,0.0,0.0,0.0,0.0,0.0,0.0
2019-04-17 08:00:00,0.0,0.0,0.0,0.0,0.0,0.0
2019-04-17 12:00:00,0.0,0.0,0.0,0.0,0.0,0.0
2019-04-17 16:00:00,0.0,0.0,0.0,0.0,0.0,0.0
2019-04-17 20:00:00,0.0,0.0,0.0,0.0,0.0,0.0
2019-04-18 00:00:00,0.0,0.0,0.0,0.0,0.0,0.0
2019-04-18 04:00:00,0.0,0.0,0.0,0.0,0.0,0.0
2019-04-18 08:00:00,0.0,0.0,0.0,0.0,0.0,0.0
2019-04-18 12:00:00,0.0,0.0,0.0,0.0,0.0,0.0
2019-04-18 16:00:00,0.0,0.0,0.0,0.0,0.0,0.0
2019-04-18 20:00:00,0.0,0.0,0.0,0.0,0.0,0.0
2019-04-22 00:00:00,0.0,0.0,0.0,0.0,0.0,0.0
2019-04-22 04:00:00,0.0,0.0,0.0,0.0,0.0,0.0
2019-04-22 08:00:00,0.0,0.0,0.0,0.0,0.0,0.0
2019-04-22 12:00:00,0.0,0.0,0.0,0.0,0.0,0.0
2019-04-22 16:00:00,0.0,0.0,0.0,0.0,0.0,0.0
2019-04-22 20:00:00,0.0,0.0,0.0,0.0,0.0,0.0
2019-04-23 00:00:00,0.0,0.0,0.0,0.0,0.0,0.0
2019-04-23 04:00:00,0.0,0.0,0.0,0.0,0.0,0.0
2019-04-23 08:00:00,0.0,0.0,0.0,0.0,0.0,0.0
2019-04-23 12:00:00,0.0,0.0,0.0,0.0,0.0,0.0
2019-04-23 16:00:00,0.0,0.0,0.0,0.0,0.0,0.0
2019-04-23 20:00:00,0.0,0.0,0.0,0.0,0.0,0.0
2019-04-24 00:00:00,0.0,0.0,0.0,0.0,0.0,0.0
2019-04-24 04:00:00,0.0,0.0,0.0,0.0,0.0,0.0
2019-04-24 08:00:00,0.0,0.0,0.0,0.0,0.0,0.0
2019-04-24 12:00:00,0.0,0.0,0.0,0.0,0.0,0.0
2019-04-24 16:00:00,0.0,0.0,0.0,0.0,0.0,0.0
2019-04-24 20:00:00,0.0,0.0,0.0,0.0,0.0,0.0
2019-04-25 00:00:00,0.0,0.0,0.0,0.0,0.0,0.0
2019-04-25 04:00:00,0.0,0.0,0.0,0.0,0.0,0.0
2019-04-25 08:00:00,0.0,0.0,0.0,0.0,0.0,0.0
2019-04-25 12:00:00,0.0,0.0,0.0,0.0,0.0,0.0
2019-04-25 16:00:00,0.0,0.0,0.0,0.0,0.0,0.0
2019-04-25 20:00:00,0.0,0.0,0.0,0.0,0.0,0.0
2019-04-26 00:00:00,0.0,0.0,0.0,0.0,0.0,0.0
2019-04-26 04:00:00,0.0,0.0,0.0,0.0,0.0,0.0
2019-04-26 08:00:00,0.0,0.0,0.0,0.0,0.0,0.0
2019-04-26 12:00:00,0.0,0.0,0.0,0.0,0.0,0.0
2019-04-26 16:00:00,0.0,0.0,0.0,0.0,0.0,0.0
2019-04-26 20:00:00,0.0,0.0,0.0,0.0,0.0,0.0
2019-04-29 00:00:00,0.0,0.0,0.0,0.0,0.0,0.0
2019-04-29 04:00:00,0.0,0.0,0.0,0.0,0.0,0.0
2019-04-29 08:00:00,0.0,0.0,0.0,0.0,0.0,0.0
2019-04-29 12:00:00,0.0,0.0,0.0,0.0,0.0,0.0
2019-04-29 16:00:00,0.0,0.0,0.0,0.0,0.0,0.0
2019-04-29 20:00:00,0.0,0.0,0.0,0.0,0.0,0.0
2019-04-30 00:00:00,0.0,0.0,0.0,0.0,0.0,0.0
2019-04-30 04:00:00,0.0,0.0,0.0,0.0,0.0,0.0
2019-04-30 08:00:00,0.0,0.0,0.0,0.0,0.0,0.0
2019-04-30 12:00:00,0.0,0.0,0.0,0.0,0.0,0.0
2019-04-30 16:00:00,0.0,0.0,0.0,0.0,0.0,0.0
2019-04-30 20:00:00,0.0,0.0,0.0,0.0,0.0,0.0
2019-05-01 00:00:00,0.0,0.0,0.0,0.0,0.0,0.0
2019-05-01 04:00:00,0.0,0.0,0.0,0.0,0.0,0.0
2019-05-01 08:00:00,0.0,0.0,0.0,0.0,0.0,0.0
2019-05-01 12:00:00,0.0,0.0,0.0,0.0,0.0,0.0
2019-05-01 16:00:00,0.0,0.0,0.0,0.0,0.0,0.0
2019-05-01 20:00:00,0.0,0.0,0.0,0.0,0.0,0.0
2019-05-02 00:00:00,0.0,0.0,0.0,0.0,0.0,0.0
2019-05-02 04:00:00,0.0,0.0,0.0,0.0,0.0,0.0
2019-05-02 08:00:00,0.0,0.0,0.0,0.0,0.0,0.0
2019-05-02 12:00:00,0.0,0.0,0.0,0.0,0.0,0.0
2019-05-02 16:00:00,0.0,0.0,0.0,0.0,0.0,0.0
2019-05-02 20:00:00,0.0,0.0,0.0,0.0,0.0,0.0
2019-05-03 00:00:00,0.0,0.0,0.0,0.0,0.0,0.0
2019-05-03 04:00:00,0.0,0.0,0.0,0.0,0.0,0.0
2019-05-03 08:00:00,0.0,0.0,0.0,0.0,0.0,0.0
2019-05-03 12:00:00,0.0,0.0,0.0,0.0,0.0,0.0
2019-05-03 16:00:00,0.0,0.0,0.0,0.0,0.0,0.0
2019-05-03 20:00:00,0.0,0.0,0.0,0.0,0.0,0.0
2019-05-06 00:00:00,0.0,0.0,0.0,0.0,0.0,0.0
2019-05-06 04:00:00,0.0,0.0,0.0,0.0,0.0,0.0
2019-05-06 08:00:00,0.0,0.0,0.0,0.0,0.0,0.0
2019-05-06 12:00:00,0.0,0.0,0.0,0.0,0.0,0.0
2019-05-06 16:00:00,0.0,0.0,0.0,0.0,0.0,0.0
2019-05-06 20:00:00,0.0,0.0,0.0,0.0,0.0,0.0
2019-05-07 00:00:00,0.0,0.0,0.0,0.0,0.0,0.0
2019-05-07 04:00:00,0.0,0.0,0.0,0.0,0.0,0.0
2019-05-07 08:00:00,0.0,0.0,0.0,0.0,0.0,0.0
2019-05-07 12:00:00,0.0,0.0,0.0,0.0,0.0,0.0
2019-05-07 16:00:00,0.0,0.0,0.0,0.0,0.0,0.0
2019-05-07 20:00:00,0.0,0.0,0.0,0.0,0.0,0.0
2019-05-08 00:00:00,0.0,0.0,0.0,0.0,0.0,0.0
2019-05-08 04:00:00,0.0,0.0,0.0,0.0,0.0,0.0
2019-05-08 08:00:00,0.0,0.0,0.0,0.0,0.0,0.0
2019-05-08 12:00:00,0.0,0.0,0.0,0.0,0.0,0.0
2019-05-08 16:00:00,0.0,0.0,0.0,0.0,0.0,0.0
2019-05-08 20:00:00,0.0,0.0,0.0,0.0,0.0,0.0
2019-05-09 00:00:00,0.0,0.0,0.0,0.0,0.0,0.0
2019-05-09 04:00:00,0.0,0.0,0.0,0.0,0.0,0.0
2019-05-09 08:00:00,0.0,0.0,0.0,0.0,0.0,0.0
2019-05-09 12:00:00,0.0,0.0,0.0,0.0,0.0,0.0
2019-05-09 16:00:00,0.0,0.0,0.0,0.0,0.0,0.0
2019-05-09 20:00:00,0.0,0.0,0.0,0.0,0.0,0.0
2019-05-10 00:00:00,0.0,0.0,0.0,0.0,0.0,0.0
2019-05-10 04:00:00,0.0,0.0,0.0,0.0,0.0,0.0
2019-05-10 08:00:00,0.0,0.0,0.0,0.0,0.0,0.0
2019-05-10 12:00:00,0.0,0.0,0.0,0.0,0.0,0.0
2019-05-10 16:00:00,0.0,0.0,0.0,0.0,0.0,0.0
2019-05-10 20:00:00,0.0,0.0,0.0,0.0,0.0,0.0
2019-05-13 00:00:00,0.0,0.0,0.0,0.0,0.0,0.0
2019-05-13 04:00:00,0.0,0.0,0.0,0.0,0.0,0.0
2019-05-13 08:00:00,0.0,0.0,0.0,0.0,0.0,0.0
2019-05-13 12:00:00,0.0,0.0,0.0,0.0,0.0,0.0
2019-05-13 16:00:00,0.0,0.0,0.0,0.0,0.0,0.0
2019-05-13 20:00:00,0.0,0.0,0.0,0.0,0.0,0.0
2019-05-14 00:00:00,0.0,0.0,0.0,0.0,0.0,0.0
2019-05-14 04:00:00,0.0,0.0,0.0,0.0,0.0,0.0
2019-05-14 08:00:00,0.0,0.0,0.0,0.0,0.0,0.0
2019-05-14 12:00:00,0.0,0.0,0.0,0.0,0.0,0.0
2019-05-14 16:00:00,0.0,0.0,0.0,0.0,0.0,0.0
2019-05-14 20:00:00,0.0,0.0,0.0,0.0,0.0,0.0
2019-05-15 00:00:00,0.0,0.0,0.0,0.0,0.0,0.0
2019-05-15 04:00:00,0.0,0.0,0.0,0.0,0.0,0.0
2019-05-15 08:00:00,0.0,0.0,0.0,0.0,0.0,0.0
2019-05-15 12:00:00,0.0,0.0,0.0,0.0,0.0,0.0
2019-05-15 16:00:00,0.0,0.0,0.0,0.0,0.0,0.0
2019-05-15 20:00:00,0.0,0.0,0.0,0.0,0.0,0.0
2019-05-16 00:00:00,0.0,0.0,0.0,0.0,0.0,0.0
2019-05-16 04:00:00,0.0,0.0,0.0,0.0,0.0,0.0
2019-05-16 08:00:00,0.0,0.0,0.0,0.0,0.0,0.0
2019-05-16 12:00:00,0.0,0.0,0.0,0.0,0.0,0.0
2019-05-16 16:00:00,0.0,0.0,0.0,0.0,0.0,0.0
2019-05-16 20:00:00,0.0,0.0,0.0,0.0,0.0,0.0
2019-05-17 00:00:00,0.0,0.0,0.0,0.0,0.0,0.0
2019-05-17 04:00:00,0.0,0.0,0.0,0.0,0.0,0.0
2019-05-17 08:00:00,0.0,0.0,0.0,0.0,0.0,0.0
2019-05-17 12:00:00,0.0,0.0,0.0,0.0,0.0,0.0
2019-05-17 16:00:00,0.0,0.0,0.0,0.0,0.0,0.0
2019-05-17 20:00:00,0.0,0.0,0.0,0.0,0.0,0.0
2019-05-20 00:00:00,0.0,0.0,0.0,0.0,0.0,0.0
2019-05-20 04:00:00,0.0,0.0,0.0,0.0,0.0,0.0
2019-05-20 08:00:00,0.0,0.0,0.0,0.0,0.0,0.0
2019-05-20 12:00:00,0.0,0.0,0.0,0.0,0.0,0.0
2019-05-20 16:00:00,0.0,0.0,0.0,0.0,0.0,0.0
2019-05-20 20:00:00,0.0,0.0,0.0,0.0,0.0,0.0
2019-05-21 00:00:00,0.0,0.0,0.0,0.0,0.0,0.0
2019-05-21 04:00:00,0.0,0.0,0.0,0.0,0.0,0.0
2019-05-21 08:00:00,0.0,0.0,0.0,0.0,0.0,0.0
2019-05-21 12:00:00,0.0,0.0,0.0,0.0,0.0,0.0
2019-05-21 16:00:00,0.0,0.0,0.0,0.0,0.0,0.0
2019-05-21 20:00:00,0.0,0.0,0.0,0.0,0.0,0.0
2019-05-22 00:00:00,0.0,0.0,0.0,0.0,0.0,0.0
2019-05-22 04:00:00,0.0,0.0,0.0,0.0,0.0,0.0
2019-05-22 08:00:00,0.0,0.0,0.0,0.0,0.0,0.0
2019-05-22 12:00:00,0.0,0.0,0.0,0.0,0.0,0.0
2019-05-22 16:00:00,0.0,0.0,0.0,0.0,0.0,0.0
2019-05-22 20:00:00,0.0,0.0,0.0,0.0,0.0,0.0
2019-05-23 04:00:00,0.0,0.0,0.0,0.0,0.0,0.0
2019-05-23 08:00:00,0.0,0.0,0.0,0.0,0.0,0.0
2019-05-23 12:00:00,0.0,0.0,0.0,0.0,0.0,0.0
2019-05-23 16:00:00,0.0,0.0,0.0,0.0,0.0,0.0
2019-05-23 20:00:00,0.0,0.0,0.0,0.0,0.0,0.0
2019-05-24 00:00:00,0.0,0.0,0.0,0.0,0.0,0.0
2019-05-24 04:00:00,0.0,0.0,0.0,0.0,0.0,0.0
2019-05-24 08:00:00,0.0,0.0,0.0,0.0,0.0,0.0
2019-05-24 12:00:00,0.0,0.0,0.0,0.0,0.0,0.0
2019-05-24 16:00:00,0.0,0.0,0.0,0.0,0.0,0.0
2019-05-24 20:00:00,0.0,0.0,0.0,0.0,0.0,0.0
2019-05-28 00:00:00,0.0,0.0,0.0,0.0,0.0,0.0
2019-05-28 04:00:00,0.0,0.0,0.0,0.0,0.0,0.0
2019-05-28 08:00:00,0.0,0.0,0.0,0.0,0.0,0.0
2019-05-28 12:00:00,0.0,0.0,0.0,0.0,0.0,0.0
2019-05-28 16:00:00,0.0,0.0,0.0,0.0,0.0,0.0
2019-05-28 20:00:00,0.0,0.0,0.0,0.0,0.0,0.0
2019-05-29 00:00:00,0.0,0.0,0.0,0.0,0.0,0.0
2019-05-29 04:00:00,0.0,0.0,0.0,0.0,0.0,0.0
2019-05-29 08:00:00,0.0,0.0,0.0,0.0,0.0,0.0
2019-05-29 12:00:00,0.0,0.0,0.0,0.0,0.0,0.0
2019-05-29 16:00:00,0.0,0.0,0.0,0.0,0.0,0.0
2019-05-29 20:00:00,0.0,0.0,0.0,0.0,0.0,0.0
2019-05-30 00:00:00,0.0,0.0,0.0,0.0,0.0,0.0
2019-05-30 04:00:00,0.0,0.0,0.0,0.0,0.0,0.0
2019-05-30 08:00:00,0.0,0.0,0.0,0.0,0.0,0.0
2019-05-30 12:00:00,0.0,0.0,0.0,0.0,0.0,0.0
2019-05-30 16:00:00,0.0,0.0,0.0,0.0,0.0,0.0
2019-05-30 20:00:00,0.0,0.0,0.0,0.0,0.0,0.0
2019-05-31 00:00:00,0.0,0.0,0.0,0.0,0.0,0.0
2019-05-31 04:00:00,0.0,0.0,0.0,0.0,0.0,0.0
2019-05-31 08:00:00,0.0,0.0,0.0,0.0,0.0,0.0
2019-05-31 12:00:00,0.0,0.0,0.0,0.0,0.0,0.0
2019-05-31 16:00:00,0.0,0.0,0.0,0.0,0.0,0.0
2019-05-31 20:00:00,0.0,0.0,0.0,0.0,0.0,0.0
2019-06-03 00:00:00,0.0,0.0,0.0,0.0,0.0,0.0
2019-06-03 04:00:00,0.0,0.0,0.0,0.0,0.0,0.0
2019-06-03 08:00:00,0.0,0.0,0.0,0.0,0.0,0.0
2019-06-03 12:00:00,0.0,0.0,0.0,0.0,0.0,0.0
2019-06-03 16:00:00,0.0,0.0,0.0,0.0,0.0,0.0
2019-06-03 20:00:00,0.0,0.0,0.0,0.0,0.0,0.0
2019-06-04 00:00:00,0.0,0.0,0.0,0.0,0.0,0.0
2019-06-04 04:00:00,0.0,0.0,0.0,0.0,0.0,0.0
2019-06-04 08:00:00,0.0,0.0,0.0,0.0,0.0,0.0
2019-06-04 12:00:00,0.0,0.0,0.0,0.0,0.0,0.0
2019-06-04 16:00:00,0.0,0.0,0.0,0.0,0.0,0.0
2019-06-04 20:00:00,0.0,0.0,0.0,0.0,0.0,0.0
2019-06-05 00:00:00,0.0,0.0,0.0,0.0,0.0,0.0
2019-06-05 04:00:00,0.0,0.0,0.0,0.0,0.0,0.0
2019-06-05 08:00:00,0.0,0.0,0.0,0.0,0.0,0.0
2019-06-05 12:00:00,0.0,0.0,0.0,0.0,0.0,0.0
2019-06-05 16:00:00,0.0,0.0,0.0,0.0,0.0,0.0
2019-06-05 20:00:00,0.0,0.0,0.0,0.0,0.0,0.0
2019-06-06 00:00:00,0.0,0.0,0.0,0.0,0.0,0.0
2019-06-06 04:00:00,0.0,0.0,0.0,0.0,0.0,0.0
2019-06-06 08:00:00,0.0,0.0,0.0,0.0,0.0,0.0
2019-06-06 12:00:00,0.0,0.0,0.0,0.0,0.0,0.0
2019-06-06 16:00:00,0.0,0.0,0.0,0.0,0.0,0.0
2019-06-06 20:00:00,0.0,0.0,0.0,0.0,0.0,0.0
2019-06-07 00:00:00,0.0,0.0,0.0,0.0,0.0,0.0
2019-06-07 04:00:00,0.0,0.0,0.0,0.0,0.0,0.0
2019-06-07 08:00:00,0.0,0.0,0.0,0.0,0.0,0.0
2019-06-07 12:00:00,0.0,0.0,0.0,0.0,0.0,0.0
2019-06-07 16:00:00,0.0,0.0,0.0,0.0,0.0,0.0
2019-06-07 20:00:00,0.0,0.0,0.0,0.0,0.0,0.0
2019-06-10 00:00:00,0.0,0.0,0.0,0.0,0.0,0.0
2019-06-10 04:00:00,0.0,0.0,0.0,0.0,0.0,0.0
2019-06-10 08:00:00,0.0,0.0,0.0,0.0,0.0,0.0
2019-06-10 12:00:00,0.0,0.0,0.0,0.0,0.0,0.0
2019-06-10 16:00:00,0.0,0.0,0.0,0.0,0.0,0.0
2019-06-10 20:00:00,0.0,0.0,0.0,0.0,0.0,0.0
2019-06-11 00:00:00,0.0,0.0,0.0,0.0,0.0,0.0
2019-06-11 04:00:00,0.0,0.0,0.0,0.0,0.0,0.0
2019-06-11 08:00:00,0.0,0.0,0.0,0.0,0.0,0.0
2019-06-11 12:00:00,0.0,0.0,0.0,0.0,0.0,0.0
2019-06-11 16:00:00,0.0,0.0,0.0,0.0,0.0,0.0
2019-06-11 20:00:00,0.0,0.0,0.0,0.0,0.0,0.0
2019-06-12 00:00:00,0.0,0.0,0.0,0.0,0.0,0.0
2019-06-12 04:00:00,0.0,0.0,0.0,0.0,0.0,0.0
2019-06-12 08:00:00,0.0,0.0,0.0,0.0,0.0,0.0
2019-06-12 12:00:00,0.0,0.0,0.0,0.0,0.0,0.0
2019-06-12 16:00:00,0.0,0.0,0.0,0.0,0.0,0.0
2019-06-12 20:00:00,0.0,0.0,0.0,0.0,0.0,0.0
2019-06-13 00:00:00,0.0,0.0,0.0,0.0,0.0,0.0
2019-06-13 04:00:00,0.0,0.0,0.0,0.0,0.0,0.0
2019-06-13 08:00:00,0.0,0.0,0.0,0.0,0.0,0.0
2019-06-13 12:00:00,0.0,0.0,0.0,0.0,0.0,0.0
2019-06-13 16:00:00,0.0,0.0,0.0,0.0,0.0,0.0
2019-06-13 20:00:00,0.0,0.0,0.0,0.0,0.0,0.0
2019-06-14 00:00:00,0.0,0.0,0.0,0.0,0.0,0.0
2019-06-14 04:00:00,0.0,0.0,0.0,0.0,0.0,0.0
2019-06-14 08:00:00,0.0,0.0,0.0,0.0,0.0,0.0
2019-06-14 12:00:00,0.0,0.0,0.0,0.0,0.0,0.0
2019-06-14 16:00:00,0.0,0.0,0.0,0.0,0.0,0.0
2019-06-14 20:00:00,0.0,0.0,0.0,0.0,0.0,0.0
2019-06-17 00:00:00,0.0,0.0,0.0,0.0,0.0,0.0
2019-06-17 04:00:00,0.0,0.0,0.0,0.0,0.0,0.0
2019-06-17 08:00:00,0.0,0.0,0.0,0.0,0.0,0.0
2019-06-17 12:00:00,0.0,0.0,0.0,0.0,0.0,0.0
2019-06-17 16:00:00,0.0,0.0,0.0,0.0,0.0,0.0
2019-06-17 20:00:00,0.0,0.0,0.0,0.0,0.0,0.0
2019-06-18 00:00:00,0.0,0.0,0.0,0.0,0.0,0.0
2019-06-18 04:00:00,0.0,0.0,0.0,0.0,0.0,0.0
2019-06-18 08:00:00,0.0,0.0,0.0,0.0,0.0,0.0
2019-06-18 12:00:00,0.0,0.0,0.0,0.0,0.0,0.0
2019-06-18 16:00:00,0.0,0.0,0.0,0.0,0.0,0.0
2019-06-18 20:00:00,0.0,0.0,0.0,0.0,0.0,0.0
2019-06-19 00:00:00,0.0,0.0,0.0,0.0,0.0,0.0
2019-06-19 04:00:00,0.0,0.0,0.0,0.0,0.0,0.0
2019-06-19 08:00:00,0.0,0.0,0.0,0.0,0.0,0.0
2019-06-19 12:00:00,0.0,0.0,0.0,0.0,0.0,0.0
2019-06-19 16:00:00,0.0,0.0,0.0,0.0,0.0,0.0
2019-06-19 20:00:00,0.0,0.0,0.0,0.0,0.0,0.0
2019-06-20 00:00:00,0.0,0.0,0.0,0.0,0.0,0.0
2019-06-20 04:00:00,0.0,0.0,0.0,0.0,0.0,0.0
2019-06-20 08:00:00,0.0,0.0,0.0,0.0,0.0,0.0
2019-06-20 12:00:00,0.0,0.0,0.0,0.0,0.0,0.0
2019-06-20 16:00:00,0.0,0.0,0.0,0.0,0.0,0.0
2019-06-20 20:00:00,0.0,0.0,0.0,0.0,0.0,0.0
2019-06-21 00:00:00,0.0,0.0,0.0,0.0,0.0,0.0
2019-06-21 04:00:00,0.0,0.0,0.0,0.0,0.0,0.0
2019-06-21 08:00:00,0.0,0.0,0.0,0.0,0.0,0.0
2019-06-21 12:00:00,0.0,0.0,0.0,0.0,0.0,0.0
2019-06-21 16:00:00,0.0,0.0,0.0,0.0,0.0,0.0
2019-06-21 20:00:00,0.0,0.0,0.0,0.0,0.0,0.0
2019-06-24 00:00:00,0.0,0.0,0.0,0.0,0.0,0.0
2019-06-24 04:00:00,0.0,0.0,0.0,0.0,0.0,0.0
2019-06-24 08:00:00,0.0,0.0,0.0,0.0,0.0,0.0
2019-06-24 12:00:00,0.0,0.0,0.0,0.0,0.0,0.0
2019-06-24 16:00:00,0.0,0.0,0.0,0.0,0.0,0.0
2019-06-24 20:00:00,0.0,0.0,0.0,0.0,0.0,0.0
2019-06-25 00:00:00,0.0,0.0,0.0,0.0,0.0,0.0
2019-06-25 04:00:00,0.0,0.0,0.0,0.0,0.0,0.0
2019-06-25 08:00:00,0.0,0.0,0.0,0.0,0.0,0.0
2019-06-25 12:00:00,0.0,0.0,0.0,0.0,0.0,0.0
2019-06-25 16:00:00,0.0,0.0,0.0,0.0,0.0,0.0
2019-06-25 20:00:00,0.0,0.0,0.0,0.0,0.0,0.0
2019-06-26 00:00:00,0.0,0.0,0.0,0.0,0.0,0.0
2019-06-26 04:00:00,0.0,0.0,0.0,0.0,0.0,0.0
2019-06-26 08:00:00,0.0,0.0,0.0,0.0,0.0,0.0
2019-06-26 12:00:00,0.0,0.0,0.0,0.0,0.0,0.0
2019-06-26 16:00:00,0.0,0.0,0.0,0.0,0.0,0.0
2019-06-26 20:00:00,0.0,0.0,0.0,0.0,0.0,0.0
2019-06-27 00:00:00,0.0,0.0,0.0,0.0,0.0,0.0
2019-06-27 04:00:00,0.0,0.0,0.0,0.0,0.0,0.0
2019-06-27 08:00:00,0.0,0.0,0.0,0.0,0.0,0.0
2019-06-27 12:00:00,0.0,0.0,0.0,0.0,0.0,0.0
2019-06-27 16:00:00,0.0,0.0,0.0,0.0,0.0,0.0
2019-06-27 20:00:00,0.0,0.0,0.0,0.0,0.0,0.0
2019-06-28 00:00:00,0.0,0.0,0.0,0.0,0.0,0.0
2019-06-28 04:00:00,0.0,0.0,0.0,0.0,0.0,0.0
2019-06-28 08:00:00,0.0,0.0,0.0,0.0,0.0,0.0
2019-06-28 12:00:00,0.0,0.0,0.0,0.0,0.0,0.0
2019-06-28 16:00:00,0.0,0.0,0.0,0.0,0.0,0.0
2019-06-28 20:00:00,0.0,0.0,0.0,0.0,0.0,0.0
2019-07-01 00:00:00,0.0,0.0,0.0,0.0,0.0,0.0
2019-07-01 04:00:00,0.0,0.0,0.0,0.0,0.0,0.0
2019-07-01 08:00:00,0.0,0.0,0.0,0.0,0.0,0.0
2019-07-01 12:00:00,0.0,0.0,0.0,0.0,0.0,0.0
2019-07-01 16:00:00,0.0,0.0,0.0,0.0,0.0,0.0
2019-07-01 20:00:00,0.0,0.0,0.0,0.0,0.0,0.0
2019-07-02 00:00:00,0.0,0.0,0.0,0.0,0.0,0.0
2019-07-02 04:00:00,0.0,0.0,0.0,0.0,0.0,0.0
2019-07-02 08:00:00,0.0,0.0,0.0,0.0,0.0,0.0
2019-07-02 12:00:00,0.0,0.0,0.0,0.0,0.0,0.0
2019-07-02 16:00:00,0.0,0.0,0.0,0.0,0.0,0.0
2019-07-02 20:00:00,0.0,0.0,0.0,0.0,0.0,0.0
2019-07-03 00:00:00,0.0,0.0,0.0,0.0,0.0,0.0
2019-07-03 04:00:00,0.0,0.0,0.0,0.0,0.0,0.0
2019-07-03 08:00:00,0.0,0.0,0.0,0.0,0.0,0.0
2019-07-03 12:00:00,0.0,0.0,0.0,0.0,0.0,0.0
2019-07-03 16:00:00,0.0,0.0,0.0,0.0,0.0,0.0
2019-07-03 20:00:00,0.0,0.0,0.0,0.0,0.0,0.0
2019-07-05 00:00:00,0.0,0.0,0.0,0.0,0.0,0.0
2019-07-05 04:00:00,0.0,0.0,0.0,0.0,0.0,0.0
2019-07-05 08:00:00,0.0,0.0,0.0,0.0,0.0,0.0
2019-07-05 12:00:00,0.0,0.0,0.0,0.0,0.0,0.0
2019-07-05 16:00:00,0.0,0.0,0.0,0.0,0.0,0.0
2019-07-05 20:00:00,0.0,0.0,0.0,0.0,0.0,0.0
2019-07-08 00:00:00,0.0,0.0,0.0,0.0,0.0,0.0
2019-07-08 04:00:00,0.0,0.0,0.0,0.0,0.0,0.0
2019-07-08 08:00:00,0.0,0.0,0.0,0.0,0.0,0.0
2019-07-08 12:00:00,0.0,0.0,0.0,0.0,0.0,0.0
2019-07-08 16:00:00,0.0,0.0,0.0,0.0,0.0,0.0
2019-07-08 20:00:00,0.0,0.0,0.0,0.0,0.0,0.0
2019-07-09 00:00:00,0.0,0.0,0.0,0.0,0.0,0.0
2019-07-09 04:00:00,0.0,0.0,0.0,0.0,0.0,0.0
2019-07-09 08:00:00,0.0,0.0,0.0,0.0,0.0,0.0
2019-07-09 12:00:00,0.0,0.0,0.0,0.0,0.0,0.0
2019-07-09 16:00:00,0.0,0.0,0.0,0.0,0.0,0.0
2019-07-09 20:00:00,0.0,0.0,0.0,0.0,0.0,0.0
2019-07-10 00:00:00,0.0,0.0,0.0,0.0,0.0,0.0
2019-07-10 04:00:00,0.0,0.0,0.0,0.0,0.0,0.0
2019-07-10 08:00:00,0.0,0.0,0.0,0.0,0.0,0.0
2019-07-10 12:00:00,0.0,0.0,0.0,0.0,0.0,0.0
2019-07-10 16:00:00,0.0,0.0,0.0,0.0,0.0,0.0
2019-07-10 20:00:00,0.0,0.0,0.0,0.0,0.0,0.0
2019-07-11 00:00:00,0.0,0.0,0.0,0.0,0.0,0.0
2019-07-11 04:00:00,0.0,0.0,0.0,0.0,0.0,0.0
2019-07-11 08:00:00,0.0,0.0,0.0,0.0,0.0,0.0
2019-07-11 12:00:00,0.0,0.0,0.0,0.0,0.0,0.0
2019-07-11 16:00:00,0.0,0.0,0.0,0.0,0.0,0.0
2019-07-11 20:00:00,0.0,0.0,0.0,0.0,0.0,0.0
2019-07-12 00:00:00,0.0,0.0,0.0,0.0,0.0,0.0
2019-07-12 04:00:00,0.0,0.0,0.0,0.0,0.0,0.0
2019-07-12 08:00:00,0.0,0.0,0.0,0.0,0.0,0.0
2019-07-12 12:00:00,0.0,0.0,0.0,0.0,0.0,0.0
2019-07-12 16:00:00,0.0,0.0,0.0,0.0,0.0,0.0
2019-07-12 20:00:00,0.0,0.0,0.0,0.0,0.0,0.0
2019-07-15 00:00:00,0.0,0.0,0.0,0.0,0.0,0.0
2019-07-15 04:00:00,0.0,0.0,0.0,0.0,0.0,0.0
2019-07-15 08:00:00,0.0,0.0,0.0,0.0,0.0,0.0
2019-07-15 12:00:00,0.0,0.0,0.0,0.0,0.0,0.0
2019-07-15 16:00:00,0.0,0.0,0.0,0.0,0.0,0.0
2019-07-15 20:00:00,0.0,0.0,0.0,0.0,0.0,0.0
2019-07-16 00:00:00,0.0,0.0,0.0,0.0,0.0,0.0
2019-07-16 04:00:00,0.0,0.0,0.0,0.0,0.0,0.0
2019-07-16 08:00:00,0.0,0.0,0.0,0.0,0.0,0.0
2019-07-16 12:00:00,0.0,0.0,0.0,0.0,0.0,0.0
2019-07-16 16:00:00,0.0,0.0,0.0,0.0,0.0,0.0
2019-07-16 20:00:00,0.0,0.0,0.0,0.0,0.0,0.0
2019-07-17 00:00:00,0.0,0.0,0.0,0.0,0.0,0.0
2019-07-17 04:00:00,0.0,0.0,0.0,0.0,0.0,0.0
2019-07-17 08:00:00,0.0,0.0,0.0,0.0,0.0,0.0
2019-07-17 12:00:00,0.0,0.0,0.0,0.0,0.0,0.0
2019-07-17 16:00:00,0.0,0.0,0.0,0.0,0.0,0.0
2019-07-17 20:00:00,0.0,0.0,0.0,0.0,0.0,0.0
2019-07-18 00:00:00,0.0,0.0,0.0,0.0,0.0,0.0
2019-07-18 04:00:00,0.0,0.0,0.0,0.0,0.0,0.0
2019-07-18 08:00:00,0.0,0.0,0.0,0.0,0.0,0.0
2019-07-18 12:00:00,0.0,0.0,0.0,0.0,0.0,0.0
2019-07-18 16:00:00,0.0,0.0,0.0,0.0,0.0,0.0
2019-07-18 20:00:00,0.0,0.0,0.0,0.0,0.0,0.0
2019-07-19 00:00:00,0.0,0.0,0.0,0.0,0.0,0.0
2019-07-19 04:00:00,0.0,0.0,0.0,0.0,0.0,0.0
2019-07-19 08:00:00,0.0,0.0,0.0,0.0,0.0,0.0
2019-07-19 12:00:00,0.0,0.0,0.0,0.0,0.0,0.0
2019-07-19 16:00:00,0.0,0.0,0.0,0.0,0.0,0.0
2019-07-19 20:00:00,0.0,0.0,0.0,0.0,0.0,0.0
2019-07-22 00:00:00,0.0,0.0,0.0,0.0,0.0,0.0
2019-07-22 04:00:00,0.0,0.0,0.0,0.0,0.0,0.0
2019-07-22 08:00:00,0.0,0.0,0.0,0.0,0.0,0.0
2019-07-22 12:00:00,0.0,0.0,0.0,0.0,0.0,0.0
2019-07-22 16:00:00,0.0,0.0,0.0,0.0,0.0,0.0
2019-07-22 20:00:00,0.0,0.0,0.0,0.0,0.0,0.0
2019-07-23 00:00:00,0.0,0.0,0.0,0.0,0.0,0.0
2019-07-23 04:00:00,0.0,0.0,0.0,0.0,0.0,0.0
2019-07-23 08:00:00,0.0,0.0,0.0,0.0,0.0,0.0
2019-07-23 12:00:00,0.0,0.0,0.0,0.0,0.0,0.0
2019-07-23 16:00:00,0.0,0.0,0.0,0.0,0.0,0.0
2019-07-23 20:00:00,0.0,0.0,0.0,0.0,0.0,0.0
2019-07-24 00:00:00,0.0,0.0,0.0,0.0,0.0,0.0
2019-07-24 04:00:00,0.0,0.0,0.0,0.0,0.0,0.0
2019-07-24 08:00:00,0.0,0.0,0.0,0.0,0.0,0.0
2019-07-24 12:00:00,0.0,0.0,0.0,0.0,0.0,0.0
2019-07-24 16:00:00,0.0,0.0,0.0,0.0,0.0,0.0
2019-07-24 20:00:00,0.0,0.0,0.0,0.0,0.0,0.0
2019-07-25 00:00:00,0.0,0.0,0.0,0.0,0.0,0.0
2019-07-25 04:00:00,0.0,0.0,0.0,0.0,0.0,0.0
2019-07-25 08:00:00,0.0,0.0,0.0,0.0,0.0,0.0
2019-07-25 12:00:00,0.0,0.0,0.0,0.0,0.0,0.0
2019-07-25 16:00:00,0.0,0.0,0.0,0.0,0.0,0.0
2019-07-25 20:00:00,0.0,0.0,0.0,0.0,0.0,0.0
2019-07-26 00:00:00,0.0,0.0,0.0,0.0,0.0,0.0
2019-07-26 04:00:00,0.0,0.0,0.0,0.0,0.0,0.0
2019-07-26 08:00:00,0.0,0.0,0.0,0.0,0.0,0.0
2019-07-26 12:00:00,0.0,0.0,0.0,0.0,0.0,0.0
2019-07-26 16:00:00,0.0,0.0,0.0,0.0,0.0,0.0
2019-07-26 20:00:00,0.0,0.0,0.0,0.0,0.0,0.0
2019-07-29 00:00:00,0.0,0.0,0.0,0.0,0.0,0.0
2019-07-29 04:00:00,0.0,0.0,0.0,0.0,0.0,0.0
2019-07-29 08:00:00,0.0,0.0,0.0,0.0,0.0,0.0
2019-07-29 12:00:00,0.0,0.0,0.0,0.0,0.0,0.0
2019-07-29 16:00:00,0.0,0.0,0.0,0.0,0.0,0.0
2019-07-29 20:00:00,0.0,0.0,0.0,0.0,0.0,0.0
2019-07-30 00:00:00,0.0,0.0,0.0,0.0,0.0,0.0
2019-07-30 04:00:00,0.0,0.0,0.0,0.0,0.0,0.0
2019-07-30 08:00:00,0.0,0.0,0.0,0.0,0.0,0.0
2019-07-30 12:00:00,0.0,0.0,0.0,0.0,0.0,0.0
2019-07-30 16:00:00,0.0,0.0,0.0,0.0,0.0,0.0
2019-07-30 20:00:00,0.0,0.0,0.0,0.0,0.0,0.0
2019-07-31 00:00:00,0.0,0.0,0.0,0.0,0.0,0.0
2019-07-31 04:00:00,0.0,0.0,0.0,0.0,0.0,0.0
2019-07-31 08:00:00,0.0,0.0,0.0,0.0,0.0,0.0
2019-07-31 12:00:00,0.0,0.0,0.0,0.0,0.0,0.0
2019-07-31 16:00:00,0.0,0.0,0.0,0.0,0.0,0.0
2019-07-31 20:00:00,0.0,0.0,0.0,0.0,0.0,0.0
2019-08-01 00:00:00,0.0,0.0,0.0,0.0,0.0,0.0
2019-08-01 04:00:00,0.0,0.0,0.0,0.0,0.0,0.0
2019-08-01 08:00:00,0.0,0.0,0.0,0.0,0.0,0.0
2019-08-01 12:00:00,0.0,0.0,0.0,0.0,0.0,0.0
2019-08-01 16:00:00,0.0,0.0,0.0,0.0,0.0,0.0
2019-08-01 20:00:00,0.0,0.0,0.0,0.0,0.0,0.0
2019-08-02 00:00:00,0.0,0.0,0.0,0.0,0.0,0.0
2019-08-02 04:00:00,0.0,0.0,0.0,0.0,0.0,0.0
2019-08-02 08:00:00,0.0,0.0,0.0,0.0,0.0,0.0
2019-08-02 12:00:00,0.0,0.0,0.0,0.0,0.0,0.0
2019-08-02 16:00:00,0.0,0.0,0.0,0.0,0.0,0.0
2019-08-02 20:00:00,0.0,0.0,0.0,0.0,0.0,0.0
2019-08-05 00:00:00,0.0,0.0,0.0,0.0,0.0,0.0
2019-08-05 04:00:00,0.0,0.0,0.0,0.0,0.0,0.0
2019-08-05 08:00:00,0.0,0.0,0.0,0.0,0.0,0.0
2019-08-05 12:00:00,0.0,0.0,0.0,0.0,0.0,0.0
2019-08-05 16:00:00,0.0,0.0,0.0,0.0,0.0,0.0
2019-08-05 20:00:00,0.0,0.0,0.0,0.0,0.0,0.0
2019-08-06 00:00:00,0.0,0.0,0.0,0.0,0.0,0.0
2019-08-06 04:00:00,0.0,0.0,0.0,0.0,0.0,0.0
2019-08-06 08:00:00,0.0,0.0,0.0,0.0,0.0,0.0
2019-08-06 12:00:00,0.0,0.0,0.0,0.0,0.0,0.0
2019-08-06 16:00:00,0.0,0.0,0.0,0.0,0.0,0.0
2019-08-06 20:00:00,0.0,0.0,0.0,0.0,0.0,0.0
2019-08-07 00:00:00,0.0,0.0,0.0,0.0,0.0,0.0
2019-08-07 04:00:00,0.0,0.0,0.0,0.0,0.0,0.0
2019-08-07 08:00:00,0.0,0.0,0.0,0.0,0.0,0.0
2019-08-07 12:00:00,0.0,0.0,0.0,0.0,0.0,0.0
2019-08-07 16:00:00,0.0,0.0,0.0,0.0,0.0,0.0
2019-08-07 20:00:00,0.0,0.0,0.0,0.0,0.0,0.0
2019-08-08 00:00:00,0.0,0.0,0.0,0.0,0.0,0.0
2019-08-08 04:00:00,0.0,0.0,0.0,0.0,0.0,0.0
2019-08-08 08:00:00,0.0,0.0,0.0,0.0,0.0,0.0
2019-08-08 12:00:00,0.0,0.0,0.0,0.0,0.0,0.0
2019-08-08 16:00:00,0.0,0.0,0.0,0.0,0.0,0.0
2019-08-08 20:00:00,0.0,0.0,0.0,0.0,0.0,0.0
2019-08-09 00:00:00,0.0,0.0,0.0,0.0,0.0,0.0
2019-08-09 04:00:00,0.0,0.0,0.0,0.0,0.0,0.0
2019-08-09 08:00:00,0.0,0.0,0.0,0.0,0.0,0.0
2019-08-09 12:00:00,0.0,0.0,0.0,0.0,0.0,0.0
2019-08-09 16:00:00,0.0,0.0,0.0,0.0,0.0,0.0
2019-08-09 20:00:00,0.0,0.0,0.0,0.0,0.0,0.0
2019-08-12 00:00:00,0.0,0.0,0.0,0.0,0.0,0.0
2019-08-12 04:00:00,0.0,0.0,0.0,0.0,0.0,0.0
2019-08-12 08:00:00,0.0,0.0,0.0,0.0,0.0,0.0
2019-08-12 12:00:00,0.0,0.0,0.0,0.0,0.0,0.0
2019-08-12 16:00:00,0.0,0.0,0.0,0.0,0.0,0.0
2019-08-12 20:00:00,0.0,0.0,0.0,0.0,0.0,0.0
2019-08-13 00:00:00,0.0,0.0,0.0,0.0,0.0,0.0
2019-08-13 04:00:00,0.0,0.0,0.0,0.0,0.0,0.0
2019-08-13 08:00:00,0.0,0.0,0.0,0.0,0.0,0.0
2019-08-13 12:00:00,0.0,0.0,0.0,0.0,0.0,0.0
2019-08-13 16:00:00,0.0,0.0,0.0,0.0,0.0,0.0
2019-08-13 20:00:00,0.0,0.0,0.0,0.0,0.0,0.0
2019-08-14 00:00:00,0.0,0.0,0.0,0.0,0.0,0.0
2019-08-14 04:00:00,0.0,0.0,0.0,0.0,0.0,0.0
2019-08-14 08:00:00,0.0,0.0,0.0,0.0,0.0,0.0
2019-08-14 12:00:00,0.0,0.0,0.0,0.0,0.0,0.0
2019-08-14 16:00:00,0.0,0.0,0.0,0.0,0.0,0.0
2019-08-14 20:00:00,0.0,0.0,0.0,0.0,0.0,0.0
2019-08-15 00:00:00,0.0,0.0,0.0,0.0,0.0,0.0
2019-08-15 04:00:00,0.0,0.0,0.0,0.0,0.0,0.0
2019-08-15 08:00:00,0.0,0.0,0.0,0.0,0.0,0.0
2019-08-15 12:00:00,0.0,0.0,0.0,0.0,0.0,0.0
2019-08-15 16:00:00,0.0,0.0,0.0,0.0,0.0,0.0
2019-08-15 20:00:00,0.0,0.0,0.0,0.0,0.0,0.0
2019-08-16 00:00:00,0.0,0.0,0.0,0.0,0.0,0.0
2019-08-16 04:00:00,0.0,0.0,0.0,0.0,0.0,0.0
2019-08-16 08:00:00,0.0,0.0,0.0,0.0,0.0,0.0
2019-08-16 12:00:00,0.0,0.0,0.0,0.0,0.0,0.0
2019-08-16 16:00:00,0.0,0.0,0.0,0.0,0.0,0.0
2019-08-16 20:00:00,0.0,0.0,0.0,0.0,0.0,0.0
2019-08-19 00:00:00,0.0,0.0,0.0,0.0,0.0,0.0
2019-08-19 04:00:00,0.0,0.0,0.0,0.0,0.0,0.0
2019-08-19 08:00:00,0.0,0.0,0.0,0.0,0.0,0.0
2019-08-19 12:00:00,0.0,0.0,0.0,0.0,0.0,0.0
2019-08-19 16:00:00,0.0,0.0,0.0,0.0,0.0,0.0
2019-08-19 20:00:00,0.0,0.0,0.0,0.0,0.0,0.0
2019-08-20 00:00:00,0.0,0.0,0.0,0.0,0.0,0.0
2019-08-20 04:00:00,0.0,0.0,0.0,0.0,0.0,0.0
2019-08-20 08:00:00,0.0,0.0,0.0,0.0,0.0,0.0
2019-08-20 12:00:00,0.0,0.0,0.0,0.0,0.0,0.0
2019-08-20 16:00:00,0.0,0.0,0.0,0.0,0.0,0.0
2019-08-20 20:00:00,0.0,0.0,0.0,0.0,0.0,0.0
2019-08-21 00:00:00,0.0,0.0,0.0,0.0,0.0,0.0
2019-08-21 04:00:00,0.0,0.0,0.0,0.0,0.0,0.0
2019-08-21 08:00:00,0.0,0.0,0.0,0.0,0.0,0.0
2019-08-21 12:00:00,0.0,0.0,0.0,0.0,0.0,0.0
2019-08-21 16:00:00,0.0,0.0,0.0,0.0,0.0,0.0
2019-08-21 20:00:00,0.0,0.0,0.0,0.0,0.0,0.0
2019-08-22 00:00:00,0.0,0.0,0.0,0.0,0.0,0.0
2019-08-22 04:00:00,0.0,0.0,0.0,0.0,0.0,0.0
2019-08-22 08:00:00,0.0,0.0,0.0,0.0,0.0,0.0
2019-08-22 12:00:00,0.0,0.0,0.0,0.0,0.0,0.0
2019-08-22 16:00:00,0.0,0.0,0.0,0.0,0.0,0.0
2019-08-22 20:00:00,0.0,0.0,0.0,0.0,0.0,0.0
2019-08-23 00:00:00,0.0,0.0,0.0,0.0,0.0,0.0
2019-08-23 04:00:00,0.0,0.0,0.0,0.0,0.0,0.0
2019-08-23 08:00:00,0.0,0.0,0.0,0.0,0.0,0.0
2019-08-23 12:00:00,0.0,0.0,0.0,0.0,0.0,0.0
2019-08-23 16:00:00,0.0,0.0,0.0,0.0,0.0,0.0
2019-08-23 20:00:00,0.0,0.0,0.0,0.0,0.0,0.0
2019-08-26 00:00:00,0.0,0.0,0.0,0.0,0.0,0.0
2019-08-26 04:00:00,0.0,0.0,0.0,0.0,0.0,0.0
2019-08-26 08:00:00,0.0,0.0,0.0,0.0,0.0,0.0
2019-08-26 12:00:00,0.0,0.0,0.0,0.0,0.0,0.0
2019-08-26 16:00:00,0.0,0.0,0.0,0.0,0.0,0.0
2019-08-26 20:00:00,0.0,0.0,0.0,0.0,0.0,0.0
2019-08-27 00:00:00,0.0,0.0,0.0,0.0,0.0,0.0
2019-08-27 04:00:00,0.0,0.0,0.0,0.0,0.0,0.0
2019-08-27 08:00:00,0.0,0.0,0.0,0.0,0.0,0.0
2019-08-27 12:00:00,0.0,0.0,0.0,0.0,0.0,0.0
2019-08-27 16:00:00,0.0,0.0,0.0,0.0,0.0,0.0
2019-08-27 20:00:00,0.0,0.0,0.0,0.0,0.0,0.0
2019-08-28 00:00:00,0.0,0.0,0.0,0.0,0.0,0.0
2019-08-28 04:00:00,0.0,0.0,0.0,0.0,0.0,0.0
2019-08-28 08:00:00,0.0,0.0,0.0,0.0,0.0,0.0
2019-08-28 12:00:00,0.0,0.0,0.0,0.0,0.0,0.0
2019-08-28 16:00:00,0.0,0.0,0.0,0.0,0.0,0.0
2019-08-28 20:00:00,0.0,0.0,0.0,0.0,0.0,0.0
2019-08-29 00:00:00,0.0,0.0,0.0,0.0,0.0,0.0
2019-08-29 04:00:00,0.0,0.0,0.0,0.0,0.0,0.0
2019-08-29 08:00:00,0.0,0.0,0.0,0.0,0.0,0.0
2019-08-29 12:00:00,0.0,0.0,0.0,0.0,0.0,0.0
2019-08-29 16:00:00,0.0,0.0,0.0,0.0,0.0,0.0
2019-08-29 20:00:00,0.0,0.0,0.0,0.0,0.0,0.0
2019-08-30 00:00:00,0.0,0.0,0.0,0.0,0.0,0.0
2019-08-30 04:00:00,0.0,0.0,0.0,0.0,0.0,0.0
2019-08-30 08:00:00,0.0,0.0,0.0,0.0,0.0,0.0
2019-08-30 12:00:00,0.0,0.0,0.0,0.0,0.0,0.0
2019-08-30 16:00:00,0.0,0.0,0.0,0.0,0.0,0.0
2019-08-30 20:00:00,0.0,0.0,0.0,0.0,0.0,0.0
2019-09-03 00:00:00,0.0,0.0,0.0,0.0,0.0,0.0
2019-09-03 04:00:00,0.0,0.0,0.0,0.0,0.0,0.0
2019-09-03 08:00:00,0.0,0.0,0.0,0.0,0.0,0.0
2019-09-03 12:00:00,0.0,0.0,0.0,0.0,0.0,0.0
2019-09-03 16:00:00,0.0,0.0,0.0,0.0,0.0,0.0
2019-09-03 20:00:00,0.0,0.0,0.0,0.0,0.0,0.0
2019-09-04 00:00:00,0.0,0.0,0.0,0.0,0.0,0.0
2019-09-04 04:00:00,0.0,0.0,0.0,0.0,0.0,0.0
2019-09-04 08:00:00,0.0,0.0,0.0,0.0,0.0,0.0
2019-09-04 12:00:00,0.0,0.0,0.0,0.0,0.0,0.0
2019-09-04 16:00:00,0.0,0.0,0.0,0.0,0.0,0.0
2019-09-04 20:00:00,0.0,0.0,0.0,0.0,0.0,0.0
2019-09-05 00:00:00,0.0,0.0,0.0,0.0,0.0,0.0
2019-09-05 04:00:00,0.0,0.0,0.0,0.0,0.0,0.0
2019-09-05 08:00:00,0.0,0.0,0.0,0.0,0.0,0.0
2019-09-05 12:00:00,0.0,0.0,0.0,0.0,0.0,0.0
2019-09-05 16:00:00,0.0,0.0,0.0,0.0,0.0,0.0
2019-09-05 20:00:00,0.0,0.0,0.0,0.0,0.0,0.0
2019-09-06 00:00:00,0.0,0.0,0.0,0.0,0.0,0.0
2019-09-06 04:00:00,0.0,0.0,0.0,0.0,0.0,0.0
2019-09-06 08:00:00,0.0,0.0,0.0,0.0,0.0,0.0
2019-09-06 12:00:00,0.0,0.0,0.0,0.0,0.0,0.0
2019-09-06 16:00:00,0.0,0.0,0.0,0.0,0.0,0.0
2019-09-06 20:00:00,0.0,0.0,0.0,0.0,0.0,0.0
2019-09-09 00:00:00,0.0,0.0,0.0,0.0,0.0,0.0
2019-09-09 04:00:00,0.0,0.0,0.0,0.0,0.0,0.0
2019-09-09 08:00:00,0.0,0.0,0.0,0.0,0.0,0.0
2019-09-09 12:00:00,0.0,0.0,0.0,0.0,0.0,0.0
2019-09-09 16:00:00,0.0,0.0,0.0,0.0,0.0,0.0
2019-09-09 20:00:00,0.0,0.0,0.0,0.0,0.0,0.0
2019-09-10 00:00:00,0.0,0.0,0.0,0.0,0.0,0.0
2019-09-10 04:00:00,0.0,0.0,0.0,0.0,0.0,0.0
2019-09-10 08:00:00,0.0,0.0,0.0,0.0,0.0,0.0
2019-09-10 12:00:00,0.0,0.0,0.0,0.0,0.0,0.0
2019-09-10 16:00:00,0.0,0.0,0.0,0.0,0.0,0.0
2019-09-10 20:00:00,0.0,0.0,0.0,0.0,0.0,0.0
2019-09-11 00:00:00,0.0,0.0,0.0,0.0,0.0,0.0
2019-09-11 04:00:00,0.0,0.0,0.0,0.0,0.0,0.0
2019-09-11 08:00:00,0.0,0.0,0.0,0.0,0.0,0.0
2019-09-11 12:00:00,0.0,0.0,0.0,0.0,0.0,0.0
2019-09-11 16:00:00,0.0,0.0,0.0,0.0,0.0,0.0
2019-09-11 20:00:00,0.0,0.0,0.0,0.0,0.0,0.0
2019-09-12 00:00:00,0.0,0.0,0.0,0.0,0.0,0.0
2019-09-12 04:00:00,0.0,0.0,0.0,0.0,0.0,0.0
2019-09-12 08:00:00,0.0,0.0,0.0,0.0,0.0,0.0
2019-09-12 12:00:00,0.0,0.0,0.0,0.0,0.0,0.0
2019-09-12 16:00:00,0.0,0.0,0.0,0.0,0.0,0.0
2019-09-12 20:00:00,0.0,0.0,0.0,0.0,0.0,0.0
2019-09-13 00:00:00,0.0,0.0,0.0,0.0,0.0,0.0
2019-09-13 04:00:00,0.0,0.0,0.0,0.0,0.0,0.0
2019-09-13 08:00:00,0.0,0.0,0.0,0.0,0.0,0.0
2019-09-13 12:00:00,0.0,0.0,0.0,0.0,0.0,0.0
2019-09-13 16:00:00,0.0,0.0,0.0,0.0,0.0,0.0
2019-09-13 20:00:00,0.0,0.0,0.0,0.0,0.0,0.0
2019-09-16 00:00:00,0.0,0.0,0.0,0.0,0.0,0.0
2019-09-16 04:00:00,0.0,0.0,0.0,0.0,0.0,0.0
2019-09-16 08:00:00,0.0,0.0,0.0,0.0,0.0,0.0
2019-09-16 12:00:00,0.0,0.0,0.0,0.0,0.0,0.0
2019-09-16 16:00:00,0.0,0.0,0.0,0.0,0.0,0.0
2019-09-16 20:00:00,0.0,0.0,0.0,0.0,0.0,0.0
2019-09-17 00:00:00,0.0,0.0,0.0,0.0,0.0,0.0
2019-09-17 04:00:00,0.0,0.0,0.0,0.0,0.0,0.0
2019-09-17 08:00:00,0.0,0.0,0.0,0.0,0.0,0.0
2019-09-17 12:00:00,0.0,0.0,0.0,0.0,0.0,0.0
2019-09-17 16:00:00,0.0,0.0,0.0,0.0,0.0,0.0
2019-09-17 20:00:00,0.0,0.0,0.0,0.0,0.0,0.0
2019-09-18 00:00:00,0.0,0.0,0.0,0.0,0.0,0.0
2019-09-18 04:00:00,0.0,0.0,0.0,0.0,0.0,0.0
2019-09-18 08:00:00,0.0,0.0,0.0,0.0,0.0,0.0
2019-09-18 12:00:00,0.0,0.0,0.0,0.0,0.0,0.0
2019-09-18 16:00:00,0.0,0.0,0.0,0.0,0.0,0.0
2019-09-18 20:00:00,0.0,0.0,0.0,0.0,0.0,0.0
2019-09-19 00:00:00,0.0,0.0,0.0,0.0,0.0,0.0
2019-09-19 04:00:00,0.0,0.0,0.0,0.0,0.0,0.0
2019-09-19 08:00:00,0.0,0.0,0.0,0.0,0.0,0.0
2019-09-19 12:00:00,0.0,0.0,0.0,0.0,0.0,0.0
2019-09-19 16:00:00,0.0,0.0,0.0,0.0,0.0,0.0
2019-09-19 20:00:00,0.0,0.0,0.0,0.0,0.0,0.0
2019-09-20 00:00:00,0.0,0.0,0.0,0.0,0.0,0.0
2019-09-20 04:00:00,0.0,0.0,0.0,0.0,0.0,0.0
2019-09-20 08:00:00,0.0,0.0,0.0,0.0,0.0,0.0
2019-09-20 12:00:00,0.0,0.0,0.0,0.0,0.0,0.0
2019-09-20 16:00:00,0.0,0.0,0.0,0.0,0.0,0.0
2019-09-20 20:00:00,0.0,0.0,0.0,0.0,0.0,0.0
2019-09-23 00:00:00,0.0,0.0,0.0,0.0,0.0,0.0
2019-09-23 04:00:00,0.0,0.0,0.0,0.0,0.0,0.0
2019-09-23 08:00:00,0.0,0.0,0.0,0.0,0.0,0.0
2019-09-23 12:00:00,0.0,0.0,0.0,0.0,0.0,0.0
2019-09-23 16:00:00,0.0,0.0,0.0,0.0,0.0,0.0
2019-09-23 20:00:00,0.0,0.0,0.0,0.0,0.0,0.0
2019-09-24 00:00:00,0.0,0.0,0.0,0.0,0.0,0.0
2019-09-24 04:00:00,0.0,0.0,0.0,0.0,0.0,0.0
2019-09-24 08:00:00,0.0,0.0,0.0,0.0,0.0,0.0
2019-09-24 12:00:00,0.0,0.0,0.0,0.0,0.0,0.0
2019-09-24 16:00:00,0.0,0.0,0.0,0.0,0.0,0.0
2019-09-24 20:00:00,0.0,0.0,0.0,0.0,0.0,0.0
2019-09-25 00:00:00,0.0,0.0,0.0,0.0,0.0,0.0
2019-09-25 04:00:00,0.0,0.0,0.0,0.0,0.0,0.0
2019-09-25 08:00:00,0.0,0.0,0.0,0.0,0.0,0.0
2019-09-25 12:00:00,0.0,0.0,0.0,0.0,0.0,0.0
2019-09-25 16:00:00,0.0,0.0,0.0,0.0,0.0,0.0
2019-09-25 20:00:00,0.0,0.0,0.0,0.0,0.0,0.0
2019-09-26 00:00:00,0.0,0.0,0.0,0.0,0.0,0.0
2019-09-26 04:00:00,0.0,0.0,0.0,0.0,0.0,0.0
2019-09-26 08:00:00,0.0,0.0,0.0,0.0,0.0,0.0
2019-09-26 12:00:00,0.0,0.0,0.0,0.0,0.0,0.0
2019-09-26 16:00:00,0.0,0.0,0.0,0.0,0.0,0.0
2019-09-26 20:00:00,0.0,0.0,0.0,0.0,0.0,0.0
2019-09-27 00:00:00,0.0,0.0,0.0,0.0,0.0,0.0
2019-09-27 04:00:00,0.0,0.0,0.0,0.0,0.0,0.0
2019-09-27 08:00:00,0.0,0.0,0.0,0.0,0.0,0.0
2019-09-27 12:00:00,0.0,0.0,0.0,0.0,0.0,0.0
2019-09-27 16:00:00,0.0,0.0,0.0,0.0,0.0,0.0
2019-09-27 20:00:00,0.0,0.0,0.0,0.0,0.0,0.0
2019-09-30 00:00:00,0.0,0.0,0.0,0.0,0.0,0.0
2019-09-30 04:00:00,0.0,0.0,0.0,0.0,0.0,0.0
2019-09-30 08:00:00,0.0,0.0,0.0,0.0,0.0,0.0
2019-09-30 12:00:00,0.0,0.0,0.0,0.0,0.0,0.0
2019-09-30 16:00:00,0.0,0.0,0.0,0.0,0.0,0.0
2019-09-30 20:00:00,0.0,0.0,0.0,0.0,0.0,0.0
2019-10-01 00:00:00,0.0,0.0,0.0,0.0,0.0,0.0
2019-10-01 04:00:00,0.0,0.0,0.0,0.0,0.0,0.0
2019-10-01 08:00:00,0.0,0.0,0.0,0.0,0.0,0.0
2019-10-01 12:00:00,0.0,0.0,0.0,0.0,0.0,0.0
2019-10-01 16:00:00,0.0,0.0,0.0,0.0,0.0,0.0
2019-10-01 20:00:00,0.0,0.0,0.0,0.0,0.0,0.0
2019-10-02 00:00:00,0.0,0.0,0.0,0.0,0.0,0.0
2019-10-02 04:00:00,0.0,0.0,0.0,0.0,0.0,0.0
2019-10-02 08:00:00,0.0,0.0,0.0,0.0,0.0,0.0
2019-10-02 12:00:00,0.0,0.0,0.0,0.0,0.0,0.0
2019-10-02 16:00:00,0.0,0.0,0.0,0.0,0.0,0.0
2019-10-02 20:00:00,0.0,0.0,0.0,0.0,0.0,0.0
2019-10-03 00:00:00,0.0,0.0,0.0,0.0,0.0,0.0
2019-10-03 04:00:00,0.0,0.0,0.0,0.0,0.0,0.0
2019-10-03 08:00:00,0.0,0.0,0.0,0.0,0.0,0.0
2019-10-03 12:00:00,0.0,0.0,0.0,0.0,0.0,0.0
2019-10-03 16:00:00,0.0,0.0,0.0,0.0,0.0,0.0
2019-10-03 20:00:00,0.0,0.0,0.0,0.0,0.0,0.0
2019-10-04 00:00:00,0.0,0.0,0.0,0.0,0.0,0.0
2019-10-04 04:00:00,0.0,0.0,0.0,0.0,0.0,0.0
2019-10-04 08:00:00,0.0,0.0,0.0,0.0,0.0,0.0
2019-10-04 12:00:00,0.0,0.0,0.0,0.0,0.0,0.0
2019-10-04 16:00:00,0.0,0.0,0.0,0.0,0.0,0.0
2019-10-04 20:00:00,0.0,0.0,0.0,0.0,0.0,0.0
2019-10-07 00:00:00,0.0,0.0,0.0,0.0,0.0,0.0
2019-10-07 04:00:00,0.0,0.0,0.0,0.0,0.0,0.0
2019-10-07 08:00:00,0.0,0.0,0.0,0.0,0.0,0.0
2019-10-07 12:00:00,0.0,0.0,0.0,0.0,0.0,0.0
2019-10-07 16:00:00,0.0,0.0,0.0,0.0,0.0,0.0
2019-10-07 20:00:00,0.0,0.0,0.0,0.0,0.0,0.0
2019-10-08 00:00:00,0.0,0.0,0.0,0.0,0.0,0.0
2019-10-08 04:00:00,0.0,0.0,0.0,0.0,0.0,0.0
2019-10-08 08:00:00,0.0,0.0,0.0,0.0,0.0,0.0
2019-10-08 12:00:00,0.0,0.0,0.0,0.0,0.0,0.0
2019-10-08 16:00:00,0.0,0.0,0.0,0.0,0.0,0.0
2019-10-08 20:00:00,0.0,0.0,0.0,0.0,0.0,0.0
2019-10-09 00:00:00,0.0,0.0,0.0,0.0,0.0,0.0
2019-10-09 04:00:00,0.0,0.0,0.0,0.0,0.0,0.0
2019-10-09 08:00:00,0.0,0.0,0.0,0.0,0.0,0.0
2019-10-09 12:00:00,0.0,0.0,0.0,0.0,0.0,0.0
2019-10-09 16:00:00,0.0,0.0,0.0,0.0,0.0,0.0
2019-10-09 20:00:00,0.0,0.0,0.0,0.0,0.0,0.0
2019-10-10 00:00:00,0.0,0.0,0.0,0.0,0.0,0.0
2019-10-11 00:00:00,0.0,0.0,0.0,0.0,0.0,0.0
2019-10-11 04:00:00,0.0,0.0,0.0,0.0,0.0,0.0
2019-10-11 08:00:00,0.0,0.0,0.0,0.0,0.0,0.0
2019-10-11 12:00:00,0.0,0.0,0.0,0.0,0.0,0.0
2019-10-11 16:00:00,0.0,0.0,0.0,0.0,0.0,0.0
2019-10-11 20:00:00,0.0,0.0,0.0,0.0,0.0,0.0
2019-10-14 00:00:00,0.0,0.0,0.0,0.0,0.0,0.0
2019-10-14 04:00:00,0.0,0.0,0.0,0.0,0.0,0.0
2019-10-14 08:00:00,0.0,0.0,0.0,0.0,0.0,0.0
2019-10-14 12:00:00,0.0,0.0,0.0,0.0,0.0,0.0
2019-10-14 16:00:00,0.0,0.0,0.0,0.0,0.0,0.0
2019-10-14 20:00:00,0.0,0.0,0.0,0.0,0.0,0.0
2019-10-15 00:00:00,0.0,0.0,0.0,0.0,0.0,0.0
2019-10-15 04:00:00,0.0,0.0,0.0,0.0,0.0,0.0
2019-10-15 08:00:00,0.0,0.0,0.0,0.0,0.0,0.0
2019-10-15 12:00:00,0.0,0.0,0.0,0.0,0.0,0.0
2019-10-15 16:00:00,0.0,0.0,0.0,0.0,0.0,0.0
2019-10-15 20:00:00,0.0,0.0,0.0,0.0,0.0,0.0
2019-10-16 00:00:00,0.0,0.0,0.0,0.0,0.0,0.0
2019-10-16 04:00:00,0.0,0.0,0.0,0.0,0.0,0.0
2019-10-16 08:00:00,0.0,0.0,0.0,0.0,0.0,0.0
2019-10-16 12:00:00,0.0,0.0,0.0,0.0,0.0,0.0
2019-10-16 16:00:00,0.0,0.0,0.0,0.0,0.0,0.0
2019-10-16 20:00:00,0.0,0.0,0.0,0.0,0.0,0.0
2019-10-17 00:00:00,0.0,0.0,0.0,0.0,0.0,0.0
2019-10-17 04:00:00,0.0,0.0,0.0,0.0,0.0,0.0
2019-10-17 08:00:00,0.0,0.0,0.0,0.0,0.0,0.0
2019-10-17 12:00:00,0.0,0.0,0.0,0.0,0.0,0.0
2019-10-17 16:00:00,0.0,0.0,0.0,0.0,0.0,0.0
2019-10-17 20:00:00,0.0,0.0,0.0,0.0,0.0,0.0
2019-10-18 00:00:00,0.0,0.0,0.0,0.0,0.0,0.0
2019-10-18 04:00:00,0.0,0.0,0.0,0.0,0.0,0.0
2019-10-18 08:00:00,0.0,0.0,0.0,0.0,0.0,0.0
2019-10-18 12:00:00,0.0,0.0,0.0,0.0,0.0,0.0
2019-10-18 16:00:00,0.0,0.0,0.0,0.0,0.0,0.0
2019-10-18 20:00:00,0.0,0.0,0.0,0.0,0.0,0.0
2019-10-21 00:00:00,0.0,0.0,0.0,0.0,0.0,0.0
2019-10-21 04:00:00,0.0,0.0,0.0,0.0,0.0,0.0
2019-10-21 08:00:00,0.0,0.0,0.0,0.0,0.0,0.0
2019-10-21 12:00:00,0.0,0.0,0.0,0.0,0.0,0.0
2019-10-21 16:00:00,0.0,0.0,0.0,0.0,0.0,0.0
2019-10-21 20:00:00,0.0,0.0,0.0,0.0,0.0,0.0
2019-10-22 00:00:00,0.0,0.0,0.0,0.0,0.0,0.0
2019-10-22 04:00:00,0.0,0.0,0.0,0.0,0.0,0.0
2019-10-22 08:00:00,0.0,0.0,0.0,0.0,0.0,0.0
2019-10-22 12:00:00,0.0,0.0,0.0,0.0,0.0,0.0
2019-10-22 16:00:00,0.0,0.0,0.0,0.0,0.0,0.0
2019-10-22 20:00:00,0.0,0.0,0.0,0.0,0.0,0.0
2019-10-23 00:00:00,0.0,0.0,0.0,0.0,0.0,0.0
2019-10-23 04:00:00,0.0,0.0,0.0,0.0,0.0,0.0
2019-10-23 08:00:00,0.0,0.0,0.0,0.0,0.0,0.0
2019-10-23 12:00:00,0.0,0.0,0.0,0.0,0.0,0.0
2019-10-23 16:00:00,0.0,0.0,0.0,0.0,0.0,0.0
2019-10-23 20:00:00,0.0,0.0,0.0,0.0,0.0,0.0
2019-10-24 00:00:00,0.0,0.0,0.0,0.0,0.0,0.0
2019-10-24 04:00:00,0.0,0.0,0.0,0.0,0.0,0.0
2019-10-24 08:00:00,0.0,0.0,0.0,0.0,0.0,0.0
2019-10-24 12:00:00,0.0,0.0,0.0,0.0,0.0,0.0
2019-10-24 16:00:00,0.0,0.0,0.0,0.0,0.0,0.0
2019-10-24 20:00:00,0.0,0.0,0.0,0.0,0.0,0.0
2019-10-25 00:00:00,0.0,0.0,0.0,0.0,0.0,0.0
2019-10-25 04:00:00,0.0,0.0,0.0,0.0,0.0,0.0
2019-10-25 08:00:00,0.0,0.0,0.0,0.0,0.0,0.0
2019-10-25 12:00:00,0.0,0.0,0.0,0.0,0.0,0.0
2019-10-25 16:00:00,0.0,0.0,0.0,0.0,0.0,0.0
2019-10-25 20:00:00,0.0,0.0,0.0,0.0,0.0,0.0
2019-10-28 00:00:00,0.0,0.0,0.0,0.0,0.0,0.0
2019-10-28 04:00:00,0.0,0.0,0.0,0.0,0.0,0.0
2019-10-28 08:00:00,0.0,0.0,0.0,0.0,0.0,0.0
2019-10-28 12:00:00,0.0,0.0,0.0,0.0,0.0,0.0
2019-10-28 16:00:00,0.0,0.0,0.0,0.0,0.0,0.0
2019-10-28 20:00:00,0.0,0.0,0.0,0.0,0.0,0.0
2019-10-29 00:00:00,0.0,0.0,0.0,0.0,0.0,0.0
2019-10-29 04:00:00,0.0,0.0,0.0,0.0,0.0,0.0
2019-10-29 08:00:00,0.0,0.0,0.0,0.0,0.0,0.0
2019-10-29 12:00:00,0.0,0.0,0.0,0.0,0.0,0.0
2019-10-29 16:00:00,0.0,0.0,0.0,0.0,0.0,0.0
2019-10-29 20:00:00,0.0,0.0,0.0,0.0,0.0,0.0
2019-10-30 00:00:00,0.0,0.0,0.0,0.0,0.0,0.0
2019-10-30 04:00:00,0.0,0.0,0.0,0.0,0.0,0.0
2019-10-30 08:00:00,0.0,0.0,0.0,0.0,0.0,0.0
2019-10-30 12:00:00,0.0,0.0,0.0,0.0,0.0,0.0
2019-10-30 16:00:00,0.0,0.0,0.0,0.0,0.0,0.0
2019-10-30 20:00:00,0.0,0.0,0.0,0.0,0.0,0.0
2019-10-31 00:00:00,0.0,0.0,0.0,0.0,0.0,0.0
2019-10-31 04:00:00,0.0,0.0,0.0,0.0,0.0,0.0
2019-10-31 08:00:00,0.0,0.0,0.0,0.0,0.0,0.0
2019-10-31 12:00:00,0.0,0.0,0.0,0.0,0.0,0.0
2019-10-31 16:00:00,0.0,0.0,0.0,0.0,0.0,0.0
2019-10-31 20:00:00,0.0,0.0,0.0,0.0,0.0,0.0
2019-11-01 00:00:00,0.0,0.0,0.0,0.0,0.0,0.0
2019-11-01 04:00:00,0.0,0.0,0.0,0.0,0.0,0.0
2019-11-01 08:00:00,0.0,0.0,0.0,0.0,0.0,0.0
2019-11-01 12:00:00,0.0,0.0,0.0,0.0,0.0,0.0
2019-11-01 16:00:00,0.0,0.0,0.0,0.0,0.0,0.0
2019-11-01 20:00:00,0.0,0.0,0.0,0.0,0.0,0.0
2019-11-04 00:00:00,0.0,0.0,0.0,0.0,0.0,0.0
2019-11-04 04:00:00,0.0,0.0,0.0,0.0,0.0,0.0
2019-11-04 08:00:00,0.0,0.0,0.0,0.0,0.0,0.0
2019-11-04 12:00:00,0.0,0.0,0.0,0.0,0.0,0.0
2019-11-04 16:00:00,0.0,0.0,0.0,0.0,0.0,0.0
2019-11-04 20:00:00,0.0,0.0,0.0,0.0,0.0,0.0
2019-11-05 00:00:00,0.0,0.0,0.0,0.0,0.0,0.0
2019-11-05 04:00:00,0.0,0.0,0.0,0.0,0.0,0.0
2019-11-05 08:00:00,0.0,0.0,0.0,0.0,0.0,0.0
2019-11-05 12:00:00,0.0,0.0,0.0,0.0,0.0,0.0
2019-11-05 16:00:00,0.0,0.0,0.0,0.0,0.0,0.0
2019-11-05 20:00:00,0.0,0.0,0.0,0.0,0.0,0.0
2019-11-06 00:00:00,0.0,0.0,0.0,0.0,0.0,0.0
2019-11-06 04:00:00,0.0,0.0,0.0,0.0,0.0,0.0
2019-11-06 08:00:00,0.0,0.0,0.0,0.0,0.0,0.0
2019-11-06 12:00:00,0.0,0.0,0.0,0.0,0.0,0.0
2019-11-06 16:00:00,0.0,0.0,0.0,0.0,0.0,0.0
2019-11-06 20:00:00,0.0,0.0,0.0,0.0,0.0,0.0
2019-11-07 00:00:00,0.0,0.0,0.0,0.0,0.0,0.0
2019-11-07 04:00:00,0.0,0.0,0.0,0.0,0.0,0.0
2019-11-07 08:00:00,0.0,0.0,0.0,0.0,0.0,0.0
2019-11-07 12:00:00,0.0,0.0,0.0,0.0,0.0,0.0
2019-11-07 16:00:00,0.0,0.0,0.0,0.0,0.0,0.0
2019-11-07 20:00:00,0.0,0.0,0.0,0.0,0.0,0.0
2019-11-08 00:00:00,0.0,0.0,0.0,0.0,0.0,0.0
2019-11-08 04:00:00,0.0,0.0,0.0,0.0,0.0,0.0
2019-11-08 08:00:00,0.0,0.0,0.0,0.0,0.0,0.0
2019-11-08 12:00:00,0.0,0.0,0.0,0.0,0.0,0.0
2019-11-08 16:00:00,0.0,0.0,0.0,0.0,0.0,0.0
2019-11-08 20:00:00,0.0,0.0,0.0,0.0,0.0,0.0
2019-11-11 00:00:00,0.0,0.0,0.0,0.0,0.0,0.0
2019-11-11 04:00:00,0.0,0.0,0.0,0.0,0.0,0.0
2019-11-11 08:00:00,0.0,0.0,0.0,0.0,0.0,0.0
2019-11-11 12:00:00,0.0,0.0,0.0,0.0,0.0,0.0
2019-11-11 16:00:00,0.0,0.0,0.0,0.0,0.0,0.0
2019-11-11 20:00:00,0.0,0.0,0.0,0.0,0.0,0.0
2019-11-12 00:00:00,0.0,0.0,0.0,0.0,0.0,0.0
2019-11-12 04:00:00,0.0,0.0,0.0,0.0,0.0,0.0
2019-11-12 08:00:00,0.0,0.0,0.0,0.0,0.0,0.0
2019-11-12 12:00:00,0.0,0.0,0.0,0.0,0.0,0.0
2019-11-12 16:00:00,0.0,0.0,0.0,0.0,0.0,0.0
2019-11-12 20:00:00,0.0,0.0,0.0,0.0,0.0,0.0
2019-11-13 00:00:00,0.0,0.0,0.0,0.0,0.0,0.0
2019-11-13 04:00:00,0.0,0.0,0.0,0.0,0.0,0.0
2019-11-13 08:00:00,0.0,0.0,0.0,0.0,0.0,0.0
2019-11-13 12:00:00,0.0,0.0,0.0,0.0,0.0,0.0
2019-11-13 16:00:00,0.0,0.0,0.0,0.0,0.0,0.0
2019-11-13 20:00:00,0.0,0.0,0.0,0.0,0.0,0.0
2019-11-14 00:00:00,0.0,0.0,0.0,0.0,0.0,0.0
2019-11-14 04:00:00,0.0,0.0,0.0,0.0,0.0,0.0
2019-11-14 08:00:00,0.0,0.0,0.0,0.0,0.0,0.0
2019-11-14 12:00:00,0.0,0.0,0.0,0.0,0.0,0.0
2019-11-14 16:00:00,0.0,0.0,0.0,0.0,0.0,0.0
2019-11-14 20:00:00,0.0,0.0,0.0,0.0,0.0,0.0
2019-11-15 00:00:00,0.0,0.0,0.0,0.0,0.0,0.0
2019-11-15 04:00:00,0.0,0.0,0.0,0.0,0.0,0.0
2019-11-15 08:00:00,0.0,0.0,0.0,0.0,0.0,0.0
2019-11-15 12:00:00,0.0,0.0,0.0,0.0,0.0,0.0
2019-11-15 16:00:00,0.0,0.0,0.0,0.0,0.0,0.0
2019-11-15 20:00:00,0.0,0.0,0.0,0.0,0.0,0.0
2019-11-18 00:00:00,0.0,0.0,0.0,0.0,0.0,0.0
2019-11-18 04:00:00,0.0,0.0,0.0,0.0,0.0,0.0
2019-11-18 08:00:00,0.0,0.0,0.0,0.0,0.0,0.0
2019-11-18 12:00:00,0.0,0.0,0.0,0.0,0.0,0.0
2019-11-18 16:00:00,0.0,0.0,0.0,0.0,0.0,0.0
2019-11-18 20:00:00,0.0,0.0,0.0,0.0,0.0,0.0
2019-11-19 00:00:00,0.0,0.0,0.0,0.0,0.0,0.0
2019-11-19 04:00:00,0.0,0.0,0.0,0.0,0.0,0.0
2019-11-19 08:00:00,0.0,0.0,0.0,0.0,0.0,0.0
2019-11-19 12:00:00,0.0,0.0,0.0,0.0,0.0,0.0
2019-11-19 16:00:00,0.0,0.0,0.0,0.0,0.0,0.0
2019-11-19 20:00:00,0.0,0.0,0.0,0.0,0.0,0.0
2019-11-20 00:00:00,0.0,0.0,0.0,0.0,0.0,0.0
2019-11-20 04:00:00,0.0,0.0,0.0,0.0,0.0,0.0
2019-11-20 08:00:00,0.0,0.0,0.0,0.0,0.0,0.0
2019-11-20 12:00:00,0.0,0.0,0.0,0.0,0.0,0.0
2019-11-20 16:00:00,0.0,0.0,0.0,0.0,0.0,0.0
2019-11-20 20:00:00,0.0,0.0,0.0,0.0,0.0,0.0
2019-11-21 00:00:00,0.0,0.0,0.0,0.0,0.0,0.0
2019-11-21 04:00:00,0.0,0.0,0.0,0.0,0.0,0.0
2019-11-21 08:00:00,0.0,0.0,0.0,0.0,0.0,0.0
2019-11-21 12:00:00,0.0,0.0,0.0,0.0,0.0,0.0
2019-11-21 16:00:00,0.0,0.0,0.0,0.0,0.0,0.0
2019-11-21 20:00:00,0.0,0.0,0.0,0.0,0.0,0.0
2019-11-22 00:00:00,0.0,0.0,0.0,0.0,0.0,0.0
2019-11-22 04:00:00,0.0,0.0,0.0,0.0,0.0,0.0
2019-11-22 08:00:00,0.0,0.0,0.0,0.0,0.0,0.0
2019-11-22 12:00:00,0.0,0.0,0.0,0.0,0.0,0.0
2019-11-22 16:00:00,0.0,0.0,0.0,0.0,0.0,0.0
2019-11-22 20:00:00,0.0,0.0,0.0,0.0,0.0,0.0
2019-11-25 00:00:00,0.0,0.0,0.0,0.0,0.0,0.0
2019-11-25 04:00:00,0.0,0.0,0.0,0.0,0.0,0.0
2019-11-25 08:00:00,0.0,0.0,0.0,0.0,0.0,0.0
2019-11-25 12:00:00,0.0,0.0,0.0,0.0,0.0,0.0
2019-11-25 16:00:00,0.0,0.0,0.0,0.0,0.0,0.0
2019-11-25 20:00:00,0.0,0.0,0.0,0.0,0.0,0.0
2019-11-26 00:00:00,0.0,0.0,0.0,0.0,0.0,0.0
2019-11-26 04:00:00,0.0,0.0,0.0,0.0,0.0,0.0
2019-11-26 08:00:00,0.0,0.0,0.0,0.0,0.0,0.0
2019-11-26 12:00:00,0.0,0.0,0.0,0.0,0.0,0.0
2019-11-26 16:00:00,0.0,0.0,0.0,0.0,0.0,0.0
2019-11-26 20:00:00,0.0,0.0,0.0,0.0,0.0,0.0
2019-11-27 00:00:00,0.0,0.0,0.0,0.0,0.0,0.0
2019-11-27 04:00:00,0.0,0.0,0.0,0.0,0.0,0.0
2019-11-27 08:00:00,0.0,0.0,0.0,0.0,0.0,0.0
2019-11-27 12:00:00,0.0,0.0,0.0,0.0,0.0,0.0
2019-11-27 16:00:00,0.0,0.0,0.0,0.0,0.0,0.0
2019-11-27 20:00:00,0.0,0.0,0.0,0.0,0.0,0.0
2019-11-29 00:00:00,0.0,0.0,0.0,0.0,0.0,0.0
2019-11-29 04:00:00,0.0,0.0,0.0,0.0,0.0,0.0
2019-11-29 08:00:00,0.0,0.0,0.0,0.0,0.0,0.0
2019-11-29 12:00:00,0.0,0.0,0.0,0.0,0.0,0.0
2019-11-29 16:00:00,0.0,0.0,0.0,0.0,0.0,0.0
2019-11-29 20:00:00,0.0,0.0,0.0,0.0,0.0,0.0
2019-12-02 00:00:00,0.0,0.0,0.0,0.0,0.0,0.0
2019-12-02 04:00:00,0.0,0.0,0.0,0.0,0.0,0.0
2019-12-02 08:00:00,0.0,0.0,0.0,0.0,0.0,0.0
2019-12-02 12:00:00,0.0,0.0,0.0,0.0,0.0,0.0
2019-12-02 16:00:00,0.0,0.0,0.0,0.0,0.0,0.0
2019-12-02 20:00:00,0.0,0.0,0.0,0.0,0.0,0.0
2019-12-03 00:00:00,0.0,0.0,0.0,0.0,0.0,0.0
2019-12-03 04:00:00,0.0,0.0,0.0,0.0,0.0,0.0
2019-12-03 08:00:00,0.0,0.0,0.0,0.0,0.0,0.0
2019-12-03 12:00:00,0.0,0.0,0.0,0.0,0.0,0.0
2019-12-03 16:00:00,0.0,0.0,0.0,0.0,0.0,0.0
2019-12-03 20:00:00,0.0,0.0,0.0,0.0,0.0,0.0
2019-12-04 00:00:00,0.0,0.0,0.0,0.0,0.0,0.0
2019-12-04 04:00:00,0.0,0.0,0.0,0.0,0.0,0.0
2019-12-04 08:00:00,0.0,0.0,0.0,0.0,0.0,0.0
2019-12-04 12:00:00,0.0,0.0,0.0,0.0,0.0,0.0
2019-12-04 16:00:00,0.0,0.0,0.0,0.0,0.0,0.0
2019-12-04 20:00:00,0.0,0.0,0.0,0.0,0.0,0.0
2019-12-05 00:00:00,0.0,0.0,0.0,0.0,0.0,0.0
2019-12-05 04:00:00,0.0,0.0,0.0,0.0,0.0,0.0
2019-12-05 08:00:00,0.0,0.0,0.0,0.0,0.0,0.0
2019-12-05 12:00:00,0.0,0.0,0.0,0.0,0.0,0.0
2019-12-05 16:00:00,0.0,0.0,0.0,0.0,0.0,0.0
2019-12-05 20:00:00,0.0,0.0,0.0,0.0,0.0,0.0
2019-12-06 00:00:00,0.0,0.0,0.0,0.0,0.0,0.0
2019-12-06 04:00:00,0.0,0.0,0.0,0.0,0.0,0.0
2019-12-06 08:00:00,0.0,0.0,0.0,0.0,0.0,0.0
2019-12-06 12:00:00,0.0,0.0,0.0,0.0,0.0,0.0
2019-12-06 16:00:00,0.0,0.0,0.0,0.0,0.0,0.0
2019-12-06 20:00:00,0.0,0.0,0.0,0.0,0.0,0.0
2019-12-09 00:00:00,0.0,0.0,0.0,0.0,0.0,0.0
2019-12-09 04:00:00,0.0,0.0,0.0,0.0,0.0,0.0
2019-12-09 08:00:00,0.0,0.0,0.0,0.0,0.0,0.0
2019-12-09 12:00:00,0.0,0.0,0.0,0.0,0.0,0.0
2019-12-09 16:00:00,0.0,0.0,0.0,0.0,0.0,0.0
2019-12-09 20:00:00,0.0,0.0,0.0,0.0,0.0,0.0
2019-12-10 00:00:00,0.0,0.0,0.0,0.0,0.0,0.0
2019-12-10 04:00:00,0.0,0.0,0.0,0.0,0.0,0.0
2019-12-10 08:00:00,0.0,0.0,0.0,0.0,0.0,0.0
2019-12-10 12:00:00,0.0,0.0,0.0,0.0,0.0,0.0
2019-12-10 16:00:00,0.0,0.0,0.0,0.0,0.0,0.0
2019-12-10 20:00:00,0.0,0.0,0.0,0.0,0.0,0.0
2019-12-11 00:00:00,0.0,0.0,0.0,0.0,0.0,0.0
2019-12-11 04:00:00,0.0,0.0,0.0,0.0,0.0,0.0
2019-12-11 08:00:00,0.0,0.0,0.0,0.0,0.0,0.0
2019-12-11 12:00:00,0.0,0.0,0.0,0.0,0.0,0.0
2019-12-11 16:00:00,0.0,0.0,0.0,0.0,0.0,0.0
2019-12-11 20:00:00,0.0,0.0,0.0,0.0,0.0,0.0
2019-12-12 00:00:00,0.0,0.0,0.0,0.0,0.0,0.0
2019-12-12 04:00:00,0.0,0.0,0.0,0.0,0.0,0.0
2019-12-12 08:00:00,0.0,0.0,0.0,0.0,0.0,0.0
2019-12-12 12:00:00,0.0,0.0,0.0,0.0,0.0,0.0
2019-12-12 16:00:00,0.0,0.0,0.0,0.0,0.0,0.0
2019-12-12 20:00:00,0.0,0.0,0.0,0.0,0.0,0.0
2019-12-13 00:00:00,0.0,0.0,0.0,0.0,0.0,0.0
2019-12-13 04:00:00,0.0,0.0,0.0,0.0,0.0,0.0
2019-12-13 08:00:00,0.0,0.0,0.0,0.0,0.0,0.0
2019-12-13 12:00:00,0.0,0.0,0.0,0.0,0.0,0.0
2019-12-13 16:00:00,0.0,0.0,0.0,0.0,0.0,0.0
2019-12-13 20:00:00,0.0,0.0,0.0,0.0,0.0,0.0
2019-12-16 00:00:00,0.0,0.0,0.0,0.0,0.0,0.0
2019-12-16 04:00:00,0.0,0.0,0.0,0.0,0.0,0.0
2019-12-16 08:00:00,0.0,0.0,0.0,0.0,0.0,0.0
2019-12-16 12:00:00,0.0,0.0,0.0,0.0,0.0,0.0
2019-12-16 16:00:00,0.0,0.0,0.0,0.0,0.0,0.0
2019-12-16 20:00:00,0.0,0.0,0.0,0.0,0.0,0.0
2019-12-17 00:00:00,0.0,0.0,0.0,0.0,0.0,0.0
2019-12-17 04:00:00,0.0,0.0,0.0,0.0,0.0,0.0
2019-12-17 08:00:00,0.0,0.0,0.0,0.0,0.0,0.0
2019-12-17 12:00:00,0.0,0.0,0.0,0.0,0.0,0.0
2019-12-17 16:00:00,0.0,0.0,0.0,0.0,0.0,0.0
2019-12-17 20:00:00,0.0,0.0,0.0,0.0,0.0,0.0
2019-12-18 00:00:00,0.0,0.0,0.0,0.0,0.0,0.0
2019-12-18 04:00:00,0.0,0.0,0.0,0.0,0.0,0.0
2019-12-18 08:00:00,0.0,0.0,0.0,0.0,0.0,0.0
2019-12-18 12:00:00,0.0,0.0,0.0,0.0,0.0,0.0
2019-12-18 16:00:00,0.0,0.0,0.0,0.0,0.0,0.0
2019-12-18 20:00:00,0.0,0.0,0.0,0.0,0.0,0.0
2019-12-19 00:00:00,0.0,0.0,0.0,0.0,0.0,0.0
2019-12-19 04:00:00,0.0,0.0,0.0,0.0,0.0,0.0
2019-12-19 08:00:00,0.0,0.0,0.0,0.0,0.0,0.0
2019-12-19 12:00:00,0.0,0.0,0.0,0.0,0.0,0.0
2019-12-19 16:00:00,0.0,0.0,0.0,0.0,0.0,0.0
2019-12-19 20:00:00,0.0,0.0,0.0,0.0,0.0,0.0
2019-12-20 00:00:00,0.0,0.0,0.0,0.0,0.0,0.0
2019-12-20 04:00:00,0.0,0.0,0.0,0.0,0.0,0.0
2019-12-20 08:00:00,0.0,0.0,0.0,0.0,0.0,0.0
2019-12-20 12:00:00,0.0,0.0,0.0,0.0,0.0,0.0
2019-12-20 16:00:00,0.0,0.0,0.0,0.0,0.0,0.0
2019-12-20 20:00:00,0.0,0.0,0.0,0.0,0.0,0.0
2019-12-23 00:00:00,0.0,0.0,0.0,0.0,0.0,0.0
2019-12-23 04:00:00,0.0,0.0,0.0,0.0,0.0,0.0
2019-12-23 08:00:00,0.0,0.0,0.0,0.0,0.0,0.0
2019-12-23 12:00:00,0.0,0.0,0.0,0.0,0.0,0.0
2019-12-23 16:00:00,0.0,0.0,0.0,0.0,0.0,0.0
2019-12-23 20:00:00,0.0,0.0,0.0,0.0,0.0,0.0
2019-12-24 00:00:00,0.0,0.0,0.0,0.0,0.0,0.0
2019-12-24 04:00:00,0.0,0.0,0.0,0.0,0.0,0.0
2019-12-24 08:00:00,0.0,0.0,0.0,0.0,0.0,0.0
2019-12-24 12:00:00,0.0,0.0,0.0,0.0,0.0,0.0
2019-12-24 16:00:00,0.0,0.0,0.0,0.0,0.0,0.0
2019-12-24 20:00:00,0.0,0.0,0.0,0.0,0.0,0.0
2019-12-26 00:00:00,0.0,0.0,0.0,0.0,0.0,0.0
2019-12-26 04:00:00,0.0,0.0,0.0,0.0,0.0,0.0
2019-12-26 08:00:00,0.0,0.0,0.0,0.0,0.0,0.0
2019-12-26 12:00:00,0.0,0.0,0.0,0.0,0.0,0.0
2019-12-26 16:00:00,0.0,0.0,0.0,0.0,0.0,0.0
2019-12-26 20:00:00,0.0,0.0,0.0,0.0,0.0,0.0
2019-12-27 00:00:00,0.0,0.0,0.0,0.0,0.0,0.0
2019-12-27 04:00:00,0.0,0.0,0.0,0.0,0.0,0.0
2019-12-27 08:00:00,0.0,0.0,0.0,0.0,0.0,0.0
2019-12-27 12:00:00,0.0,0.0,0.0,0.0,0.0,0.0
2019-12-27 16:00:00,0.0,0.0,0.0,0.0,0.0,0.0
2019-12-27 20:00:00,0.0,0.0,0.0,0.0,0.0,0.0
2019-12-30 00:00:00,0.0,0.0,0.0,0.0,0.0,0.0
2019-12-30 04:00:00,0.0,0.0,0.0,0.0,0.0,0.0
2019-12-30 08:00:00,0.0,0.0,0.0,0.0,0.0,0.0
2019-12-30 12:00:00,0.0,0.0,0.0,0.0,0.0,0.0
2019-12-30 16:00:00,0.0,0.0,0.0,0.0,0.0,0.0
2019-12-30 20:00:00,0.0,0.0,0.0,0.0,0.0,0.0
2019-12-31 00:00:00,0.0,0.0,0.0,0.0,0.0,0.0
2019-12-31 04:00:00,0.0,0.0,0.0,0.0,0.0,0.0
2019-12-31 08:00:00,0.0,0.0,0.0,0.0,0.0,0.0
2019-12-31 12:00:00,0.0,0.0,0.0,0.0,0.0,0.0
2019-12-31 16:00:00,0.0,0.0,0.0,0.0,0.0,0.0
2019-12-31 20:00:00,0.0,0.0,0.0,0.0,0.0,0.0
2020-01-02 00:00:00,0.0,0.0,0.0,0.0,0.0,0.0
2020-01-02 04:00:00,0.0,0.0,0.0,0.0,0.0,0.0
2020-01-02 08:00:00,0.0,0.0,0.0,0.0,0.0,0.0
2020-01-02 12:00:00,0.0,0.0,0.0,0.0,0.0,0.0
2020-01-02 16:00:00,0.0,0.0,0.0,0.0,0.0,0.0
2020-01-02 20:00:00,0.0,0.0,0.0,0.0,0.0,0.0
2020-01-03 00:00:00,0.0,0.0,0.0,0.0,0.0,0.0
2020-01-03 04:00:00,0.0,0.0,0.0,0.0,0.0,0.0
2020-01-03 08:00:00,0.0,0.0,0.0,0.0,0.0,0.0
2020-01-03 12:00:00,0.0,0.0,0.0,0.0,0.0,0.0
2020-01-03 16:00:00,0.0,0.0,0.0,0.0,0.0,0.0
2020-01-03 20:00:00,0.0,0.0,0.0,0.0,0.0,0.0
2020-01-06 00:00:00,0.0,0.0,0.0,0.0,0.0,0.0
2020-01-06 04:00:00,0.0,0.0,0.0,0.0,0.0,0.0
2020-01-06 08:00:00,0.0,0.0,0.0,0.0,0.0,0.0
2020-01-06 12:00:00,0.0,0.0,0.0,0.0,0.0,0.0
2020-01-06 16:00:00,0.0,0.0,0.0,0.0,0.0,0.0
2020-01-06 20:00:00,0.0,0.0,0.0,0.0,0.0,0.0
2020-01-07 00:00:00,0.0,0.0,0.0,0.0,0.0,0.0
2020-01-07 04:00:00,0.0,0.0,0.0,0.0,0.0,0.0
2020-01-07 08:00:00,0.0,0.0,0.0,0.0,0.0,0.0
2020-01-07 12:00:00,0.0,0.0,0.0,0.0,0.0,0.0
2020-01-07 16:00:00,0.0,0.0,0.0,0.0,0.0,0.0
2020-01-07 20:00:00,0.0,0.0,0.0,0.0,0.0,0.0
2020-01-08 00:00:00,0.0,0.0,0.0,0.0,0.0,0.0
2020-01-08 04:00:00,0.0,0.0,0.0,0.0,0.0,0.0
2020-01-08 08:00:00,0.0,0.0,0.0,0.0,0.0,0.0
2020-01-08 12:00:00,0.0,0.0,0.0,0.0,0.0,0.0
2020-01-08 16:00:00,0.0,0.0,0.0,0.0,0.0,0.0
2020-01-08 20:00:00,0.0,0.0,0.0,0.0,0.0,0.0
2020-01-09 00:00:00,0.0,0.0,0.0,0.0,0.0,0.0
2020-01-09 04:00:00,0.0,0.0,0.0,0.0,0.0,0.0
2020-01-09 08:00:00,0.0,0.0,0.0,0.0,0.0,0.0
2020-01-09 12:00:00,0.0,0.0,0.0,0.0,0.0,0.0
2020-01-09 16:00:00,0.0,0.0,0.0,0.0,0.0,0.0
2020-01-09 20:00:00,0.0,0.0,0.0,0.0,0.0,0.0
2020-01-10 00:00:00,0.0,0.0,0.0,0.0,0.0,0.0
2020-01-10 04:00:00,0.0,0.0,0.0,0.0,0.0,0.0
2020-01-10 08:00:00,0.0,0.0,0.0,0.0,0.0,0.0
2020-01-10 12:00:00,0.0,0.0,0.0,0.0,0.0,0.0
2020-01-10 16:00:00,0.0,0.0,0.0,0.0,0.0,0.0
2020-01-10 20:00:00,0.0,0.0,0.0,0.0,0.0,0.0
2020-01-13 00:00:00,0.0,0.0,0.0,0.0,0.0,0.0
2020-01-13 04:00:00,0.0,0.0,0.0,0.0,0.0,0.0
2020-01-13 08:00:00,0.0,0.0,0.0,0.0,0.0,0.0
2020-01-13 12:00:00,0.0,0.0,0.0,0.0,0.0,0.0
2020-01-13 16:00:00,0.0,0.0,0.0,0.0,0.0,0.0
2020-01-13 20:00:00,0.0,0.0,0.0,0.0,0.0,0.0
2020-01-14 00:00:00,0.0,0.0,0.0,0.0,0.0,0.0
2020-01-14 04:00:00,0.0,0.0,0.0,0.0,0.0,0.0
2020-01-14 08:00:00,0.0,0.0,0.0,0.0,0.0,0.0
2020-01-14 12:00:00,0.0,0.0,0.0,0.0,0.0,0.0
2020-01-14 16:00:00,0.0,0.0,0.0,0.0,0.0,0.0
2020-01-14 20:00:00,0.0,0.0,0.0,0.0,0.0,0.0
2020-01-15 00:00:00,0.0,0.0,0.0,0.0,0.0,0.0
2020-01-15 04:00:00,0.0,0.0,0.0,0.0,0.0,0.0
2020-01-15 08:00:00,0.0,0.0,0.0,0.0,0.0,0.0
2020-01-15 12:00:00,0.0,0.0,0.0,0.0,0.0,0.0
2020-01-15 16:00:00,0.0,0.0,0.0,0.0,0.0,0.0
2020-01-15 20:00:00,0.0,0.0,0.0,0.0,0.0,0.0
2020-01-16 00:00:00,0.0,0.0,0.0,0.0,0.0,0.0
2020-01-16 04:00:00,0.0,0.0,0.0,0.0,0.0,0.0
2020-01-16 08:00:00,0.0,0.0,0.0,0.0,0.0,0.0
2020-01-16 12:00:00,0.0,0.0,0.0,0.0,0.0,0.0
2020-01-16 16:00:00,0.0,0.0,0.0,0.0,0.0,0.0
2020-01-16 20:00:00,0.0,0.0,0.0,0.0,0.0,0.0
2020-01-17 00:00:00,0.0,0.0,0.0,0.0,0.0,0.0
2020-01-17 04:00:00,0.0,0.0,0.0,0.0,0.0,0.0
2020-01-17 08:00:00,0.0,0.0,0.0,0.0,0.0,0.0
2020-01-17 12:00:00,0.0,0.0,0.0,0.0,0.0,0.0
2020-01-17 16:00:00,0.0,0.0,0.0,0.0,0.0,0.0
2020-01-17 20:00:00,0.0,0.0,0.0,0.0,0.0,0.0
2020-01-21 00:00:00,0.0,0.0,0.0,0.0,0.0,0.0
2020-01-21 04:00:00,0.0,0.0,0.0,0.0,0.0,0.0
2020-01-21 08:00:00,0.0,0.0,0.0,0.0,0.0,0.0
2020-01-21 12:00:00,0.0,0.0,0.0,0.0,0.0,0.0
2020-01-21 16:00:00,0.0,0.0,0.0,0.0,0.0,0.0
2020-01-21 20:00:00,0.0,0.0,0.0,0.0,0.0,0.0
2020-01-22 00:00:00,0.0,0.0,0.0,0.0,0.0,0.0
2020-01-22 04:00:00,0.0,0.0,0.0,0.0,0.0,0.0
2020-01-22 08:00:00,0.0,0.0,0.0,0.0,0.0,0.0
2020-01-22 12:00:00,0.0,0.0,0.0,0.0,0.0,0.0
2020-01-22 16:00:00,0.0,0.0,0.0,0.0,0.0,0.0
2020-01-22 20:00:00,0.0,0.0,0.0,0.0,0.0,0.0
2020-01-23 00:00:00,0.0,0.0,0.0,0.0,0.0,0.0
2020-01-23 04:00:00,0.0,0.0,0.0,0.0,0.0,0.0
2020-01-23 08:00:00,0.0,0.0,0.0,0.0,0.0,0.0
2020-01-23 12:00:00,0.0,0.0,0.0,0.0,0.0,0.0
2020-01-23 16:00:00,0.0,0.0,0.0,0.0,0.0,0.0
2020-01-23 20:00:00,0.0,0.0,0.0,0.0,0.0,0.0
2020-01-24 00:00:00,0.0,0.0,0.0,0.0,0.0,0.0
2020-01-24 04:00:00,0.0,0.0,0.0,0.0,0.0,0.0
2020-01-24 08:00:00,0.0,0.0,0.0,0.0,0.0,0.0
2020-01-24 12:00:00,0.0,0.0,0.0,0.0,0.0,0.0
2020-01-24 16:00:00,0.0,0.0,0.0,0.0,0.0,0.0
2020-01-24 20:00:00,0.0,0.0,0.0,0.0,0.0,0.0
2020-01-27 00:00:00,0.0,0.0,0.0,0.0,0.0,0.0
2020-01-27 04:00:00,0.0,0.0,0.0,0.0,0.0,0.0
2020-01-27 08:00:00,0.0,0.0,0.0,0.0,0.0,0.0
2020-01-27 12:00:00,0.0,0.0,0.0,0.0,0.0,0.0
2020-01-27 16:00:00,0.0,0.0,0.0,0.0,0.0,0.0
2020-01-27 20:00:00,0.0,0.0,0.0,0.0,0.0,0.0
2020-01-28 00:00:00,0.0,0.0,0.0,0.0,0.0,0.0
2020-01-28 04:00:00,0.0,0.0,0.0,0.0,0.0,0.0
2020-01-28 08:00:00,0.0,0.0,0.0,0.0,0.0,0.0
2020-01-28 12:00:00,0.0,0.0,0.0,0.0,0.0,0.0
2020-01-28 16:00:00,0.0,0.0,0.0,0.0,0.0,0.0
2020-01-28 20:00:00,0.0,0.0,0.0,0.0,0.0,0.0
2020-01-29 00:00:00,0.0,0.0,0.0,0.0,0.0,0.0
2020-01-29 04:00:00,0.0,0.0,0.0,0.0,0.0,0.0
2020-01-29 08:00:00,0.0,0.0,0.0,0.0,0.0,0.0
2020-01-29 12:00:00,0.0,0.0,0.0,0.0,0.0,0.0
2020-01-29 16:00:00,0.0,0.0,0.0,0.0,0.0,0.0
2020-01-29 20:00:00,0.0,0.0,0.0,0.0,0.0,0.0
2020-01-30 00:00:00,0.0,0.0,0.0,0.0,0.0,0.0
2020-01-30 04:00:00,0.0,0.0,0.0,0.0,0.0,0.0
2020-01-30 08:00:00,0.0,0.0,0.0,0.0,0.0,0.0
2020-01-30 12:00:00,0.0,0.0,0.0,0.0,0.0,0.0
2020-01-30 16:00:00,0.0,0.0,0.0,0.0,0.0,0.0
2020-01-30 20:00:00,0.0,0.0,0.0,0.0,0.0,0.0
2020-01-31 00:00:00,0.0,0.0,0.0,0.0,0.0,0.0
2020-01-31 04:00:00,0.0,0.0,0.0,0.0,0.0,0.0
2020-01-31 08:00:00,0.0,0.0,0.0,0.0,0.0,0.0
2020-01-31 12:00:00,0.0,0.0,0.0,0.0,0.0,0.0
2020-01-31 16:00:00,0.0,0.0,0.0,0.0,0.0,0.0
2020-01-31 20:00:00,0.0,0.0,0.0,0.0,0.0,0.0
2020-02-03 00:00:00,0.0,0.0,0.0,0.0,0.0,0.0
2020-02-03 04:00:00,0.0,0.0,0.0,0.0,0.0,0.0
2020-02-03 08:00:00,0.0,0.0,0.0,0.0,0.0,0.0
2020-02-03 12:00:00,0.0,0.0,0.0,0.0,0.0,0.0
2020-02-03 16:00:00,0.0,0.0,0.0,0.0,0.0,0.0
2020-02-03 20:00:00,0.0,0.0,0.0,0.0,0.0,0.0
2020-02-04 00:00:00,0.0,0.0,0.0,0.0,0.0,0.0
2020-02-04 04:00:00,0.0,0.0,0.0,0.0,0.0,0.0
2020-02-04 08:00:00,0.0,0.0,0.0,0.0,0.0,0.0
2020-02-04 12:00:00,0.0,0.0,0.0,0.0,0.0,0.0
2020-02-04 16:00:00,0.0,0.0,0.0,0.0,0.0,0.0
2020-02-04 20:00:00,0.0,0.0,0.0,0.0,0.0,0.0
2020-02-05 00:00:00,0.0,0.0,0.0,0.0,0.0,0.0
2020-02-05 04:00:00,0.0,0.0,0.0,0.0,0.0,0.0
2020-02-05 08:00:00,0.0,0.0,0.0,0.0,0.0,0.0
2020-02-05 12:00:00,0.0,0.0,0.0,0.0,0.0,0.0
2020-02-05 16:00:00,0.0,0.0,0.0,0.0,0.0,0.0
2020-02-05 20:00:00,0.0,0.0,0.0,0.0,0.0,0.0
2020-02-06 00:00:00,0.0,0.0,0.0,0.0,0.0,0.0
2020-02-06 04:00:00,0.0,0.0,0.0,0.0,0.0,0.0
2020-02-06 08:00:00,0.0,0.0,0.0,0.0,0.0,0.0
2020-02-06 12:00:00,0.0,0.0,0.0,0.0,0.0,0.0
2020-02-06 16:00:00,0.0,0.0,0.0,0.0,0.0,0.0
2020-02-06 20:00:00,0.0,0.0,0.0,0.0,0.0,0.0
2020-02-07 00:00:00,0.0,0.0,0.0,0.0,0.0,0.0
2020-02-07 04:00:00,0.0,0.0,0.0,0.0,0.0,0.0
2020-02-07 08:00:00,0.0,0.0,0.0,0.0,0.0,0.0
2020-02-07 12:00:00,0.0,0.0,0.0,0.0,0.0,0.0
2020-02-07 16:00:00,0.0,0.0,0.0,0.0,0.0,0.0
2020-02-07 20:00:00,0.0,0.0,0.0,0.0,0.0,0.0
2020-02-10 00:00:00,0.0,0.0,0.0,0.0,0.0,0.0
2020-02-10 04:00:00,0.0,0.0,0.0,0.0,0.0,0.0
2020-02-10 08:00:00,0.0,0.0,0.0,0.0,0.0,0.0
2020-02-10 12:00:00,0.0,0.0,0.0,0.0,0.0,0.0
2020-02-10 16:00:00,0.0,0.0,0.0,0.0,0.0,0.0
2020-02-10 20:00:00,0.0,0.0,0.0,0.0,0.0,0.0
2020-02-11 00:00:00,0.0,0.0,0.0,0.0,0.0,0.0
2020-02-11 04:00:00,0.0,0.0,0.0,0.0,0.0,0.0
2020-02-11 08:00:00,0.0,0.0,0.0,0.0,0.0,0.0
2020-02-11 12:00:00,0.0,0.0,0.0,0.0,0.0,0.0
2020-02-11 16:00:00,0.0,0.0,0.0,0.0,0.0,0.0
2020-02-11 20:00:00,0.0,0.0,0.0,0.0,0.0,0.0
2020-02-12 00:00:00,0.0,0.0,0.0,0.0,0.0,0.0
2020-02-12 04:00:00,0.0,0.0,0.0,0.0,0.0,0.0
2020-02-12 08:00:00,0.0,0.0,0.0,0.0,0.0,0.0
2020-02-12 12:00:00,0.0,0.0,0.0,0.0,0.0,0.0
2020-02-12 16:00:00,0.0,0.0,0.0,0.0,0.0,0.0
2020-02-12 20:00:00,0.0,0.0,0.0,0.0,0.0,0.0
2020-02-13 00:00:00,0.0,0.0,0.0,0.0,0.0,0.0
2020-02-13 04:00:00,0.0,0.0,0.0,0.0,0.0,0.0
2020-02-13 08:00:00,0.0,0.0,0.0,0.0,0.0,0.0
2020-02-13 12:00:00,0.0,0.0,0.0,0.0,0.0,0.0
2020-02-13 16:00:00,0.0,0.0,0.0,0.0,0.0,0.0
2020-02-13 20:00:00,0.0,0.0,0.0,0.0,0.0,0.0
2020-02-14 00:00:00,0.0,0.0,0.0,0.0,0.0,0.0
2020-02-14 04:00:00,0.0,0.0,0.0,0.0,0.0,0.0
2020-02-14 08:00:00,0.0,0.0,0.0,0.0,0.0,0.0
2020-02-14 12:00:00,0.0,0.0,0.0,0.0,0.0,0.0
2020-02-14 16:00:00,0.0,0.0,0.0,0.0,0.0,0.0
2020-02-14 20:00:00,0.0,0.0,0.0,0.0,0.0,0.0
2020-02-18 00:00:00,0.0,0.0,0.0,0.0,0.0,0.0
2020-02-18 04:00:00,0.0,0.0,0.0,0.0,0.0,0.0
2020-02-18 08:00:00,0.0,0.0,0.0,0.0,0.0,0.0
2020-02-18 12:00:00,0.0,0.0,0.0,0.0,0.0,0.0
2020-02-18 16:00:00,0.0,0.0,0.0,0.0,0.0,0.0
2020-02-18 20:00:00,0.0,0.0,0.0,0.0,0.0,0.0
2020-02-19 00:00:00,0.0,0.0,0.0,0.0,0.0,0.0
2020-02-19 04:00:00,0.0,0.0,0.0,0.0,0.0,0.0
2020-02-19 08:00:00,0.0,0.0,0.0,0.0,0.0,0.0
2020-02-19 12:00:00,0.0,0.0,0.0,0.0,0.0,0.0
2020-02-19 16:00:00,0.0,0.0,0.0,0.0,0.0,0.0
2020-02-19 20:00:00,0.0,0.0,0.0,0.0,0.0,0.0
2020-02-20 00:00:00,0.0,0.0,0.0,0.0,0.0,0.0
2020-02-20 04:00:00,0.0,0.0,0.0,0.0,0.0,0.0
2020-02-20 08:00:00,0.0,0.0,0.0,0.0,0.0,0.0
2020-02-20 12:00:00,0.0,0.0,0.0,0.0,0.0,0.0
2020-02-20 16:00:00,0.0,0.0,0.0,0.0,0.0,0.0
2020-02-20 20:00:00,0.0,0.0,0.0,0.0,0.0,0.0
2020-02-21 00:00:00,0.0,0.0,0.0,0.0,0.0,0.0
2020-02-21 04:00:00,0.0,0.0,0.0,0.0,0.0,0.0
2020-02-21 08:00:00,0.0,0.0,0.0,0.0,0.0,0.0
2020-02-21 12:00:00,0.0,0.0,0.0,0.0,0.0,0.0
2020-02-21 16:00:00,0.0,0.0,0.0,0.0,0.0,0.0
2020-02-21 20:00:00,0.0,0.0,0.0,0.0,0.0,0.0
2020-02-24 00:00:00,0.0,0.0,0.0,0.0,0.0,0.0
2020-02-24 04:00:00,0.0,0.0,0.0,0.0,0.0,0.0
2020-02-24 08:00:00,0.0,0.0,0.0,0.0,0.0,0.0
2020-02-24 12:00:00,0.0,0.0,0.0,0.0,0.0,0.0
2020-02-24 16:00:00,0.0,0.0,0.0,0.0,0.0,0.0
2020-02-24 20:00:00,0.0,0.0,0.0,0.0,0.0,0.0
2020-02-25 00:00:00,0.0,0.0,0.0,0.0,0.0,0.0
2020-02-25 04:00:00,0.0,0.0,0.0,0.0,0.0,0.0
2020-02-25 08:00:00,0.0,0.0,0.0,0.0,0.0,0.0
2020-02-25 12:00:00,0.0,0.0,0.0,0.0,0.0,0.0
2020-02-25 16:00:00,0.0,0.0,0.0,0.0,0.0,0.0
2020-02-25 20:00:00,0.0,0.0,0.0,0.0,0.0,0.0
2020-02-26 00:00:00,0.0,0.0,0.0,0.0,0.0,0.0
2020-02-26 04:00:00,0.0,0.0,0.0,0.0,0.0,0.0
2020-02-26 08:00:00,0.0,0.0,0.0,0.0,0.0,0.0
2020-02-26 12:00:00,0.0,0.0,0.0,0.0,0.0,0.0
2020-02-26 16:00:00,0.0,0.0,0.0,0.0,0.0,0.0
2020-02-26 20:00:00,0.0,0.0,0.0,0.0,0.0,0.0
2020-02-27 00:00:00,0.0,0.0,0.0,0.0,0.0,0.0
2020-02-27 04:00:00,0.0,0.0,0.0,0.0,0.0,0.0
2020-02-27 08:00:00,0.0,0.0,0.0,0.0,0.0,0.0
2020-02-27 12:00:00,0.0,0.0,0.0,0.0,0.0,0.0
2020-02-27 16:00:00,0.0,0.0,0.0,0.0,0.0,0.0
2020-02-27 20:00:00,0.0,0.0,0.0,0.0,0.0,0.0
2020-02-28 00:00:00,0.0,0.0,0.0,0.0,0.0,0.0
2020-02-28 04:00:00,0.0,0.0,0.0,0.0,0.0,0.0
2020-02-28 08:00:00,0.0,0.0,0.0,0.0,0.0,0.0
2020-02-28 12:00:00,0.0,0.0,0.0,0.0,0.0,0.0
2020-02-28 16:00:00,0.0,0.0,0.0,0.0,0.0,0.0
2020-02-28 20:00:00,0.0,0.0,0.0,0.0,0.0,0.0
2020-03-02 00:00:00,0.0,0.0,0.0,0.0,0.0,0.0
2020-03-02 04:00:00,0.0,0.0,0.0,0.0,0.0,0.0
2020-03-02 08:00:00,0.0,0.0,0.0,0.0,0.0,0.0
2020-03-02 12:00:00,0.0,0.0,0.0,0.0,0.0,0.0
2020-03-02 16:00:00,0.0,0.0,0.0,0.0,0.0,0.0
2020-03-02 20:00:00,0.0,0.0,0.0,0.0,0.0,0.0
2020-03-03 00:00:00,0.0,0.0,0.0,0.0,0.0,0.0
2020-03-03 04:00:00,0.0,0.0,0.0,0.0,0.0,0.0
2020-03-03 08:00:00,0.0,0.0,0.0,0.0,0.0,0.0
2020-03-03 12:00:00,0.0,0.0,0.0,0.0,0.0,0.0
2020-03-03 16:00:00,0.0,0.0,0.0,0.0,0.0,0.0
2020-03-03 20:00:00,0.0,0.0,0.0,0.0,0.0,0.0
2020-03-04 00:00:00,0.0,0.0,0.0,0.0,0.0,0.0
2020-03-04 04:00:00,0.0,0.0,0.0,0.0,0.0,0.0
2020-03-04 08:00:00,0.0,0.0,0.0,0.0,0.0,0.0
2020-03-04 12:00:00,0.0,0.0,0.0,0.0,0.0,0.0
2020-03-04 16:00:00,0.0,0.0,0.0,0.0,0.0,0.0
2020-03-04 20:00:00,0.0,0.0,0.0,0.0,0.0,0.0
2020-03-05 00:00:00,0.0,0.0,0.0,0.0,0.0,0.0
2020-03-05 04:00:00,0.0,0.0,0.0,0.0,0.0,0.0
2020-03-05 08:00:00,0.0,0.0,0.0,0.0,0.0,0.0
2020-03-05 12:00:00,0.0,0.0,0.0,0.0,0.0,0.0
2020-03-05 16:00:00,0.0,0.0,0.0,0.0,0.0,0.0
2020-03-05 20:00:00,0.0,0.0,0.0,0.0,0.0,0.0
2020-03-06 00:00:00,0.0,0.0,0.0,0.0,0.0,0.0
2020-03-06 04:00:00,0.0,0.0,0.0,0.0,0.0,0.0
2020-03-06 08:00:00,0.0,0.0,0.0,0.0,0.0,0.0
2020-03-06 12:00:00,0.0,0.0,0.0,0.0,0.0,0.0
2020-03-06 16:00:00,0.0,0.0,0.0,0.0,0.0,0.0
2020-03-06 20:00:00,0.0,0.0,0.0,0.0,0.0,0.0
2020-03-09 00:00:00,0.0,0.0,0.0,0.0,0.0,0.0
2020-03-09 04:00:00,0.0,0.0,0.0,0.0,0.0,0.0
2020-03-09 08:00:00,0.0,0.0,0.0,0.0,0.0,0.0
2020-03-09 12:00:00,0.0,0.0,0.0,0.0,0.0,0.0
2020-03-09 16:00:00,0.0,0.0,0.0,0.0,0.0,0.0
2020-03-09 20:00:00,0.0,0.0,0.0,0.0,0.0,0.0
2020-03-10 00:00:00,0.0,0.0,0.0,0.0,0.0,0.0
2020-03-10 04:00:00,0.0,0.0,0.0,0.0,0.0,0.0
2020-03-10 08:00:00,0.0,0.0,0.0,0.0,0.0,0.0
2020-03-10 12:00:00,0.0,0.0,0.0,0.0,0.0,0.0
2020-03-10 16:00:00,0.0,0.0,0.0,0.0,0.0,0.0
2020-03-10 20:00:00,0.0,0.0,0.0,0.0,0.0,0.0
2020-03-11 00:00:00,0.0,0.0,0.0,0.0,0.0,0.0
2020-03-11 04:00:00,0.0,0.0,0.0,0.0,0.0,0.0
2020-03-11 08:00:00,0.0,0.0,0.0,0.0,0.0,0.0
2020-03-11 12:00:00,0.0,0.0,0.0,0.0,0.0,0.0
2020-03-11 16:00:00,0.0,0.0,0.0,0.0,0.0,0.0
2020-03-11 20:00:00,0.0,0.0,0.0,0.0,0.0,0.0
2020-03-12 00:00:00,0.0,0.0,0.0,0.0,0.0,0.0
2020-03-12 04:00:00,0.0,0.0,0.0,0.0,0.0,0.0
2020-03-12 08:00:00,0.0,0.0,0.0,0.0,0.0,0.0
2020-03-12 12:00:00,0.0,0.0,0.0,0.0,0.0,0.0
2020-03-12 16:00:00,0.0,0.0,0.0,0.0,0.0,0.0
2020-03-12 20:00:00,0.0,0.0,0.0,0.0,0.0,0.0
2020-03-13 00:00:00,0.0,0.0,0.0,0.0,0.0,0.0
2020-03-13 04:00:00,0.0,0.0,0.0,0.0,0.0,0.0
2020-03-13 08:00:00,0.0,0.0,0.0,0.0,0.0,0.0
2020-03-13 12:00:00,0.0,0.0,0.0,0.0,0.0,0.0
2020-03-13 16:00:00,0.0,0.0,0.0,0.0,0.0,0.0
2020-03-13 20:00:00,0.0,0.0,0.0,0.0,0.0,0.0
2020-03-16 00:00:00,0.0,0.0,0.0,0.0,0.0,0.0
2020-03-16 04:00:00,0.0,0.0,0.0,0.0,0.0,0.0
2020-03-16 08:00:00,0.0,0.0,0.0,0.0,0.0,0.0
2020-03-16 12:00:00,0.0,0.0,0.0,0.0,0.0,0.0
2020-03-16 16:00:00,0.0,0.0,0.0,0.0,0.0,0.0
2020-03-16 20:00:00,0.0,0.0,0.0,0.0,0.0,0.0
2020-03-17 00:00:00,0.0,0.0,0.0,0.0,0.0,0.0
2020-03-17 04:00:00,0.0,0.0,0.0,0.0,0.0,0.0
2020-03-17 08:00:00,0.0,0.0,0.0,0.0,0.0,0.0
2020-03-17 12:00:00,0.0,0.0,0.0,0.0,0.0,0.0
2020-03-17 16:00:00,0.0,0.0,0.0,0.0,0.0,0.0
2020-03-17 20:00:00,0.0,0.0,0.0,0.0,0.0,0.0
2020-03-18 00:00:00,0.0,0.0,0.0,0.0,0.0,0.0
2020-03-18 04:00:00,0.0,0.0,0.0,0.0,0.0,0.0
2020-03-18 08:00:00,0.0,0.0,0.0,0.0,0.0,0.0
2020-03-18 12:00:00,0.0,0.0,0.0,0.0,0.0,0.0
2020-03-18 16:00:00,0.0,0.0,0.0,0.0,0.0,0.0
2020-03-18 20:00:00,0.0,0.0,0.0,0.0,0.0,0.0
2020-03-19 00:00:00,0.0,0.0,0.0,0.0,0.0,0.0
2020-03-19 04:00:00,0.0,0.0,0.0,0.0,0.0,0.0
2020-03-19 08:00:00,0.0,0.0,0.0,0.0,0.0,0.0
2020-03-19 12:00:00,0.0,0.0,0.0,0.0,0.0,0.0
2020-03-19 16:00:00,0.0,0.0,0.0,0.0,0.0,0.0
2020-03-19 20:00:00,0.0,0.0,0.0,0.0,0.0,0.0
2020-03-20 00:00:00,0.0,0.0,0.0,0.0,0.0,0.0
2020-03-20 04:00:00,0.0,0.0,0.0,0.0,0.0,0.0
2020-03-20 08:00:00,0.0,0.0,0.0,0.0,0.0,0.0
2020-03-20 12:00:00,0.0,0.0,0.0,0.0,0.0,0.0
2020-03-20 16:00:00,0.0,0.0,0.0,0.0,0.0,0.0
2020-03-20 20:00:00,0.0,0.0,0.0,0.0,0.0,0.0
2020-03-23 00:00:00,0.0,0.0,0.0,0.0,0.0,0.0
2020-03-23 04:00:00,0.0,0.0,0.0,0.0,0.0,0.0
2020-03-23 08:00:00,0.0,0.0,0.0,0.0,0.0,0.0
2020-03-23 12:00:00,0.0,0.0,0.0,0.0,0.0,0.0
2020-03-23 16:00:00,0.0,0.0,0.0,0.0,0.0,0.0
2020-03-23 20:00:00,0.0,0.0,0.0,0.0,0.0,0.0
2020-03-24 00:00:00,0.0,0.0,0.0,0.0,0.0,0.0
2020-03-24 04:00:00,0.0,0.0,0.0,0.0,0.0,0.0
2020-03-24 08:00:00,0.0,0.0,0.0,0.0,0.0,0.0
2020-03-24 12:00:00,0.0,0.0,0.0,0.0,0.0,0.0
2020-03-24 16:00:00,0.0,0.0,0.0,0.0,0.0,0.0
2020-03-24 20:00:00,0.0,0.0,0.0,0.0,0.0,0.0
2020-03-25 00:00:00,0.0,0.0,0.0,0.0,0.0,0.0
2020-03-25 04:00:00,0.0,0.0,0.0,0.0,0.0,0.0
2020-03-25 08:00:00,0.0,0.0,0.0,0.0,0.0,0.0
2020-03-25 12:00:00,0.0,0.0,0.0,0.0,0.0,0.0
2020-03-25 16:00:00,0.0,0.0,0.0,0.0,0.0,0.0
2020-03-25 20:00:00,0.0,0.0,0.0,0.0,0.0,0.0
2020-03-26 00:00:00,0.0,0.0,0.0,0.0,0.0,0.0
2020-03-26 04:00:00,0.0,0.0,0.0,0.0,0.0,0.0
2020-03-26 08:00:00,0.0,0.0,0.0,0.0,0.0,0.0
2020-03-26 12:00:00,0.0,0.0,0.0,0.0,0.0,0.0
2020-03-26 16:00:00,0.0,0.0,0.0,0.0,0.0,0.0
2020-03-26 20:00:00,0.0,0.0,0.0,0.0,0.0,0.0
2020-03-27 00:00:00,0.0,0.0,0.0,0.0,0.0,0.0
2020-03-27 04:00:00,0.0,0.0,0.0,0.0,0.0,0.0
2020-03-27 08:00:00,0.0,0.0,0.0,0.0,0.0,0.0
2020-03-27 12:00:00,0.0,0.0,0.0,0.0,0.0,0.0
2020-03-27 16:00:00,0.0,0.0,0.0,0.0,0.0,0.0
2020-03-27 20:00:00,0.0,0.0,0.0,0.0,0.0,0.0
2020-03-30 00:00:00,0.0,0.0,0.0,0.0,0.0,0.0
2020-03-30 04:00:00,0.0,0.0,0.0,0.0,0.0,0.0
2020-03-30 08:00:00,0.0,0.0,0.0,0.0,0.0,0.0
2020-03-30 12:00:00,0.0,0.0,0.0,0.0,0.0,0.0
2020-03-30 16:00:00,0.0,0.0,0.0,0.0,0.0,0.0
2020-03-30 20:00:00,0.0,0.0,0.0,0.0,0.0,0.0
2020-03-31 00:00:00,0.0,0.0,0.0,0.0,0.0,0.0
2020-03-31 04:00:00,0.0,0.0,0.0,0.0,0.0,0.0
2020-03-31 08:00:00,0.0,0.0,0.0,0.0,0.0,0.0
2020-03-31 12:00:00,0.0,0.0,0.0,0.0,0.0,0.0
2020-03-31 16:00:00,0.0,0.0,0.0,0.0,0.0,0.0
2020-03-31 20:00:00,0.0,0.0,0.0,0.0,0.0,0.0
2020-04-01 00:00:00,0.0,0.0,0.0,0.0,0.0,0.0
2020-04-01 04:00:00,0.0,0.0,0.0,0.0,0.0,0.0
2020-04-01 08:00:00,0.0,0.0,0.0,0.0,0.0,0.0
2020-04-01 12:00:00,0.0,0.0,0.0,0.0,0.0,0.0
2020-04-01 16:00:00,0.0,0.0,0.0,0.0,0.0,0.0
2020-04-01 20:00:00,0.0,0.0,0.0,0.0,0.0,0.0
2020-04-02 00:00:00,0.0,0.0,0.0,0.0,0.0,0.0
2020-04-02 04:00:00,0.0,0.0,0.0,0.0,0.0,0.0
2020-04-02 08:00:00,0.0,0.0,0.0,0.0,0.0,0.0
2020-04-02 12:00:00,0.0,0.0,0.0,0.0,0.0,0.0
2020-04-02 16:00:00,0.0,0.0,0.0,0.0,0.0,0.0
2020-04-02 20:00:00,0.0,0.0,0.0,0.0,0.0,0.0
2020-04-03 00:00:00,0.0,0.0,0.0,0.0,0.0,0.0
2020-04-03 04:00:00,0.0,0.0,0.0,0.0,0.0,0.0
2020-04-03 08:00:00,0.0,0.0,0.0,0.0,0.0,0.0
2020-04-03 12:00:00,0.0,0.0,0.0,0.0,0.0,0.0
2020-04-03 16:00:00,0.0,0.0,0.0,0.0,0.0,0.0
2020-04-03 20:00:00,0.0,0.0,0.0,0.0,0.0,0.0
2020-04-06 00:00:00,0.0,0.0,0.0,0.0,0.0,0.0
2020-04-06 04:00:00,0.0,0.0,0.0,0.0,0.0,0.0
2020-04-06 08:00:00,0.0,0.0,0.0,0.0,0.0,0.0
2020-04-06 12:00:00,0.0,0.0,0.0,0.0,0.0,0.0
2020-04-06 16:00:00,0.0,0.0,0.0,0.0,0.0,0.0
2020-04-06 20:00:00,0.0,0.0,0.0,0.0,0.0,0.0
2020-04-07 00:00:00,0.0,0.0,0.0,0.0,0.0,0.0
2020-04-07 04:00:00,0.0,0.0,0.0,0.0,0.0,0.0
2020-04-07 08:00:00,0.0,0.0,0.0,0.0,0.0,0.0
2020-04-07 12:00:00,0.0,0.0,0.0,0.0,0.0,0.0
2020-04-07 16:00:00,0.0,0.0,0.0,0.0,0.0,0.0
2020-04-07 20:00:00,0.0,0.0,0.0,0.0,0.0,0.0
2020-04-08 00:00:00,0.0,0.0,0.0,0.0,0.0,0.0
2020-04-08 04:00:00,0.0,0.0,0.0,0.0,0.0,0.0
2020-04-08 08:00:00,0.0,0.0,0.0,0.0,0.0,0.0
2020-04-08 12:00:00,0.0,0.0,0.0,0.0,0.0,0.0
2020-04-08 16:00:00,0.0,0.0,0.0,0.0,0.0,0.0
2020-04-08 20:00:00,0.0,0.0,0.0,0.0,0.0,0.0
2020-04-09 00:00:00,0.0,0.0,0.0,0.0,0.0,0.0
2020-04-09 04:00:00,0.0,0.0,0.0,0.0,0.0,0.0
2020-04-09 08:00:00,0.0,0.0,0.0,0.0,0.0,0.0
2020-04-09 12:00:00,0.0,0.0,0.0,0.0,0.0,0.0
2020-04-09 16:00:00,0.0,0.0,0.0,0.0,0.0,0.0
2020-04-09 20:00:00,0.0,0.0,0.0,0.0,0.0,0.0
2020-04-13 00:00:00,0.0,0.0,0.0,0.0,0.0,0.0
2020-04-13 04:00:00,0.0,0.0,0.0,0.0,0.0,0.0
2020-04-13 08:00:00,0.0,0.0,0.0,0.0,0.0,0.0
2020-04-13 12:00:00,0.0,0.0,0.0,0.0,0.0,0.0
2020-04-13 16:00:00,0.0,0.0,0.0,0.0,0.0,0.0
2020-04-13 20:00:00,0.0,0.0,0.0,0.0,0.0,0.0
2020-04-14 00:00:00,0.0,0.0,0.0,0.0,0.0,0.0
2020-04-14 04:00:00,0.0,0.0,0.0,0.0,0.0,0.0
2020-04-14 08:00:00,0.0,0.0,0.0,0.0,0.0,0.0
2020-04-14 12:00:00,0.0,0.0,0.0,0.0,0.0,0.0
2020-04-14 16:00:00,0.0,0.0,0.0,0.0,0.0,0.0
2020-04-14 20:00:00,0.0,0.0,0.0,0.0,0.0,0.0
2020-04-15 00:00:00,0.0,0.0,0.0,0.0,0.0,0.0
2020-04-15 04:00:00,0.0,0.0,0.0,0.0,0.0,0.0
2020-04-15 08:00:00,0.0,0.0,0.0,0.0,0.0,0.0
2020-04-15 12:00:00,0.0,0.0,0.0,0.0,0.0,0.0
2020-04-15 16:00:00,0.0,0.0,0.0,0.0,0.0,0.0
2020-04-15 20:00:00,0.0,0.0,0.0,0.0,0.0,0.0
2020-04-16 00:00:00,0.0,0.0,0.0,0.0,0.0,0.0
2020-04-16 04:00:00,0.0,0.0,0.0,0.0,0.0,0.0
2020-04-16 08:00:00,0.0,0.0,0.0,0.0,0.0,0.0
2020-04-16 12:00:00,0.0,0.0,0.0,0.0,0.0,0.0
2020-04-16 16:00:00,0.0,0.0,0.0,0.0,0.0,0.0
2020-04-16 20:00:00,0.0,0.0,0.0,0.0,0.0,0.0
2020-04-17 00:00:00,0.0,0.0,0.0,0.0,0.0,0.0
2020-04-17 04:00:00,0.0,0.0,0.0,0.0,0.0,0.0
2020-04-17 08:00:00,0.0,0.0,0.0,0.0,0.0,0.0
2020-04-17 12:00:00,0.0,0.0,0.0,0.0,0.0,0.0
2020-04-17 16:00:00,0.0,0.0,0.0,0.0,0.0,0.0
2020-04-17 20:00:00,0.0,0.0,0.0,0.0,0.0,0.0
2020-04-20 00:00:00,0.0,0.0,0.0,0.0,0.0,0.0
2020-04-20 04:00:00,0.0,0.0,0.0,0.0,0.0,0.0
2020-04-20 08:00:00,0.0,0.0,0.0,0.0,0.0,0.0
2020-04-20 12:00:00,0.0,0.0,0.0,0.0,0.0,0.0
2020-04-20 16:00:00,0.0,0.0,0.0,0.0,0.0,0.0
2020-04-20 20:00:00,0.0,0.0,0.0,0.0,0.0,0.0
2020-04-21 00:00:00,0.0,0.0,0.0,0.0,0.0,0.0
2020-04-21 04:00:00,0.0,0.0,0.0,0.0,0.0,0.0
2020-04-21 08:00:00,0.0,0.0,0.0,0.0,0.0,0.0
2020-04-21 12:00:00,0.0,0.0,0.0,0.0,0.0,0.0
2020-04-21 16:00:00,0.0,0.0,0.0,0.0,0.0,0.0
2020-04-21 20:00:00,0.0,0.0,0.0,0.0,0.0,0.0
2020-04-22 00:00:00,0.0,0.0,0.0,0.0,0.0,0.0
2020-04-22 04:00:00,0.0,0.0,0.0,0.0,0.0,0.0
2020-04-22 08:00:00,0.0,0.0,0.0,0.0,0.0,0.0
2020-04-22 12:00:00,0.0,0.0,0.0,0.0,0.0,0.0
2020-04-22 16:00:00,0.0,0.0,0.0,0.0,0.0,0.0
2020-04-22 20:00:00,0.0,0.0,0.0,0.0,0.0,0.0
2020-04-23 00:00:00,0.0,0.0,0.0,0.0,0.0,0.0
2020-04-23 04:00:00,0.0,0.0,0.0,0.0,0.0,0.0
2020-04-23 08:00:00,0.0,0.0,0.0,0.0,0.0,0.0
2020-04-23 12:00:00,0.0,0.0,0.0,0.0,0.0,0.0
2020-04-23 16:00:00,0.0,0.0,0.0,0.0,0.0,0.0
2020-04-23 20:00:00,0.0,0.0,0.0,0.0,0.0,0.0
