DATE_TIME,typical_price
2010-05-13 04:00:00,1.2649675
2010-05-13 08:00:00,1.2647750000000002
2010-05-13 12:00:00,1.2584466666666667
2010-05-13 16:00:00,1.256541666666667
2010-05-13 20:00:00,1.2555941666666666
2010-05-14 00:00:00,1.2530625
2010-05-14 04:00:00,1.25359
2010-05-14 08:00:00,1.2532066666666666
2010-05-14 12:00:00,1.2474641666666666
2010-05-14 16:00:00,1.2425341666666667
2010-05-14 20:00:00,1.23844
2010-05-17 00:00:00,1.2370083333333333
2010-05-17 04:00:00,1.22955
2010-05-17 08:00:00,1.2283325
2010-05-17 12:00:00,1.2325266666666668
2010-05-17 16:00:00,1.2336991666666668
2010-05-17 20:00:00,1.2373008333333333
2010-05-18 00:00:00,1.2381125000000002
2010-05-18 04:00:00,1.23365
2010-05-18 08:00:00,1.2377925
2010-05-18 12:00:00,1.2411925
2010-05-18 16:00:00,1.2377475
2010-05-18 20:00:00,1.2229875
2010-05-19 00:00:00,1.2170275
2010-05-19 04:00:00,1.219135
2010-05-19 08:00:00,1.2190858333333332
2010-05-19 12:00:00,1.22119
2010-05-19 16:00:00,1.2317433333333332
2010-05-19 20:00:00,1.2383375
2010-05-20 00:00:00,1.2392008333333333
2010-05-20 04:00:00,1.2349583333333334
2010-05-20 08:00:00,1.2385183333333334
2010-05-20 12:00:00,1.2350091666666667
2010-05-20 16:00:00,1.2350341666666669
2010-05-20 20:00:00,1.2504841666666668
2010-05-21 00:00:00,1.2496983333333334
2010-05-21 04:00:00,1.2585658333333334
2010-05-21 08:00:00,1.2550641666666666
2010-05-21 12:00:00,1.2527275
2010-05-21 16:00:00,1.255984166666667
2010-05-21 20:00:00,1.2575625
2010-05-24 00:00:00,1.2559483333333332
2010-05-24 04:00:00,1.2505225
2010-05-24 08:00:00,1.2480741666666668
2010-05-24 12:00:00,1.2388541666666666
2010-05-24 16:00:00,1.2385183333333334
2010-05-24 20:00:00,1.239005
2010-05-25 00:00:00,1.2337741666666666
2010-05-25 04:00:00,1.2302408333333337
2010-05-25 08:00:00,1.225745833333333
2010-05-25 12:00:00,1.2202116666666667
2010-05-25 16:00:00,1.2253033333333332
2010-05-25 20:00:00,1.2312141666666665
2010-05-26 00:00:00,1.2343966666666666
2010-05-26 04:00:00,1.2293975
2010-05-26 08:00:00,1.2293108333333334
2010-05-26 12:00:00,1.2306383333333333
2010-05-26 16:00:00,1.2237216666666666
2010-05-26 20:00:00,1.2202625
2010-05-27 00:00:00,1.2176641666666668
2010-05-27 04:00:00,1.2222616666666668
2010-05-27 08:00:00,1.22844
2010-05-27 12:00:00,1.2275041666666666
2010-05-27 16:00:00,1.2290666666666668
2010-05-27 20:00:00,1.2365941666666669
2010-05-28 00:00:00,1.2351175
2010-05-28 04:00:00,1.2302941666666665
2010-05-28 08:00:00,1.2353775
2010-05-28 12:00:00,1.2402675
2010-05-28 16:00:00,1.2344391666666668
2010-05-28 20:00:00,1.228525
2010-06-01 00:00:00,1.2273875
2010-06-01 04:00:00,1.2260433333333332
2010-06-01 08:00:00,1.222255833333333
2010-06-01 12:00:00,1.2148066666666666
2010-06-01 16:00:00,1.2260008333333334
2010-06-01 20:00:00,1.2258025
2010-06-02 00:00:00,1.223070833333333
2010-06-02 04:00:00,1.2228741666666667
2010-06-02 08:00:00,1.2217825
2010-06-02 12:00:00,1.2225025
2010-06-02 16:00:00,1.2210658333333333
2010-06-02 20:00:00,1.2237858333333334
2010-06-03 00:00:00,1.225074166666667
2010-06-03 04:00:00,1.229056666666667
2010-06-03 08:00:00,1.2302666666666666
2010-06-03 12:00:00,1.2265066666666666
2010-06-03 16:00:00,1.220918333333333
2010-06-03 20:00:00,1.2168416666666666
2010-06-04 00:00:00,1.2167766666666666
2010-06-04 04:00:00,1.2177025
2010-06-04 08:00:00,1.218613333333333
2010-06-04 12:00:00,1.2125058333333334
2010-06-04 16:00:00,1.2027566666666667
2010-06-04 20:00:00,1.1979825
2010-06-07 00:00:00,1.1955458333333333
2010-06-07 04:00:00,1.190125833333333
2010-06-07 08:00:00,1.193125
2010-06-07 12:00:00,1.19646
2010-06-07 16:00:00,1.19482
2010-06-07 20:00:00,1.1931775
2010-06-08 00:00:00,1.1924933333333334
2010-06-08 04:00:00,1.1960475000000002
2010-06-08 08:00:00,1.19565
2010-06-08 12:00:00,1.19258
2010-06-08 16:00:00,1.1956533333333337
2010-06-08 20:00:00,1.1945241666666666
2010-06-09 00:00:00,1.1960458333333333
2010-06-09 04:00:00,1.1947108333333334
2010-06-09 08:00:00,1.1950583333333331
2010-06-09 12:00:00,1.1982441666666668
2010-06-09 16:00:00,1.20412
2010-06-09 20:00:00,1.1995075
2010-06-10 00:00:00,1.1980966666666668
2010-06-10 04:00:00,1.200245
2010-06-10 08:00:00,1.2041925
2010-06-10 12:00:00,1.2054033333333332
2010-06-10 16:00:00,1.2103991666666667
2010-06-10 20:00:00,1.2113275
2010-06-11 00:00:00,1.2116191666666667
2010-06-11 04:00:00,1.2105016666666666
2010-06-11 08:00:00,1.21104
2010-06-11 12:00:00,1.212335
2010-06-11 16:00:00,1.2087183333333336
2010-06-11 20:00:00,1.2081441666666668
2010-06-14 00:00:00,1.211125
2010-06-14 04:00:00,1.2176675
2010-06-14 08:00:00,1.2186691666666665
2010-06-14 12:00:00,1.224455
2010-06-14 16:00:00,1.2264049999999995
2010-06-14 20:00:00,1.2232541666666668
2010-06-15 00:00:00,1.2216375
2010-06-15 04:00:00,1.2212383333333334
2010-06-15 08:00:00,1.2195725
2010-06-15 12:00:00,1.22501
2010-06-15 16:00:00,1.2307833333333331
2010-06-15 20:00:00,1.2336783333333332
2010-06-16 00:00:00,1.23187
2010-06-16 04:00:00,1.2318725
2010-06-16 08:00:00,1.2315241666666663
2010-06-16 12:00:00,1.2286325
2010-06-16 16:00:00,1.2313816666666666
2010-06-16 20:00:00,1.2309591666666666
2010-06-17 00:00:00,1.2299233333333337
2010-06-17 04:00:00,1.2271
2010-06-17 08:00:00,1.2279808333333333
2010-06-17 12:00:00,1.2373166666666666
2010-06-17 16:00:00,1.236934166666667
2010-06-17 20:00:00,1.2381566666666668
2010-06-18 00:00:00,1.2382858333333333
2010-06-18 04:00:00,1.2394308333333333
2010-06-18 08:00:00,1.23921
2010-06-18 12:00:00,1.2374083333333332
2010-06-18 16:00:00,1.2368558333333333
2010-06-18 20:00:00,1.2367425
2010-06-21 00:00:00,1.2383091666666666
2010-06-21 04:00:00,1.2415975
2010-06-21 08:00:00,1.2437758333333333
2010-06-21 12:00:00,1.2390241666666668
2010-06-21 16:00:00,1.2375641666666666
2010-06-21 20:00:00,1.2321166666666667
2010-06-22 00:00:00,1.2319125
2010-06-22 04:00:00,1.2306266666666668
2010-06-22 08:00:00,1.2307675
2010-06-22 12:00:00,1.227395
2010-06-22 16:00:00,1.2292383333333332
2010-06-22 20:00:00,1.2281
2010-06-23 00:00:00,1.2264775
2010-06-23 04:00:00,1.2264883333333332
2010-06-23 08:00:00,1.2277825
2010-06-23 12:00:00,1.2278758333333335
2010-06-23 16:00:00,1.2236791666666669
2010-06-23 20:00:00,1.2301183333333334
2010-06-24 00:00:00,1.2314166666666666
2010-06-24 04:00:00,1.2338358333333332
2010-06-24 08:00:00,1.2308108333333334
2010-06-24 12:00:00,1.2283391666666668
2010-06-24 16:00:00,1.233274166666667
2010-06-24 20:00:00,1.2338541666666667
2010-06-25 00:00:00,1.2327808333333334
2010-06-25 04:00:00,1.2320691666666668
2010-06-25 08:00:00,1.2324316666666666
2010-06-25 12:00:00,1.22862
2010-06-25 16:00:00,1.231325
2010-06-25 20:00:00,1.2378566666666666
2010-06-28 00:00:00,1.2382258333333334
2010-06-28 04:00:00,1.2381691666666663
2010-06-28 08:00:00,1.236725
2010-06-28 12:00:00,1.2347291666666669
2010-06-28 16:00:00,1.2319533333333332
2010-06-28 20:00:00,1.2279991666666668
2010-06-29 00:00:00,1.2279266666666666
2010-06-29 04:00:00,1.2273433333333337
2010-06-29 08:00:00,1.223074166666667
2010-06-29 12:00:00,1.2196658333333334
2010-06-29 16:00:00,1.2185308333333331
2010-06-29 20:00:00,1.2197941666666667
2010-06-30 00:00:00,1.2183575
2010-06-30 04:00:00,1.2208066666666668
2010-06-30 08:00:00,1.2221233333333332
2010-06-30 12:00:00,1.2268916666666667
2010-06-30 16:00:00,1.226485
2010-06-30 20:00:00,1.2244833333333331
2010-07-01 00:00:00,1.2227016666666666
2010-07-01 04:00:00,1.22098
2010-07-01 08:00:00,1.2237733333333334
2010-07-01 12:00:00,1.2329041666666667
2010-07-01 16:00:00,1.2441583333333333
2010-07-01 20:00:00,1.2494791666666667
2010-07-02 00:00:00,1.2513283333333334
2010-07-02 04:00:00,1.2514983333333334
2010-07-02 08:00:00,1.2498416666666667
2010-07-02 12:00:00,1.253085
2010-07-02 16:00:00,1.2578858333333334
2010-07-02 20:00:00,1.2547283333333334
2010-07-06 00:00:00,1.2534683333333334
2010-07-06 04:00:00,1.252133333333333
2010-07-06 08:00:00,1.2571475
2010-07-06 12:00:00,1.258345
2010-07-06 16:00:00,1.2623449999999998
2010-07-06 20:00:00,1.262425
2010-07-07 00:00:00,1.261825
2010-07-07 04:00:00,1.2598541666666665
2010-07-07 08:00:00,1.2581841666666669
2010-07-07 12:00:00,1.2579083333333334
2010-07-07 16:00:00,1.2606658333333334
2010-07-07 20:00:00,1.2642666666666669
2010-07-08 00:00:00,1.2634083333333337
2010-07-08 04:00:00,1.2660208333333334
2010-07-08 08:00:00,1.2651075
2010-07-08 12:00:00,1.2660016666666667
2010-07-08 16:00:00,1.2672
2010-07-08 20:00:00,1.2681875
2010-07-09 00:00:00,1.2689891666666666
2010-07-09 04:00:00,1.2686283333333337
2010-07-09 08:00:00,1.2693591666666668
2010-07-09 12:00:00,1.2658283333333331
2010-07-09 16:00:00,1.263465833333333
2010-07-09 20:00:00,1.2640616666666666
2010-07-12 00:00:00,1.2635291666666668
2010-07-12 04:00:00,1.25975
2010-07-12 08:00:00,1.2584808333333333
2010-07-12 12:00:00,1.2570233333333332
2010-07-12 16:00:00,1.2576808333333334
2010-07-12 20:00:00,1.2592416666666666
2010-07-13 00:00:00,1.2595908333333332
2010-07-13 04:00:00,1.2595733333333332
2010-07-13 08:00:00,1.2558225
2010-07-13 12:00:00,1.258185
2010-07-13 16:00:00,1.2680233333333333
2010-07-13 20:00:00,1.2711191666666668
2010-07-14 00:00:00,1.2718916666666666
2010-07-14 04:00:00,1.2716666666666665
2010-07-14 08:00:00,1.2712166666666669
2010-07-14 12:00:00,1.2710566666666667
2010-07-14 16:00:00,1.2732933333333334
2010-07-14 20:00:00,1.2741791666666664
2010-07-15 00:00:00,1.2733883333333331
2010-07-15 04:00:00,1.2740083333333332
2010-07-15 08:00:00,1.2745783333333334
2010-07-15 12:00:00,1.281556666666667
2010-07-15 16:00:00,1.2883625
2010-07-15 20:00:00,1.2913908333333337
2010-07-16 00:00:00,1.292450833333333
2010-07-16 04:00:00,1.291475
2010-07-16 08:00:00,1.2920125000000002
2010-07-16 12:00:00,1.297385
2010-07-16 16:00:00,1.2940416666666668
2010-07-16 20:00:00,1.2931533333333334
2010-07-19 00:00:00,1.29215
2010-07-19 04:00:00,1.290515
2010-07-19 08:00:00,1.2927533333333334
2010-07-19 12:00:00,1.2955283333333334
2010-07-19 16:00:00,1.2961825
2010-07-19 20:00:00,1.2948983333333333
2010-07-20 00:00:00,1.293975
2010-07-20 04:00:00,1.2959925
2010-07-20 08:00:00,1.298885
2010-07-20 12:00:00,1.2900025
2010-07-20 16:00:00,1.2890508333333333
2010-07-20 20:00:00,1.2895
2010-07-21 00:00:00,1.2892216666666667
2010-07-21 04:00:00,1.28896
2010-07-21 08:00:00,1.2880025
2010-07-21 12:00:00,1.2817458333333334
2010-07-21 16:00:00,1.2811716666666666
2010-07-21 20:00:00,1.277386666666667
2010-07-22 00:00:00,1.2757216666666666
2010-07-22 04:00:00,1.2768933333333332
2010-07-22 08:00:00,1.2791675
2010-07-22 12:00:00,1.2852975
2010-07-22 16:00:00,1.289645
2010-07-22 20:00:00,1.2893466666666666
2010-07-23 00:00:00,1.2898258333333334
2010-07-23 04:00:00,1.2890866666666667
2010-07-23 08:00:00,1.2893016666666666
2010-07-23 12:00:00,1.2920783333333334
2010-07-23 16:00:00,1.2839949999999998
2010-07-23 20:00:00,1.2902008333333337
2010-07-26 00:00:00,1.2912825
2010-07-26 04:00:00,1.2929175000000002
2010-07-26 08:00:00,1.29218
2010-07-26 12:00:00,1.2916850000000002
2010-07-26 16:00:00,1.2958158333333334
2010-07-26 20:00:00,1.29925
2010-07-27 00:00:00,1.2987658333333334
2010-07-27 04:00:00,1.3004708333333337
2010-07-27 08:00:00,1.2999625
2010-07-27 12:00:00,1.3005833333333334
2010-07-27 16:00:00,1.2985375
2010-07-27 20:00:00,1.2990408333333332
2010-07-28 00:00:00,1.29897
2010-07-28 04:00:00,1.298873333333333
2010-07-28 08:00:00,1.3008425
2010-07-28 12:00:00,1.2998183333333333
2010-07-28 16:00:00,1.3004041666666666
2010-07-28 20:00:00,1.298795
2010-07-29 00:00:00,1.2992183333333334
2010-07-29 04:00:00,1.2999774999999998
2010-07-29 08:00:00,1.3031075
2010-07-29 12:00:00,1.3077608333333337
2010-07-29 16:00:00,1.3079608333333337
2010-07-29 20:00:00,1.3081658333333333
2010-07-30 00:00:00,1.306976666666667
2010-07-30 04:00:00,1.3060908333333334
2010-07-30 08:00:00,1.3063666666666665
2010-07-30 12:00:00,1.3015341666666669
2010-07-30 16:00:00,1.3037841666666667
2010-07-30 20:00:00,1.3046075
2010-08-02 00:00:00,1.3050641666666667
2010-08-02 04:00:00,1.307865
2010-08-02 08:00:00,1.3072283333333334
2010-08-02 12:00:00,1.3076291666666666
2010-08-02 16:00:00,1.31618
2010-08-02 20:00:00,1.3173333333333337
2010-08-03 00:00:00,1.317425
2010-08-03 04:00:00,1.3167791666666666
2010-08-03 08:00:00,1.3190891666666666
2010-08-03 12:00:00,1.3238633333333332
2010-08-03 16:00:00,1.3220325
2010-08-03 20:00:00,1.3227825
2010-08-04 00:00:00,1.3223541666666667
2010-08-04 04:00:00,1.3221766666666666
2010-08-04 08:00:00,1.3207925
2010-08-04 12:00:00,1.3211525
2010-08-04 16:00:00,1.3171525
2010-08-04 20:00:00,1.3157658333333333
2010-08-05 00:00:00,1.3158966666666667
2010-08-05 04:00:00,1.3152358333333334
2010-08-05 08:00:00,1.314920833333333
2010-08-05 12:00:00,1.3205516666666668
2010-08-05 16:00:00,1.3160983333333336
2010-08-05 20:00:00,1.3181033333333334
2010-08-06 00:00:00,1.3181508333333334
2010-08-06 04:00:00,1.3184066666666667
2010-08-06 08:00:00,1.3191266666666666
2010-08-06 12:00:00,1.3190291666666667
2010-08-06 16:00:00,1.3290266666666666
2010-08-06 20:00:00,1.328055
2010-08-09 00:00:00,1.32818
2010-08-09 04:00:00,1.3280391666666669
2010-08-09 08:00:00,1.32876
2010-08-09 12:00:00,1.3263
2010-08-09 16:00:00,1.32393
2010-08-09 20:00:00,1.3227241666666667
2010-08-10 00:00:00,1.3217816666666666
2010-08-10 04:00:00,1.3162058333333333
2010-08-10 08:00:00,1.3164883333333337
2010-08-10 12:00:00,1.3151516666666667
2010-08-10 16:00:00,1.3099141666666667
2010-08-10 20:00:00,1.3161158333333334
2010-08-11 00:00:00,1.3159683333333334
2010-08-11 04:00:00,1.3115
2010-08-11 08:00:00,1.3069775
2010-08-11 12:00:00,1.3014825
2010-08-11 16:00:00,1.2918474999999998
2010-08-11 20:00:00,1.2875833333333333
2010-08-12 00:00:00,1.2851125
2010-08-12 04:00:00,1.287675
2010-08-12 08:00:00,1.2899383333333334
2010-08-12 12:00:00,1.2815608333333337
2010-08-12 16:00:00,1.2845475
2010-08-12 20:00:00,1.2828775
2010-08-13 00:00:00,1.2832616666666667
2010-08-13 04:00:00,1.2851091666666667
2010-08-13 08:00:00,1.2869700000000002
2010-08-13 12:00:00,1.2812933333333334
2010-08-13 16:00:00,1.2786233333333332
2010-08-13 20:00:00,1.27609
2010-08-16 00:00:00,1.2753125
2010-08-16 04:00:00,1.27753
2010-08-16 08:00:00,1.2801733333333334
2010-08-16 12:00:00,1.2815758333333334
2010-08-16 16:00:00,1.2837466666666666
2010-08-16 20:00:00,1.2820833333333337
2010-08-17 00:00:00,1.2818308333333333
2010-08-17 04:00:00,1.2840708333333333
2010-08-17 08:00:00,1.2858608333333332
2010-08-17 12:00:00,1.2873058333333334
2010-08-17 16:00:00,1.2877391666666669
2010-08-17 20:00:00,1.2883575
2010-08-18 00:00:00,1.2871916666666667
2010-08-18 04:00:00,1.2846233333333332
2010-08-18 08:00:00,1.284595
2010-08-18 12:00:00,1.2890375
2010-08-18 16:00:00,1.287205
2010-08-18 20:00:00,1.286505
2010-08-19 00:00:00,1.2830366666666666
2010-08-19 04:00:00,1.28034
2010-08-19 08:00:00,1.2803258333333334
2010-08-19 12:00:00,1.2841508333333334
2010-08-19 16:00:00,1.2854633333333334
2010-08-19 20:00:00,1.2819708333333333
2010-08-20 00:00:00,1.2809683333333337
2010-08-20 04:00:00,1.2807583333333332
2010-08-20 08:00:00,1.280345
2010-08-20 12:00:00,1.270905
2010-08-20 16:00:00,1.2687750000000002
2010-08-20 20:00:00,1.2708283333333332
2010-08-23 00:00:00,1.2706791666666666
2010-08-23 04:00:00,1.2714475
2010-08-23 08:00:00,1.2709183333333334
2010-08-23 12:00:00,1.2706483333333334
2010-08-23 16:00:00,1.2678316666666667
2010-08-23 20:00:00,1.2668766666666669
2010-08-24 00:00:00,1.2640225
2010-08-24 04:00:00,1.2635716666666668
2010-08-24 08:00:00,1.26347
2010-08-24 12:00:00,1.261200833333333
2010-08-24 16:00:00,1.2662241666666667
2010-08-24 20:00:00,1.2668208333333333
2010-08-25 00:00:00,1.2636141666666667
2010-08-25 04:00:00,1.2656649999999998
2010-08-25 08:00:00,1.2666675
2010-08-25 12:00:00,1.264420833333333
2010-08-25 16:00:00,1.2650475
2010-08-25 20:00:00,1.265535
2010-08-26 00:00:00,1.2663525
2010-08-26 04:00:00,1.2693608333333333
2010-08-26 08:00:00,1.27129
2010-08-26 12:00:00,1.2697491666666667
2010-08-26 16:00:00,1.2718141666666667
2010-08-26 20:00:00,1.2713075
2010-08-27 00:00:00,1.2707833333333334
2010-08-27 04:00:00,1.2713808333333332
2010-08-27 08:00:00,1.271758333333333
2010-08-27 12:00:00,1.271725
2010-08-27 16:00:00,1.2734775
2010-08-27 20:00:00,1.2737575
2010-08-30 00:00:00,1.2739241666666667
2010-08-30 04:00:00,1.27438
2010-08-30 08:00:00,1.2730074999999998
2010-08-30 12:00:00,1.2708508333333333
2010-08-30 16:00:00,1.2687733333333333
2010-08-30 20:00:00,1.2666433333333331
2010-08-31 00:00:00,1.2659908333333334
2010-08-31 04:00:00,1.2652425
2010-08-31 08:00:00,1.2652591666666666
2010-08-31 12:00:00,1.2689633333333332
2010-08-31 16:00:00,1.27089
2010-08-31 20:00:00,1.2679966666666669
2010-09-01 00:00:00,1.2680425
2010-09-01 04:00:00,1.2691058333333334
2010-09-01 08:00:00,1.2723516666666663
2010-09-01 12:00:00,1.2802433333333334
2010-09-01 16:00:00,1.2819325
2010-09-01 20:00:00,1.2802533333333332
2010-09-02 00:00:00,1.28026
2010-09-02 04:00:00,1.2793841666666668
2010-09-02 08:00:00,1.2801375
2010-09-02 12:00:00,1.2824958333333334
2010-09-02 16:00:00,1.281761666666667
2010-09-02 20:00:00,1.2816308333333333
2010-09-03 00:00:00,1.282075
2010-09-03 04:00:00,1.2822975
2010-09-03 08:00:00,1.2824308333333334
2010-09-03 12:00:00,1.284055
2010-09-03 16:00:00,1.287065
2010-09-03 20:00:00,1.288645
2010-09-07 00:00:00,1.2866183333333332
2010-09-07 04:00:00,1.2805458333333335
2010-09-07 08:00:00,1.27916
2010-09-07 12:00:00,1.2752633333333334
2010-09-07 16:00:00,1.2734
2010-09-07 20:00:00,1.2698858333333334
2010-09-08 00:00:00,1.2685833333333334
2010-09-08 04:00:00,1.2693525
2010-09-08 08:00:00,1.2703641666666667
2010-09-08 12:00:00,1.2692391666666667
2010-09-08 16:00:00,1.2736166666666668
2010-09-08 20:00:00,1.2725616666666666
2010-09-09 00:00:00,1.2724866666666663
2010-09-09 04:00:00,1.2718975
2010-09-09 08:00:00,1.2694758333333334
2010-09-09 12:00:00,1.2722316666666669
2010-09-09 16:00:00,1.2725466666666667
2010-09-09 20:00:00,1.2698475
2010-09-10 00:00:00,1.2687666666666666
2010-09-10 04:00:00,1.2665075
2010-09-10 08:00:00,1.2707341666666667
2010-09-10 12:00:00,1.272025
2010-09-10 16:00:00,1.2717208333333332
2010-09-10 20:00:00,1.27081
2010-09-13 00:00:00,1.2723466666666667
2010-09-13 04:00:00,1.2789366666666666
2010-09-13 08:00:00,1.2808425
2010-09-13 12:00:00,1.280995
2010-09-13 16:00:00,1.28593
2010-09-13 20:00:00,1.287248333333333
2010-09-14 00:00:00,1.2867833333333332
2010-09-14 04:00:00,1.2873125
2010-09-14 08:00:00,1.287979166666667
2010-09-14 12:00:00,1.2846783333333334
2010-09-14 16:00:00,1.2959308333333337
2010-09-14 20:00:00,1.3012691666666667
2010-09-15 00:00:00,1.2994533333333331
2010-09-15 04:00:00,1.2975508333333332
2010-09-15 08:00:00,1.2984466666666667
2010-09-15 12:00:00,1.297639166666667
2010-09-15 16:00:00,1.3005241666666667
2010-09-15 20:00:00,1.3010533333333334
2010-09-16 00:00:00,1.3007766666666667
2010-09-16 04:00:00,1.29909
2010-09-16 08:00:00,1.3011591666666666
2010-09-16 12:00:00,1.3080325000000002
2010-09-16 16:00:00,1.307865
2010-09-16 20:00:00,1.3078658333333333
2010-09-17 00:00:00,1.3070908333333335
2010-09-17 04:00:00,1.3094733333333335
2010-09-17 08:00:00,1.3139166666666666
2010-09-17 12:00:00,1.3094575000000002
2010-09-17 16:00:00,1.3053266666666667
2010-09-17 20:00:00,1.3043158333333331
2010-09-20 00:00:00,1.304554166666667
2010-09-20 04:00:00,1.3072266666666668
2010-09-20 08:00:00,1.3093633333333334
2010-09-20 12:00:00,1.3082733333333334
2010-09-20 16:00:00,1.3067958333333332
2010-09-20 20:00:00,1.3062725
2010-09-21 00:00:00,1.3064608333333334
2010-09-21 04:00:00,1.308945
2010-09-21 08:00:00,1.3093833333333331
2010-09-21 12:00:00,1.3129408333333334
2010-09-21 16:00:00,1.3131008333333334
2010-09-21 20:00:00,1.3209499999999998
2010-09-22 00:00:00,1.3270466666666667
2010-09-22 04:00:00,1.3295366666666666
2010-09-22 08:00:00,1.3299925
2010-09-22 12:00:00,1.33712
2010-09-22 16:00:00,1.3397233333333334
2010-09-22 20:00:00,1.33864
2010-09-23 00:00:00,1.33967
2010-09-23 04:00:00,1.339684166666667
2010-09-23 08:00:00,1.3381525
2010-09-23 12:00:00,1.3332991666666665
2010-09-23 16:00:00,1.333769166666667
2010-09-23 20:00:00,1.3331591666666665
2010-09-24 00:00:00,1.330989166666667
2010-09-24 04:00:00,1.3334091666666668
2010-09-24 08:00:00,1.3334175
2010-09-24 12:00:00,1.3417641666666666
2010-09-24 16:00:00,1.3470341666666663
2010-09-24 20:00:00,1.347564166666667
2010-09-27 00:00:00,1.3477608333333335
2010-09-27 04:00:00,1.3464083333333334
2010-09-27 08:00:00,1.3462191666666667
2010-09-27 12:00:00,1.3467158333333336
2010-09-27 16:00:00,1.3472841666666666
2010-09-27 20:00:00,1.3470608333333334
2010-09-28 00:00:00,1.3437575000000002
2010-09-28 04:00:00,1.3457075
2010-09-28 08:00:00,1.3421975000000002
2010-09-28 12:00:00,1.3463125
2010-09-28 16:00:00,1.353335
2010-09-28 20:00:00,1.3578025
2010-09-29 00:00:00,1.3576441666666668
2010-09-29 04:00:00,1.3581916666666665
2010-09-29 08:00:00,1.3598533333333334
2010-09-29 12:00:00,1.3605666666666667
2010-09-29 16:00:00,1.3611133333333334
2010-09-29 20:00:00,1.3631791666666666
2010-09-30 00:00:00,1.362605
2010-09-30 04:00:00,1.360610833333333
2010-09-30 08:00:00,1.3599491666666663
2010-09-30 12:00:00,1.3651658333333334
2010-09-30 16:00:00,1.362575
2010-09-30 20:00:00,1.3629825000000002
2010-10-01 00:00:00,1.3631516666666668
2010-10-01 04:00:00,1.3657508333333332
2010-10-01 08:00:00,1.3667625
2010-10-01 12:00:00,1.3734216666666668
2010-10-01 16:00:00,1.3745458333333334
2010-10-01 20:00:00,1.3772208333333331
2010-10-04 00:00:00,1.3772908333333334
2010-10-04 04:00:00,1.37595
2010-10-04 08:00:00,1.3739758333333336
2010-10-04 12:00:00,1.369263333333333
2010-10-04 16:00:00,1.3692041666666666
2010-10-04 20:00:00,1.368615
2010-10-05 00:00:00,1.3668699999999998
2010-10-05 04:00:00,1.36608
2010-10-05 08:00:00,1.372701666666667
2010-10-05 12:00:00,1.3777
2010-10-05 16:00:00,1.3821933333333332
2010-10-05 20:00:00,1.3842608333333333
2010-10-06 00:00:00,1.3838724999999998
2010-10-06 04:00:00,1.3836050000000002
2010-10-06 08:00:00,1.3851533333333332
2010-10-06 12:00:00,1.3851575
2010-10-06 16:00:00,1.3898808333333337
2010-10-06 20:00:00,1.3930883333333333
2010-10-07 00:00:00,1.3922383333333337
2010-10-07 04:00:00,1.3913583333333333
2010-10-07 08:00:00,1.395978333333333
2010-10-07 12:00:00,1.398165
2010-10-07 16:00:00,1.3928525
2010-10-07 20:00:00,1.3911508333333331
2010-10-08 00:00:00,1.3919016666666666
2010-10-08 04:00:00,1.394130833333333
2010-10-08 08:00:00,1.3926733333333334
2010-10-08 12:00:00,1.3893749999999998
2010-10-08 16:00:00,1.3919566666666665
2010-10-08 20:00:00,1.3917575
2010-10-11 00:00:00,1.3933983333333333
2010-10-11 04:00:00,1.3976066666666669
2010-10-11 08:00:00,1.3952866666666668
2010-10-11 12:00:00,1.3937841666666664
2010-10-11 16:00:00,1.3902183333333331
2010-10-11 20:00:00,1.3881808333333332
2010-10-12 00:00:00,1.3872466666666667
2010-10-12 04:00:00,1.3869333333333334
2010-10-12 08:00:00,1.3823116666666666
2010-10-12 12:00:00,1.381725833333333
2010-10-12 16:00:00,1.3840083333333335
2010-10-12 20:00:00,1.3896625
2010-10-13 00:00:00,1.3922166666666669
2010-10-13 04:00:00,1.3963241666666666
2010-10-13 08:00:00,1.3969516666666666
2010-10-13 12:00:00,1.3973091666666666
2010-10-13 16:00:00,1.3949608333333332
2010-10-13 20:00:00,1.3960366666666668
2010-10-14 00:00:00,1.398148333333333
2010-10-14 04:00:00,1.4073116666666667
2010-10-14 08:00:00,1.40894
2010-10-14 12:00:00,1.4078175
2010-10-14 16:00:00,1.4067666666666667
2010-10-14 20:00:00,1.406826666666667
2010-10-15 00:00:00,1.4054016666666669
2010-10-15 04:00:00,1.4035458333333333
2010-10-15 08:00:00,1.4077616666666666
2010-10-15 12:00:00,1.4092866666666666
2010-10-15 16:00:00,1.401915
2010-10-15 20:00:00,1.3967983333333334
2010-10-18 00:00:00,1.3956508333333333
2010-10-18 04:00:00,1.3892591666666667
2010-10-18 08:00:00,1.38705
2010-10-18 12:00:00,1.3899491666666666
2010-10-18 16:00:00,1.3963708333333331
2010-10-18 20:00:00,1.3980433333333333
2010-10-19 00:00:00,1.3953783333333334
2010-10-19 04:00:00,1.3930341666666668
2010-10-19 08:00:00,1.391098333333333
2010-10-19 12:00:00,1.3897924999999998
2010-10-19 16:00:00,1.380963333333333
2010-10-19 20:00:00,1.374731666666667
2010-10-20 00:00:00,1.3728966666666669
2010-10-20 04:00:00,1.3765608333333337
2010-10-20 08:00:00,1.379289166666667
2010-10-20 12:00:00,1.3841158333333332
2010-10-20 16:00:00,1.3936608333333331
2010-10-20 20:00:00,1.3959691666666667
2010-10-21 00:00:00,1.396305
2010-10-21 04:00:00,1.391711666666667
2010-10-21 08:00:00,1.3956808333333337
2010-10-21 12:00:00,1.4015533333333332
2010-10-21 16:00:00,1.3982416666666668
2010-10-21 20:00:00,1.3922816666666664
2010-10-22 00:00:00,1.39153
2010-10-22 04:00:00,1.3920408333333336
2010-10-22 08:00:00,1.3925925
2010-10-22 12:00:00,1.3923366666666668
2010-10-22 16:00:00,1.3924416666666666
2010-10-22 20:00:00,1.3929091666666666
2010-10-25 00:00:00,1.3947824999999998
2010-10-25 04:00:00,1.4027516666666668
2010-10-25 08:00:00,1.4048883333333333
2010-10-25 12:00:00,1.4034583333333337
2010-10-25 16:00:00,1.3992749999999998
2010-10-25 20:00:00,1.3972516666666666
2010-10-26 00:00:00,1.3943258333333333
2010-10-26 04:00:00,1.3956083333333331
2010-10-26 08:00:00,1.3959141666666668
2010-10-26 12:00:00,1.393085
2010-10-26 16:00:00,1.3867941666666663
2010-10-26 20:00:00,1.384945833333333
2010-10-27 00:00:00,1.3856208333333333
2010-10-27 04:00:00,1.3825883333333333
2010-10-27 08:00:00,1.3805649999999998
2010-10-27 12:00:00,1.3818691666666667
2010-10-27 16:00:00,1.3790025
2010-10-27 20:00:00,1.3759683333333332
2010-10-28 00:00:00,1.3784208333333334
2010-10-28 04:00:00,1.38124
2010-10-28 08:00:00,1.382491666666667
2010-10-28 12:00:00,1.3848633333333336
2010-10-28 16:00:00,1.3908525000000005
2010-10-28 20:00:00,1.3929441666666669
2010-10-29 00:00:00,1.3928141666666665
2010-10-29 04:00:00,1.3899750000000002
2010-10-29 08:00:00,1.3866141666666665
2010-10-29 12:00:00,1.3852466666666667
2010-10-29 16:00:00,1.3900691666666667
2010-10-29 20:00:00,1.3913025
2010-11-01 00:00:00,1.3920858333333332
2010-11-01 04:00:00,1.3980108333333332
2010-11-01 08:00:00,1.3981100000000002
2010-11-01 12:00:00,1.3952399999999998
2010-11-01 16:00:00,1.3900025
2010-11-01 20:00:00,1.3889708333333337
2010-11-02 00:00:00,1.3900983333333332
2010-11-02 04:00:00,1.3906183333333335
2010-11-02 08:00:00,1.3936375
2010-11-02 12:00:00,1.3981316666666668
2010-11-02 16:00:00,1.4026791666666667
2010-11-02 20:00:00,1.4034908333333331
2010-11-03 00:00:00,1.4033616666666666
2010-11-03 04:00:00,1.4016308333333334
2010-11-03 08:00:00,1.4017625000000002
2010-11-03 12:00:00,1.4042575000000002
2010-11-03 16:00:00,1.4021724999999998
2010-11-03 20:00:00,1.40955
2010-11-04 00:00:00,1.4125100000000002
2010-11-04 04:00:00,1.41268
2010-11-04 08:00:00,1.41429
2010-11-04 12:00:00,1.423805
2010-11-04 16:00:00,1.424316666666667
2010-11-04 20:00:00,1.4204041666666667
2010-11-05 00:00:00,1.4215008333333332
2010-11-05 04:00:00,1.4202675
2010-11-05 08:00:00,1.4195216666666666
2010-11-05 12:00:00,1.4122108333333334
2010-11-05 16:00:00,1.4071983333333336
2010-11-05 20:00:00,1.4042491666666663
2010-11-08 00:00:00,1.4044233333333334
2010-11-08 04:00:00,1.3964941666666668
2010-11-08 08:00:00,1.395364166666667
2010-11-08 12:00:00,1.391450833333333
2010-11-08 16:00:00,1.3916208333333333
2010-11-08 20:00:00,1.39302
2010-11-09 00:00:00,1.3894483333333334
2010-11-09 04:00:00,1.3878066666666666
2010-11-09 08:00:00,1.3855566666666668
2010-11-09 12:00:00,1.3926908333333334
2010-11-09 16:00:00,1.3914741666666668
2010-11-09 20:00:00,1.3826733333333334
2010-11-10 00:00:00,1.3766724999999995
2010-11-10 04:00:00,1.3759575000000002
2010-11-10 08:00:00,1.3780475
2010-11-10 12:00:00,1.377895
2010-11-10 16:00:00,1.3728583333333333
2010-11-10 20:00:00,1.3764875
2010-11-11 00:00:00,1.3775233333333332
2010-11-11 04:00:00,1.3799008333333334
2010-11-11 08:00:00,1.377899166666667
2010-11-11 12:00:00,1.3726941666666668
2010-11-11 16:00:00,1.3681625
2010-11-11 20:00:00,1.3657008333333331
2010-11-12 00:00:00,1.3650208333333331
2010-11-12 04:00:00,1.3620491666666668
2010-11-12 08:00:00,1.3615049999999995
2010-11-12 12:00:00,1.3683924999999997
2010-11-12 16:00:00,1.3729383333333334
2010-11-12 20:00:00,1.3685900000000002
2010-11-15 00:00:00,1.3695149999999998
2010-11-15 04:00:00,1.37065
2010-11-15 08:00:00,1.366455
2010-11-15 12:00:00,1.3626458333333331
2010-11-15 16:00:00,1.3620516666666669
2010-11-15 20:00:00,1.3600258333333333
2010-11-16 00:00:00,1.3578966666666663
2010-11-16 04:00:00,1.3609633333333333
2010-11-16 08:00:00,1.3605541666666667
2010-11-16 12:00:00,1.36001
2010-11-16 16:00:00,1.3570233333333332
2010-11-16 20:00:00,1.348465
2010-11-17 00:00:00,1.3486033333333332
2010-11-17 04:00:00,1.3503808333333334
2010-11-17 08:00:00,1.3493983333333337
2010-11-17 12:00:00,1.3497358333333334
2010-11-17 16:00:00,1.3527533333333333
2010-11-17 20:00:00,1.35271
2010-11-18 00:00:00,1.3539066666666666
2010-11-18 04:00:00,1.3569783333333334
2010-11-18 08:00:00,1.35979
2010-11-18 12:00:00,1.36437
2010-11-18 16:00:00,1.3621791666666665
2010-11-18 20:00:00,1.3627258333333334
2010-11-19 00:00:00,1.3644383333333332
2010-11-19 04:00:00,1.36276
2010-11-19 08:00:00,1.3670283333333335
2010-11-19 12:00:00,1.3704583333333331
2010-11-19 16:00:00,1.36588
2010-11-19 20:00:00,1.3663666666666667
2010-11-22 00:00:00,1.369203333333333
2010-11-22 04:00:00,1.3756525000000002
2010-11-22 08:00:00,1.3747775
2010-11-22 12:00:00,1.37185
2010-11-22 16:00:00,1.3631425
2010-11-22 20:00:00,1.3603258333333332
2010-11-23 00:00:00,1.3612083333333334
2010-11-23 04:00:00,1.357715
2010-11-23 08:00:00,1.357189166666667
2010-11-23 12:00:00,1.3563383333333334
2010-11-23 16:00:00,1.3441333333333332
2010-11-23 20:00:00,1.33814
2010-11-24 00:00:00,1.3375358333333334
2010-11-24 04:00:00,1.3399433333333333
2010-11-24 08:00:00,1.3387033333333331
2010-11-24 12:00:00,1.3327458333333333
2010-11-24 16:00:00,1.33817
2010-11-24 20:00:00,1.3341966666666667
2010-11-26 00:00:00,1.3340133333333333
2010-11-26 04:00:00,1.3329191666666669
2010-11-26 08:00:00,1.3284766666666668
2010-11-26 12:00:00,1.3236633333333332
2010-11-26 16:00:00,1.3232933333333334
2010-11-26 20:00:00,1.323988333333333
2010-11-29 00:00:00,1.3234191666666666
2010-11-29 04:00:00,1.3223541666666667
2010-11-29 08:00:00,1.3255575
2010-11-29 12:00:00,1.3194925
2010-11-29 16:00:00,1.3100458333333334
2010-11-29 20:00:00,1.3107016666666669
2010-11-30 00:00:00,1.311515
2010-11-30 04:00:00,1.311565
2010-11-30 08:00:00,1.3097175
2010-11-30 12:00:00,1.30193
2010-11-30 16:00:00,1.30095
2010-11-30 20:00:00,1.301255
2010-12-01 00:00:00,1.298536666666667
2010-12-01 04:00:00,1.2997233333333331
2010-12-01 08:00:00,1.3039158333333334
2010-12-01 12:00:00,1.3093525
2010-12-01 16:00:00,1.3107216666666668
2010-12-01 20:00:00,1.313146666666667
2010-12-02 00:00:00,1.312820833333333
2010-12-02 04:00:00,1.31149
2010-12-02 08:00:00,1.3132674999999998
2010-12-02 12:00:00,1.3173691666666667
2010-12-02 16:00:00,1.3156725
2010-12-02 20:00:00,1.32086
2010-12-03 00:00:00,1.3211408333333332
2010-12-03 04:00:00,1.3203016666666665
2010-12-03 08:00:00,1.321955
2010-12-03 12:00:00,1.3250966666666666
2010-12-03 16:00:00,1.3349608333333334
2010-12-03 20:00:00,1.3380458333333334
2010-12-06 00:00:00,1.3394191666666666
2010-12-06 04:00:00,1.3352491666666664
2010-12-06 08:00:00,1.3344866666666666
2010-12-06 12:00:00,1.3280158333333334
2010-12-06 16:00:00,1.3277416666666668
2010-12-06 20:00:00,1.3309525
2010-12-07 00:00:00,1.3299225
2010-12-07 04:00:00,1.3322241666666668
2010-12-07 08:00:00,1.3336941666666668
2010-12-07 12:00:00,1.3368066666666667
2010-12-07 16:00:00,1.3356375
2010-12-07 20:00:00,1.3295616666666668
2010-12-08 00:00:00,1.3259208333333334
2010-12-08 04:00:00,1.3238608333333333
2010-12-08 08:00:00,1.32148
2010-12-08 12:00:00,1.3225233333333333
2010-12-08 16:00:00,1.3232733333333333
2010-12-08 20:00:00,1.324595
2010-12-09 00:00:00,1.3259116666666668
2010-12-09 04:00:00,1.3306558333333334
2010-12-09 08:00:00,1.3297725
2010-12-09 12:00:00,1.32174
2010-12-09 16:00:00,1.3213058333333334
2010-12-09 20:00:00,1.3230791666666666
2010-12-10 00:00:00,1.3238208333333334
2010-12-10 04:00:00,1.3243616666666669
2010-12-10 08:00:00,1.3257658333333333
2010-12-10 12:00:00,1.3247525000000002
2010-12-10 16:00:00,1.3219366666666668
2010-12-10 20:00:00,1.3229858333333335
2010-12-13 00:00:00,1.3218733333333337
2010-12-13 04:00:00,1.31903
2010-12-13 08:00:00,1.3199266666666665
2010-12-13 12:00:00,1.3242258333333334
2010-12-13 16:00:00,1.3337541666666666
2010-12-13 20:00:00,1.339953333333333
2010-12-14 00:00:00,1.33878
2010-12-14 04:00:00,1.338906666666667
2010-12-14 08:00:00,1.342175
2010-12-14 12:00:00,1.3459575
2010-12-14 16:00:00,1.3403391666666666
2010-12-14 20:00:00,1.3400016666666668
2010-12-15 00:00:00,1.33684
2010-12-15 04:00:00,1.3346866666666666
2010-12-15 08:00:00,1.3320683333333334
2010-12-15 12:00:00,1.3322124999999998
2010-12-15 16:00:00,1.3338316666666663
2010-12-15 20:00:00,1.3248383333333331
2010-12-16 00:00:00,1.3219575
2010-12-16 04:00:00,1.3220258333333337
2010-12-16 08:00:00,1.3227983333333333
2010-12-16 12:00:00,1.3239791666666667
2010-12-16 16:00:00,1.3219033333333332
2010-12-16 20:00:00,1.322095
2010-12-17 00:00:00,1.3241458333333334
2010-12-17 04:00:00,1.32798
2010-12-17 08:00:00,1.329965
2010-12-17 12:00:00,1.3300925
2010-12-17 16:00:00,1.3202825
2010-12-17 20:00:00,1.3166491666666666
2010-12-20 00:00:00,1.3168225
2010-12-20 04:00:00,1.3147575
2010-12-20 08:00:00,1.3160316666666667
2010-12-20 12:00:00,1.3159191666666668
2010-12-20 16:00:00,1.3135608333333333
2010-12-20 20:00:00,1.3119458333333331
2010-12-21 00:00:00,1.3121941666666668
2010-12-21 04:00:00,1.3171525000000002
2010-12-21 08:00:00,1.3171758333333334
2010-12-21 12:00:00,1.3155008333333331
2010-12-21 16:00:00,1.3147308333333334
2010-12-21 20:00:00,1.3098858333333334
2010-12-22 00:00:00,1.31
2010-12-22 04:00:00,1.3129149999999998
2010-12-22 08:00:00,1.3136191666666666
2010-12-22 12:00:00,1.3147816666666667
2010-12-22 16:00:00,1.3099741666666669
2010-12-22 20:00:00,1.3089033333333333
2010-12-23 00:00:00,1.3103683333333334
2010-12-23 04:00:00,1.3112966666666668
2010-12-23 08:00:00,1.3126799999999998
2010-12-23 12:00:00,1.3096266666666667
2010-12-23 16:00:00,1.3076475
2010-12-23 20:00:00,1.3113733333333333
2010-12-27 00:00:00,1.3110024999999998
2010-12-27 04:00:00,1.3116116666666664
2010-12-27 08:00:00,1.3144325
2010-12-27 12:00:00,1.315615
2010-12-27 16:00:00,1.3148491666666666
2010-12-27 20:00:00,1.3144825
2010-12-28 00:00:00,1.3181525
2010-12-28 04:00:00,1.3235733333333333
2010-12-28 08:00:00,1.322555
2010-12-28 12:00:00,1.3241175
2010-12-28 16:00:00,1.3157633333333334
2010-12-28 20:00:00,1.3115316666666668
2010-12-29 00:00:00,1.3104891666666667
2010-12-29 04:00:00,1.3126416666666667
2010-12-29 08:00:00,1.3131033333333333
2010-12-29 12:00:00,1.3127683333333335
2010-12-29 16:00:00,1.3144066666666667
2010-12-29 20:00:00,1.321035
2010-12-30 00:00:00,1.3224525
2010-12-30 04:00:00,1.323595
2010-12-30 08:00:00,1.3236158333333332
2010-12-30 12:00:00,1.325105
2010-12-30 16:00:00,1.3283425
2010-12-30 20:00:00,1.327953333333333
2010-12-31 00:00:00,1.3292416666666664
2010-12-31 04:00:00,1.329675
2010-12-31 08:00:00,1.3339058333333336
2010-12-31 12:00:00,1.3368824999999998
2010-12-31 16:00:00,1.33896
2010-12-31 20:00:00,1.3358266666666667
2011-01-03 00:00:00,1.3356466666666666
2011-01-03 04:00:00,1.3290125000000002
2011-01-03 08:00:00,1.3290775
2011-01-03 12:00:00,1.331346666666667
2011-01-03 16:00:00,1.3347841666666664
2011-01-03 20:00:00,1.336903333333333
2011-01-04 00:00:00,1.3353133333333331
2011-01-04 04:00:00,1.3351433333333331
2011-01-04 08:00:00,1.3346516666666668
2011-01-04 12:00:00,1.339245
2011-01-04 16:00:00,1.3358358333333331
2011-01-04 20:00:00,1.3309658333333334
2011-01-05 00:00:00,1.3306975
2011-01-05 04:00:00,1.327821666666667
2011-01-05 08:00:00,1.3269083333333334
2011-01-05 12:00:00,1.323905
2011-01-05 16:00:00,1.3161649999999998
2011-01-05 20:00:00,1.3162658333333337
2011-01-06 00:00:00,1.315085
2011-01-06 04:00:00,1.3142791666666669
2011-01-06 08:00:00,1.3133441666666668
2011-01-06 12:00:00,1.3106233333333337
2011-01-06 16:00:00,1.3077033333333334
2011-01-06 20:00:00,1.3015908333333333
2011-01-07 00:00:00,1.299705
2011-01-07 04:00:00,1.299961666666667
2011-01-07 08:00:00,1.2986333333333333
2011-01-07 12:00:00,1.2977066666666666
2011-01-07 16:00:00,1.2971233333333334
2011-01-07 20:00:00,1.2925358333333332
2011-01-10 00:00:00,1.2912150000000002
2011-01-10 04:00:00,1.2910758333333334
2011-01-10 08:00:00,1.2900541666666667
2011-01-10 12:00:00,1.2905533333333334
2011-01-10 16:00:00,1.2923891666666665
2011-01-10 20:00:00,1.29513
2011-01-11 00:00:00,1.2948566666666663
2011-01-11 04:00:00,1.2947008333333332
2011-01-11 08:00:00,1.2939541666666663
2011-01-11 12:00:00,1.2943258333333332
2011-01-11 16:00:00,1.2945866666666666
2011-01-11 20:00:00,1.2965466666666667
2011-01-12 00:00:00,1.2976791666666667
2011-01-12 04:00:00,1.300165
2011-01-12 08:00:00,1.2997141666666667
2011-01-12 12:00:00,1.29957
2011-01-12 16:00:00,1.3037941666666668
2011-01-12 20:00:00,1.3115158333333334
2011-01-13 00:00:00,1.3129333333333335
2011-01-13 04:00:00,1.310999166666667
2011-01-13 08:00:00,1.31121
2011-01-13 12:00:00,1.3153725
2011-01-13 16:00:00,1.330955
2011-01-13 20:00:00,1.3357116666666666
2011-01-14 00:00:00,1.3351333333333333
2011-01-14 04:00:00,1.3335275000000002
2011-01-14 08:00:00,1.337455
2011-01-14 12:00:00,1.3363708333333335
2011-01-14 16:00:00,1.3358683333333334
2011-01-14 20:00:00,1.3353925
2011-01-18 00:00:00,1.3342875
2011-01-18 04:00:00,1.328325
2011-01-18 08:00:00,1.3341583333333331
2011-01-18 12:00:00,1.3400166666666666
2011-01-18 16:00:00,1.3406191666666667
2011-01-18 20:00:00,1.337745
2011-01-19 00:00:00,1.3383858333333334
2011-01-19 04:00:00,1.3436841666666668
2011-01-19 08:00:00,1.3473016666666666
2011-01-19 12:00:00,1.3470749999999998
2011-01-19 16:00:00,1.3497858333333332
2011-01-19 20:00:00,1.3477216666666667
2011-01-20 00:00:00,1.3457458333333334
2011-01-20 04:00:00,1.3442758333333331
2011-01-20 08:00:00,1.3455616666666663
2011-01-20 12:00:00,1.3490950000000002
2011-01-20 16:00:00,1.3445291666666666
2011-01-20 20:00:00,1.3466016666666667
2011-01-21 00:00:00,1.3468133333333334
2011-01-21 04:00:00,1.34867
2011-01-21 08:00:00,1.3507116666666668
2011-01-21 12:00:00,1.352995
2011-01-21 16:00:00,1.3560175
2011-01-21 20:00:00,1.3596466666666664
2011-01-24 00:00:00,1.360558333333333
2011-01-24 04:00:00,1.3600016666666668
2011-01-24 08:00:00,1.3589741666666668
2011-01-24 12:00:00,1.3565475
2011-01-24 16:00:00,1.3635683333333333
2011-01-24 20:00:00,1.3642916666666665
2011-01-25 00:00:00,1.3640766666666668
2011-01-25 04:00:00,1.3662033333333334
2011-01-25 08:00:00,1.3654266666666668
2011-01-25 12:00:00,1.3602608333333333
2011-01-25 16:00:00,1.3626791666666669
2011-01-25 20:00:00,1.3662066666666668
2011-01-26 00:00:00,1.368055
2011-01-26 04:00:00,1.368535
2011-01-26 08:00:00,1.36832
2011-01-26 12:00:00,1.3699424999999998
2011-01-26 16:00:00,1.367785
2011-01-26 20:00:00,1.3680708333333331
2011-01-27 00:00:00,1.37041
2011-01-27 04:00:00,1.3701075
2011-01-27 08:00:00,1.3690066666666665
2011-01-27 12:00:00,1.371459166666667
2011-01-27 16:00:00,1.3724383333333334
2011-01-27 20:00:00,1.371835
2011-01-28 00:00:00,1.372835
2011-01-28 04:00:00,1.3706558333333332
2011-01-28 08:00:00,1.3705783333333337
2011-01-28 12:00:00,1.3721541666666668
2011-01-28 16:00:00,1.36687
2011-01-28 20:00:00,1.3607033333333334
2011-01-31 00:00:00,1.3603483333333333
2011-01-31 04:00:00,1.359725
2011-01-31 08:00:00,1.361535
2011-01-31 12:00:00,1.3658616666666663
2011-01-31 16:00:00,1.37102
2011-01-31 20:00:00,1.3690358333333332
2011-02-01 00:00:00,1.3701
2011-02-01 04:00:00,1.3720433333333333
2011-02-01 08:00:00,1.3728275
2011-02-01 12:00:00,1.3749858333333336
2011-02-01 16:00:00,1.376571666666667
2011-02-01 20:00:00,1.382345
2011-02-02 00:00:00,1.3827366666666667
2011-02-02 04:00:00,1.384496666666667
2011-02-02 08:00:00,1.3839758333333332
2011-02-02 12:00:00,1.3816641666666667
2011-02-02 16:00:00,1.3799391666666667
2011-02-02 20:00:00,1.37895
2011-02-03 00:00:00,1.380815
2011-02-03 04:00:00,1.380075
2011-02-03 08:00:00,1.3801358333333331
2011-02-03 12:00:00,1.3772825
2011-02-03 16:00:00,1.36562
2011-02-03 20:00:00,1.3634016666666666
2011-02-04 00:00:00,1.3627191666666665
2011-02-04 04:00:00,1.3631441666666668
2011-02-04 08:00:00,1.3630966666666668
2011-02-04 12:00:00,1.3629691666666666
2011-02-04 16:00:00,1.3576075
2011-02-04 20:00:00,1.358255
2011-02-07 00:00:00,1.3580125
2011-02-07 04:00:00,1.3607524999999998
2011-02-07 08:00:00,1.3606999999999998
2011-02-07 12:00:00,1.3570600000000002
2011-02-07 16:00:00,1.3534983333333332
2011-02-07 20:00:00,1.3571158333333333
2011-02-08 00:00:00,1.3583708333333333
2011-02-08 04:00:00,1.3602808333333334
2011-02-08 08:00:00,1.3629558333333334
2011-02-08 12:00:00,1.363645
2011-02-08 16:00:00,1.3647583333333333
2011-02-08 20:00:00,1.3645583333333335
2011-02-09 00:00:00,1.3626158333333334
2011-02-09 04:00:00,1.364030833333333
2011-02-09 08:00:00,1.364441666666667
2011-02-09 12:00:00,1.3635808333333337
2011-02-09 16:00:00,1.3684925
2011-02-09 20:00:00,1.3720024999999998
2011-02-10 00:00:00,1.3723391666666664
2011-02-10 04:00:00,1.37096
2011-02-10 08:00:00,1.3677466666666669
2011-02-10 12:00:00,1.3634483333333332
2011-02-10 16:00:00,1.3605883333333333
2011-02-10 20:00:00,1.3611266666666668
2011-02-11 00:00:00,1.360188333333333
2011-02-11 04:00:00,1.3582858333333332
2011-02-11 08:00:00,1.356145
2011-02-11 12:00:00,1.352365
2011-02-11 16:00:00,1.3534891666666666
2011-02-11 20:00:00,1.3531716666666669
2011-02-14 00:00:00,1.3537733333333333
2011-02-14 04:00:00,1.3534808333333332
2011-02-14 08:00:00,1.3531516666666668
2011-02-14 12:00:00,1.3458208333333332
2011-02-14 16:00:00,1.3463033333333332
2011-02-14 20:00:00,1.34849
2011-02-15 00:00:00,1.3487775
2011-02-15 04:00:00,1.3513166666666665
2011-02-15 08:00:00,1.3497625000000002
2011-02-15 12:00:00,1.3525625
2011-02-15 16:00:00,1.3512633333333333
2011-02-15 20:00:00,1.3499366666666666
2011-02-16 00:00:00,1.349255833333333
2011-02-16 04:00:00,1.3527091666666666
2011-02-16 08:00:00,1.3545741666666666
2011-02-16 12:00:00,1.3528966666666666
2011-02-16 16:00:00,1.3500550000000002
2011-02-16 20:00:00,1.3561066666666668
2011-02-17 00:00:00,1.3568775
2011-02-17 04:00:00,1.358898333333333
2011-02-17 08:00:00,1.3565541666666667
2011-02-17 12:00:00,1.3563141666666667
2011-02-17 16:00:00,1.3585383333333332
2011-02-17 20:00:00,1.35997
2011-02-18 00:00:00,1.3611274999999998
2011-02-18 04:00:00,1.360305
2011-02-18 08:00:00,1.3596933333333334
2011-02-18 12:00:00,1.3570425000000002
2011-02-18 16:00:00,1.3636808333333337
2011-02-18 20:00:00,1.3686008333333333
2011-02-22 00:00:00,1.3678666666666666
2011-02-22 04:00:00,1.3594425
2011-02-22 08:00:00,1.3570558333333334
2011-02-22 12:00:00,1.3626225
2011-02-22 16:00:00,1.3677358333333332
2011-02-22 20:00:00,1.3657591666666664
2011-02-23 00:00:00,1.3665716666666667
2011-02-23 04:00:00,1.369525833333333
2011-02-23 08:00:00,1.3710258333333334
2011-02-23 12:00:00,1.3720008333333331
2011-02-23 16:00:00,1.37454
2011-02-23 20:00:00,1.3746275
2011-02-24 00:00:00,1.3755625000000002
2011-02-24 04:00:00,1.37735
2011-02-24 08:00:00,1.3747575
2011-02-24 12:00:00,1.3777658333333334
2011-02-24 16:00:00,1.3784225
2011-02-24 20:00:00,1.3797275
2011-02-25 00:00:00,1.3807000000000005
2011-02-25 04:00:00,1.3824124999999998
2011-02-25 08:00:00,1.3818825
2011-02-25 12:00:00,1.3792908333333336
2011-02-25 16:00:00,1.3747824999999998
2011-02-25 20:00:00,1.3750274999999998
2011-02-28 00:00:00,1.3739275
2011-02-28 04:00:00,1.3741283333333334
2011-02-28 08:00:00,1.3770975
2011-02-28 12:00:00,1.3828866666666666
2011-02-28 16:00:00,1.3824783333333337
2011-02-28 20:00:00,1.3795225
2011-03-01 00:00:00,1.3812266666666666
2011-03-01 04:00:00,1.3809441666666669
2011-03-01 08:00:00,1.3814275
2011-03-01 12:00:00,1.3830825
2011-03-01 16:00:00,1.3823941666666666
2011-03-01 20:00:00,1.3790074999999995
2011-03-02 00:00:00,1.3773149999999998
2011-03-02 04:00:00,1.376005
2011-03-02 08:00:00,1.3764341666666666
2011-03-02 12:00:00,1.3814991666666667
2011-03-02 16:00:00,1.3859908333333333
2011-03-02 20:00:00,1.3863316666666667
2011-03-03 00:00:00,1.3863208333333332
2011-03-03 04:00:00,1.38562
2011-03-03 08:00:00,1.3862341666666669
2011-03-03 12:00:00,1.3858716666666666
2011-03-03 16:00:00,1.3936583333333334
2011-03-03 20:00:00,1.3947641666666666
2011-03-04 00:00:00,1.3960883333333334
2011-03-04 04:00:00,1.3955016666666666
2011-03-04 08:00:00,1.3958041666666663
2011-03-04 12:00:00,1.3965800000000002
2011-03-04 16:00:00,1.3980224999999995
2011-03-04 20:00:00,1.3982591666666668
2011-03-07 00:00:00,1.3982375000000002
2011-03-07 04:00:00,1.397495
2011-03-07 08:00:00,1.3978091666666668
2011-03-07 12:00:00,1.4022008333333331
2011-03-07 16:00:00,1.400234166666667
2011-03-07 20:00:00,1.39674
2011-03-08 00:00:00,1.3967016666666665
2011-03-08 04:00:00,1.3974433333333334
2011-03-08 08:00:00,1.396225
2011-03-08 12:00:00,1.3922166666666669
2011-03-08 16:00:00,1.3893416666666665
2011-03-08 20:00:00,1.3906466666666666
2011-03-09 00:00:00,1.3897158333333333
2011-03-09 04:00:00,1.3888174999999998
2011-03-09 08:00:00,1.3886816666666666
2011-03-09 12:00:00,1.389960833333333
2011-03-09 16:00:00,1.3910116666666663
2011-03-09 20:00:00,1.3903308333333333
2011-03-10 00:00:00,1.390623333333333
2011-03-10 04:00:00,1.38981
2011-03-10 08:00:00,1.3850825
2011-03-10 12:00:00,1.3835741666666663
2011-03-10 16:00:00,1.3815266666666668
2011-03-10 20:00:00,1.3799975
2011-03-11 00:00:00,1.3800408333333334
2011-03-11 04:00:00,1.38202
2011-03-11 08:00:00,1.3815974999999998
2011-03-11 12:00:00,1.3784991666666664
2011-03-11 16:00:00,1.3816983333333337
2011-03-11 20:00:00,1.3882516666666669
2011-03-14 00:00:00,1.390185
2011-03-14 04:00:00,1.3927908333333334
2011-03-14 08:00:00,1.3931825
2011-03-14 12:00:00,1.3958216666666667
2011-03-14 16:00:00,1.3969391666666668
2011-03-14 20:00:00,1.3993533333333332
2011-03-15 00:00:00,1.3989566666666668
2011-03-15 04:00:00,1.3945433333333337
2011-03-15 08:00:00,1.3927325000000002
2011-03-15 12:00:00,1.388325
2011-03-15 16:00:00,1.3950433333333334
2011-03-15 20:00:00,1.3988808333333331
2011-03-16 00:00:00,1.3983875
2011-03-16 04:00:00,1.3969075000000002
2011-03-16 08:00:00,1.397541666666667
2011-03-16 12:00:00,1.3949866666666666
2011-03-16 16:00:00,1.3929166666666666
2011-03-16 20:00:00,1.3895108333333333
2011-03-17 00:00:00,1.390725
2011-03-17 04:00:00,1.391645
2011-03-17 08:00:00,1.3944908333333332
2011-03-17 12:00:00,1.4017833333333332
2011-03-17 16:00:00,1.4007325
2011-03-17 20:00:00,1.4016458333333333
2011-03-18 00:00:00,1.4016025
2011-03-18 04:00:00,1.4064533333333331
2011-03-18 08:00:00,1.4063724999999998
2011-03-18 12:00:00,1.4106158333333334
2011-03-18 16:00:00,1.41412
2011-03-18 20:00:00,1.4165966666666667
2011-03-21 00:00:00,1.4164133333333333
2011-03-21 04:00:00,1.4172866666666666
2011-03-21 08:00:00,1.4167766666666668
2011-03-21 12:00:00,1.4167266666666667
2011-03-21 16:00:00,1.4181391666666665
2011-03-21 20:00:00,1.4221416666666666
2011-03-22 00:00:00,1.42165
2011-03-22 04:00:00,1.4219466666666667
2011-03-22 08:00:00,1.4231925
2011-03-22 12:00:00,1.4232258333333334
2011-03-22 16:00:00,1.4197308333333334
2011-03-22 20:00:00,1.4205466666666668
2011-03-23 00:00:00,1.4181658333333331
2011-03-23 04:00:00,1.417065
2011-03-23 08:00:00,1.4171825
2011-03-23 12:00:00,1.4170316666666667
2011-03-23 16:00:00,1.4127816666666666
2011-03-23 20:00:00,1.4112433333333332
2011-03-24 00:00:00,1.4100100000000002
2011-03-24 04:00:00,1.4083183333333331
2011-03-24 08:00:00,1.4080541666666666
2011-03-24 12:00:00,1.41289
2011-03-24 16:00:00,1.4171816666666668
2011-03-24 20:00:00,1.4177858333333333
2011-03-25 00:00:00,1.4172383333333332
2011-03-25 04:00:00,1.4172183333333337
2011-03-25 08:00:00,1.417380833333333
2011-03-25 12:00:00,1.4153591666666667
2011-03-25 16:00:00,1.412369166666667
2011-03-25 20:00:00,1.407245
2011-03-28 00:00:00,1.4064833333333333
2011-03-28 04:00:00,1.4056433333333334
2011-03-28 08:00:00,1.4059983333333332
2011-03-28 12:00:00,1.4049733333333334
2011-03-28 16:00:00,1.4095408333333332
2011-03-28 20:00:00,1.40907
2011-03-29 00:00:00,1.4079683333333333
2011-03-29 04:00:00,1.408075
2011-03-29 08:00:00,1.4125633333333334
2011-03-29 12:00:00,1.4088891666666663
2011-03-29 16:00:00,1.4075916666666668
2011-03-29 20:00:00,1.4094525
2011-03-30 00:00:00,1.4110675
2011-03-30 04:00:00,1.4088299999999998
2011-03-30 08:00:00,1.4082850000000002
2011-03-30 12:00:00,1.4086008333333333
2011-03-30 16:00:00,1.40929
2011-03-30 20:00:00,1.4124591666666664
2011-03-31 00:00:00,1.4125616666666665
2011-03-31 04:00:00,1.4137849999999998
2011-03-31 08:00:00,1.4172875
2011-03-31 12:00:00,1.4210908333333334
2011-03-31 16:00:00,1.4185625
2011-03-31 20:00:00,1.4185116666666666
2011-04-01 00:00:00,1.416251666666667
2011-04-01 04:00:00,1.4164108333333334
2011-04-01 08:00:00,1.4164425
2011-04-01 12:00:00,1.4144958333333333
2011-04-01 16:00:00,1.4148383333333334
2011-04-01 20:00:00,1.4225858333333332
2011-04-04 00:00:00,1.4233325
2011-04-04 04:00:00,1.4224433333333335
2011-04-04 08:00:00,1.4222241666666666
2011-04-04 12:00:00,1.4219533333333332
2011-04-04 16:00:00,1.4226483333333335
2011-04-04 20:00:00,1.421395
2011-04-05 00:00:00,1.4213908333333332
2011-04-05 04:00:00,1.4197575000000002
2011-04-05 08:00:00,1.418915
2011-04-05 12:00:00,1.4173183333333332
2011-04-05 16:00:00,1.4199391666666663
2011-04-05 20:00:00,1.4222433333333333
2011-04-06 00:00:00,1.4225941666666664
2011-04-06 04:00:00,1.4256383333333336
2011-04-06 08:00:00,1.4281141666666666
2011-04-06 12:00:00,1.4299016666666664
2011-04-06 16:00:00,1.4319833333333332
2011-04-06 20:00:00,1.4332066666666667
2011-04-07 00:00:00,1.432639166666667
2011-04-07 04:00:00,1.4308725
2011-04-07 08:00:00,1.4294666666666669
2011-04-07 12:00:00,1.4280666666666666
2011-04-07 16:00:00,1.42871
2011-04-07 20:00:00,1.42979
2011-04-08 00:00:00,1.4301516666666667
2011-04-08 04:00:00,1.437075833333333
2011-04-08 08:00:00,1.4399758333333332
2011-04-08 12:00:00,1.4408958333333333
2011-04-08 16:00:00,1.4431783333333337
2011-04-08 20:00:00,1.4446975
2011-04-11 00:00:00,1.445324166666667
2011-04-11 04:00:00,1.4460891666666666
2011-04-11 08:00:00,1.4457225
2011-04-11 12:00:00,1.4449625
2011-04-11 16:00:00,1.4446675
2011-04-11 20:00:00,1.4433616666666669
2011-04-12 00:00:00,1.4427516666666669
2011-04-12 04:00:00,1.4402275
2011-04-12 08:00:00,1.4410716666666668
2011-04-12 12:00:00,1.4468916666666665
2011-04-12 16:00:00,1.4484333333333337
2011-04-12 20:00:00,1.4482516666666667
2011-04-13 00:00:00,1.4478341666666668
2011-04-13 04:00:00,1.4470941666666666
2011-04-13 08:00:00,1.4497083333333334
2011-04-13 12:00:00,1.4500916666666668
2011-04-13 16:00:00,1.4478125000000002
2011-04-13 20:00:00,1.4440775
2011-04-14 00:00:00,1.444090833333333
2011-04-14 04:00:00,1.4447175
2011-04-14 08:00:00,1.4492608333333334
2011-04-14 12:00:00,1.44074
2011-04-14 16:00:00,1.4455325
2011-04-14 20:00:00,1.4489491666666665
2011-04-15 00:00:00,1.4490016666666667
2011-04-15 04:00:00,1.4476175
2011-04-15 08:00:00,1.4468491666666663
2011-04-15 12:00:00,1.4448658333333335
2011-04-15 16:00:00,1.4427116666666666
2011-04-15 20:00:00,1.4428733333333337
2011-04-18 00:00:00,1.4415066666666667
2011-04-18 04:00:00,1.4376491666666666
2011-04-18 08:00:00,1.4355233333333333
2011-04-18 12:00:00,1.4298650000000002
2011-04-18 16:00:00,1.4235708333333332
2011-04-18 20:00:00,1.4231916666666669
2011-04-19 00:00:00,1.4229908333333334
2011-04-19 04:00:00,1.4222241666666668
2011-04-19 08:00:00,1.4239025
2011-04-19 12:00:00,1.4285225
2011-04-19 16:00:00,1.4310833333333333
2011-04-19 20:00:00,1.4334666666666664
2011-04-20 00:00:00,1.4346458333333334
2011-04-20 04:00:00,1.4392741666666669
2011-04-20 08:00:00,1.4423808333333334
2011-04-20 12:00:00,1.4511716666666667
2011-04-20 16:00:00,1.4510608333333337
2011-04-20 20:00:00,1.450945
2011-04-21 00:00:00,1.4524091666666668
2011-04-21 04:00:00,1.456835833333333
2011-04-21 08:00:00,1.4615516666666668
2011-04-21 12:00:00,1.46145
2011-04-21 16:00:00,1.4567991666666666
2011-04-21 20:00:00,1.4552041666666666
2011-04-25 00:00:00,1.4560791666666666
2011-04-25 04:00:00,1.4550108333333331
2011-04-25 08:00:00,1.4575383333333332
2011-04-25 12:00:00,1.4599533333333334
2011-04-25 16:00:00,1.457545833333333
2011-04-25 20:00:00,1.4579833333333332
2011-04-26 00:00:00,1.4558958333333334
2011-04-26 04:00:00,1.4530383333333334
2011-04-26 08:00:00,1.45696
2011-04-26 12:00:00,1.4619733333333331
2011-04-26 16:00:00,1.4624983333333332
2011-04-26 20:00:00,1.4637274999999998
2011-04-27 00:00:00,1.4677525
2011-04-27 04:00:00,1.4681833333333334
2011-04-27 08:00:00,1.4675483333333332
2011-04-27 12:00:00,1.4670766666666668
2011-04-27 16:00:00,1.466495
2011-04-27 20:00:00,1.475070833333333
2011-04-28 00:00:00,1.4789358333333331
2011-04-28 04:00:00,1.4856091666666664
2011-04-28 08:00:00,1.4842833333333334
2011-04-28 12:00:00,1.4817483333333334
2011-04-28 16:00:00,1.480900833333333
2011-04-28 20:00:00,1.481614166666667
2011-04-29 00:00:00,1.4832383333333334
2011-04-29 04:00:00,1.4826008333333334
2011-04-29 08:00:00,1.4841950000000002
2011-04-29 12:00:00,1.4863475
2011-04-29 16:00:00,1.4833875
2011-04-29 20:00:00,1.4824024999999998
2011-05-02 00:00:00,1.4823783333333334
2011-05-02 04:00:00,1.4796833333333337
2011-05-02 08:00:00,1.480103333333333
2011-05-02 12:00:00,1.4839116666666663
2011-05-02 16:00:00,1.4865225000000002
2011-05-02 20:00:00,1.484675
2011-05-03 00:00:00,1.4810866666666669
2011-05-03 04:00:00,1.4799675
2011-05-03 08:00:00,1.4808158333333332
2011-05-03 12:00:00,1.4786233333333334
2011-05-03 16:00:00,1.4844558333333333
2011-05-03 20:00:00,1.4830525
2011-05-04 00:00:00,1.4827758333333334
2011-05-04 04:00:00,1.4794475000000002
2011-05-04 08:00:00,1.4832641666666668
2011-05-04 12:00:00,1.4872466666666666
2011-05-04 16:00:00,1.488255
2011-05-04 20:00:00,1.4843875
2011-05-05 00:00:00,1.4827683333333337
2011-05-05 04:00:00,1.4851266666666667
2011-05-05 08:00:00,1.4877616666666666
2011-05-05 12:00:00,1.481663333333333
2011-05-05 16:00:00,1.4622333333333335
2011-05-05 20:00:00,1.4540091666666668
2011-05-06 00:00:00,1.4549508333333334
2011-05-06 04:00:00,1.4558866666666668
2011-05-06 08:00:00,1.455025
2011-05-06 12:00:00,1.4522783333333331
2011-05-06 16:00:00,1.448805
2011-05-06 20:00:00,1.4348391666666669
2011-05-09 00:00:00,1.43506
2011-05-09 04:00:00,1.4394191666666667
2011-05-09 08:00:00,1.4407716666666666
2011-05-09 12:00:00,1.4386433333333333
2011-05-09 16:00:00,1.4292025
2011-05-09 20:00:00,1.43423
2011-05-10 00:00:00,1.4358100000000005
2011-05-10 04:00:00,1.4334791666666666
2011-05-10 08:00:00,1.432355
2011-05-10 12:00:00,1.4353508333333331
2011-05-10 16:00:00,1.4355175000000002
2011-05-10 20:00:00,1.4389433333333332
2011-05-11 00:00:00,1.4406325
2011-05-11 04:00:00,1.4398324999999998
2011-05-11 08:00:00,1.4396275
2011-05-11 12:00:00,1.4372791666666669
2011-05-11 16:00:00,1.4281241666666666
2011-05-11 20:00:00,1.419724166666667
2011-05-12 00:00:00,1.420600833333333
2011-05-12 04:00:00,1.4220733333333333
2011-05-12 08:00:00,1.420545
2011-05-12 12:00:00,1.4155583333333333
2011-05-12 16:00:00,1.4208383333333332
2011-05-12 20:00:00,1.4243891666666666
2011-05-13 00:00:00,1.4233583333333333
2011-05-13 04:00:00,1.4202475
2011-05-13 08:00:00,1.42706
2011-05-13 12:00:00,1.4288758333333331
2011-05-13 16:00:00,1.4184275
2011-05-13 20:00:00,1.4106849999999995
2011-05-16 00:00:00,1.4098475
2011-05-16 04:00:00,1.4086091666666667
2011-05-16 08:00:00,1.4117925
2011-05-16 12:00:00,1.4119516666666667
2011-05-16 16:00:00,1.4206791666666665
2011-05-16 20:00:00,1.4187675
2011-05-17 00:00:00,1.4155816666666667
2011-05-17 04:00:00,1.4152583333333335
2011-05-17 08:00:00,1.4168916666666669
2011-05-17 12:00:00,1.4176099999999998
2011-05-17 16:00:00,1.4159291666666665
2011-05-17 20:00:00,1.421890833333333
2011-05-18 00:00:00,1.42536
2011-05-18 04:00:00,1.426770833333333
2011-05-18 08:00:00,1.42626
2011-05-18 12:00:00,1.423715
2011-05-18 16:00:00,1.4245658333333333
2011-05-18 20:00:00,1.4244241666666666
2011-05-19 00:00:00,1.4258166666666665
2011-05-19 04:00:00,1.42889
2011-05-19 08:00:00,1.4251125
2011-05-19 12:00:00,1.4256991666666663
2011-05-19 16:00:00,1.4264575000000002
2011-05-19 20:00:00,1.4310275
2011-05-20 00:00:00,1.4313891666666665
2011-05-20 04:00:00,1.4308533333333335
2011-05-20 08:00:00,1.432413333333333
2011-05-20 12:00:00,1.4258258333333331
2011-05-20 16:00:00,1.4183225
2011-05-20 20:00:00,1.4183191666666666
2011-05-23 00:00:00,1.4159733333333333
2011-05-23 04:00:00,1.4085125
2011-05-23 08:00:00,1.4030866666666666
2011-05-23 12:00:00,1.4005941666666666
2011-05-23 16:00:00,1.4022949999999998
2011-05-23 20:00:00,1.4052125
2011-05-24 00:00:00,1.40354
2011-05-24 04:00:00,1.4048808333333334
2011-05-24 08:00:00,1.4068724999999995
2011-05-24 12:00:00,1.4091708333333333
2011-05-24 16:00:00,1.4104375
2011-05-24 20:00:00,1.4107816666666668
2011-05-25 00:00:00,1.4092741666666666
2011-05-25 04:00:00,1.40519
2011-05-25 08:00:00,1.4035933333333332
2011-05-25 12:00:00,1.40708
2011-05-25 16:00:00,1.4075791666666668
2011-05-25 20:00:00,1.4083025
2011-05-26 00:00:00,1.4090599999999998
2011-05-26 04:00:00,1.41565
2011-05-26 08:00:00,1.4171341666666668
2011-05-26 12:00:00,1.4173858333333331
2011-05-26 16:00:00,1.4121383333333335
2011-05-26 20:00:00,1.4132658333333332
2011-05-27 00:00:00,1.4138991666666667
2011-05-27 04:00:00,1.4213875
2011-05-27 08:00:00,1.4243433333333333
2011-05-27 12:00:00,1.4232241666666667
2011-05-27 16:00:00,1.4261108333333332
2011-05-27 20:00:00,1.4285108333333334
2011-05-31 00:00:00,1.430715
2011-05-31 04:00:00,1.4383883333333334
2011-05-31 08:00:00,1.4390299999999998
2011-05-31 12:00:00,1.439820833333333
2011-05-31 16:00:00,1.4383233333333334
2011-05-31 20:00:00,1.4384200000000005
2011-06-01 00:00:00,1.4412391666666666
2011-06-01 04:00:00,1.4420341666666667
2011-06-01 08:00:00,1.442364166666667
2011-06-01 12:00:00,1.440856666666667
2011-06-01 16:00:00,1.4419866666666667
2011-06-01 20:00:00,1.436090833333333
2011-06-02 00:00:00,1.4337041666666666
2011-06-02 04:00:00,1.4357341666666668
2011-06-02 08:00:00,1.4379166666666665
2011-06-02 12:00:00,1.4456175
2011-06-02 16:00:00,1.4443716666666666
2011-06-02 20:00:00,1.4487566666666667
2011-06-03 00:00:00,1.4489391666666669
2011-06-03 04:00:00,1.4487016666666668
2011-06-03 08:00:00,1.447935
2011-06-03 12:00:00,1.4490641666666668
2011-06-03 16:00:00,1.4573183333333333
2011-06-03 20:00:00,1.462805
2011-06-06 00:00:00,1.4632608333333337
2011-06-06 04:00:00,1.4637924999999998
2011-06-06 08:00:00,1.463776666666667
2011-06-06 12:00:00,1.4610966666666665
2011-06-06 16:00:00,1.461035
2011-06-06 20:00:00,1.4581716666666666
2011-06-07 00:00:00,1.4582316666666666
2011-06-07 04:00:00,1.4588633333333334
2011-06-07 08:00:00,1.4639833333333334
2011-06-07 12:00:00,1.4667116666666666
2011-06-07 16:00:00,1.467191666666667
2011-06-07 20:00:00,1.4685683333333333
2011-06-08 00:00:00,1.4682983333333337
2011-06-08 04:00:00,1.4658083333333334
2011-06-08 08:00:00,1.4666675
2011-06-08 12:00:00,1.4634483333333337
2011-06-08 16:00:00,1.4604683333333333
2011-06-08 20:00:00,1.4580575
2011-06-09 00:00:00,1.4592675000000002
2011-06-09 04:00:00,1.4621466666666667
2011-06-09 08:00:00,1.4624158333333332
2011-06-09 12:00:00,1.4599275
2011-06-09 16:00:00,1.4516083333333334
2011-06-09 20:00:00,1.4511416666666668
2011-06-10 00:00:00,1.4521325
2011-06-10 04:00:00,1.4521133333333334
2011-06-10 08:00:00,1.4479758333333332
2011-06-10 12:00:00,1.4470275
2011-06-10 16:00:00,1.4382691666666667
2011-06-10 20:00:00,1.4341416666666666
2011-06-13 00:00:00,1.434255833333333
2011-06-13 04:00:00,1.4341658333333334
2011-06-13 08:00:00,1.4348325000000002
2011-06-13 12:00:00,1.4362125
2011-06-13 16:00:00,1.4374225
2011-06-13 20:00:00,1.4404158333333332
2011-06-14 00:00:00,1.4409816666666668
2011-06-14 04:00:00,1.4415416666666665
2011-06-14 08:00:00,1.4442533333333334
2011-06-14 12:00:00,1.4442666666666666
2011-06-14 16:00:00,1.4461975
2011-06-14 20:00:00,1.4462866666666667
2011-06-15 00:00:00,1.4436733333333331
2011-06-15 04:00:00,1.4412983333333331
2011-06-15 08:00:00,1.4380366666666666
2011-06-15 12:00:00,1.4301183333333334
2011-06-15 16:00:00,1.4255408333333333
2011-06-15 20:00:00,1.417455
2011-06-16 00:00:00,1.4179358333333334
2011-06-16 04:00:00,1.4179966666666666
2011-06-16 08:00:00,1.4129141666666667
2011-06-16 12:00:00,1.4106558333333332
2011-06-16 16:00:00,1.4149875
2011-06-16 20:00:00,1.4166525
2011-06-17 00:00:00,1.4203641666666664
2011-06-17 04:00:00,1.4177
2011-06-17 08:00:00,1.4151791666666669
2011-06-17 12:00:00,1.4260375
2011-06-17 16:00:00,1.4304058333333334
2011-06-17 20:00:00,1.430003333333333
2011-06-20 00:00:00,1.4293908333333332
2011-06-20 04:00:00,1.4260691666666665
2011-06-20 08:00:00,1.4217966666666666
2011-06-20 12:00:00,1.4235375
2011-06-20 16:00:00,1.4308566666666669
2011-06-20 20:00:00,1.4303991666666669
2011-06-21 00:00:00,1.4333300000000002
2011-06-21 04:00:00,1.4333241666666667
2011-06-21 08:00:00,1.4354008333333332
2011-06-21 12:00:00,1.43547
2011-06-21 16:00:00,1.438473333333333
2011-06-21 20:00:00,1.4403116666666669
2011-06-22 00:00:00,1.438425
2011-06-22 04:00:00,1.4367175
2011-06-22 08:00:00,1.4398
2011-06-22 12:00:00,1.4379708333333332
2011-06-22 16:00:00,1.44117
2011-06-22 20:00:00,1.437565
2011-06-23 00:00:00,1.432625
2011-06-23 04:00:00,1.4304125
2011-06-23 08:00:00,1.4285008333333336
2011-06-23 12:00:00,1.4222708333333332
2011-06-23 16:00:00,1.4158658333333334
2011-06-23 20:00:00,1.4221558333333333
2011-06-24 00:00:00,1.4263549999999998
2011-06-24 04:00:00,1.4256933333333337
2011-06-24 08:00:00,1.4247899999999998
2011-06-24 12:00:00,1.4237175
2011-06-24 16:00:00,1.4187516666666666
2011-06-24 20:00:00,1.4175925
2011-06-27 00:00:00,1.4163183333333331
2011-06-27 04:00:00,1.412675
2011-06-27 08:00:00,1.4143366666666668
2011-06-27 12:00:00,1.4202583333333334
2011-06-27 16:00:00,1.425495
2011-06-27 20:00:00,1.4272341666666666
2011-06-28 00:00:00,1.4301158333333337
2011-06-28 04:00:00,1.4299091666666666
2011-06-28 08:00:00,1.4284383333333333
2011-06-28 12:00:00,1.4274074999999995
2011-06-28 16:00:00,1.4350133333333337
2011-06-28 20:00:00,1.436105
2011-06-29 00:00:00,1.4358366666666669
2011-06-29 04:00:00,1.4354008333333332
2011-06-29 08:00:00,1.4384775
2011-06-29 12:00:00,1.4408558333333332
2011-06-29 16:00:00,1.4402575
2011-06-29 20:00:00,1.442975
2011-06-30 00:00:00,1.4458141666666666
2011-06-30 04:00:00,1.4493166666666668
2011-06-30 08:00:00,1.4494874999999998
2011-06-30 12:00:00,1.4471858333333334
2011-06-30 16:00:00,1.449868333333333
2011-06-30 20:00:00,1.4511008333333333
2011-07-01 00:00:00,1.4488025
2011-07-01 04:00:00,1.4494433333333332
2011-07-01 08:00:00,1.4522408333333334
2011-07-01 12:00:00,1.449593333333333
2011-07-01 16:00:00,1.4489083333333332
2011-07-01 20:00:00,1.4515425000000002
2011-07-05 00:00:00,1.4518958333333334
2011-07-05 04:00:00,1.4484566666666667
2011-07-05 08:00:00,1.4476125
2011-07-05 12:00:00,1.4476433333333334
2011-07-05 16:00:00,1.44701
2011-07-05 20:00:00,1.4438016666666666
2011-07-06 00:00:00,1.4428474999999998
2011-07-06 04:00:00,1.4452058333333335
2011-07-06 08:00:00,1.440945
2011-07-06 12:00:00,1.4336108333333333
2011-07-06 16:00:00,1.4320275
2011-07-06 20:00:00,1.4309608333333332
2011-07-07 00:00:00,1.4324258333333335
2011-07-07 04:00:00,1.4327649999999998
2011-07-07 08:00:00,1.43153
2011-07-07 12:00:00,1.4283575000000002
2011-07-07 16:00:00,1.4336666666666669
2011-07-07 20:00:00,1.4352216666666666
2011-07-08 00:00:00,1.4357816666666663
2011-07-08 04:00:00,1.435026666666667
2011-07-08 08:00:00,1.4331325
2011-07-08 12:00:00,1.4266016666666663
2011-07-08 16:00:00,1.4276941666666667
2011-07-08 20:00:00,1.4249975
2011-07-11 00:00:00,1.4239591666666669
2011-07-11 04:00:00,1.4201225
2011-07-11 08:00:00,1.4165366666666668
2011-07-11 12:00:00,1.4091883333333333
2011-07-11 16:00:00,1.4033258333333336
2011-07-11 20:00:00,1.4023175
2011-07-12 00:00:00,1.4036683333333333
2011-07-12 04:00:00,1.3971016666666665
2011-07-12 08:00:00,1.3915275
2011-07-12 12:00:00,1.3953475000000002
2011-07-12 16:00:00,1.3992458333333333
2011-07-12 20:00:00,1.3998766666666669
2011-07-13 00:00:00,1.3982583333333332
2011-07-13 04:00:00,1.3992241666666667
2011-07-13 08:00:00,1.4026975000000002
2011-07-13 12:00:00,1.4073758333333333
2011-07-13 16:00:00,1.412723333333333
2011-07-13 20:00:00,1.4147008333333333
2011-07-14 00:00:00,1.423433333333333
2011-07-14 04:00:00,1.4224425
2011-07-14 08:00:00,1.4203575
2011-07-14 12:00:00,1.42001
2011-07-14 16:00:00,1.4187108333333334
2011-07-14 20:00:00,1.4144941666666666
2011-07-15 00:00:00,1.4157383333333335
2011-07-15 04:00:00,1.41758
2011-07-15 08:00:00,1.4140733333333335
2011-07-15 12:00:00,1.4149891666666667
2011-07-15 16:00:00,1.413145833333333
2011-07-15 20:00:00,1.4143741666666667
2011-07-18 00:00:00,1.412875
2011-07-18 04:00:00,1.4069058333333335
2011-07-18 08:00:00,1.4052433333333332
2011-07-18 12:00:00,1.4046633333333334
2011-07-18 16:00:00,1.405131666666667
2011-07-18 20:00:00,1.4091766666666663
2011-07-19 00:00:00,1.41145
2011-07-19 04:00:00,1.4118041666666663
2011-07-19 08:00:00,1.4125516666666669
2011-07-19 12:00:00,1.4177041666666663
2011-07-19 16:00:00,1.4171133333333334
2011-07-19 20:00:00,1.4147158333333332
2011-07-20 00:00:00,1.4161841666666666
2011-07-20 04:00:00,1.4157700000000002
2011-07-20 08:00:00,1.4168725
2011-07-20 12:00:00,1.4211591666666668
2011-07-20 16:00:00,1.4193141666666664
2011-07-20 20:00:00,1.4219516666666667
2011-07-21 00:00:00,1.4246133333333333
2011-07-21 04:00:00,1.425436666666667
2011-07-21 08:00:00,1.4255825
2011-07-21 12:00:00,1.4200508333333333
2011-07-21 16:00:00,1.4358058333333334
2011-07-21 20:00:00,1.4393291666666663
2011-07-22 00:00:00,1.44106
2011-07-22 04:00:00,1.4389075
2011-07-22 08:00:00,1.4404416666666666
2011-07-22 12:00:00,1.4392858333333334
2011-07-22 16:00:00,1.43545
2011-07-22 20:00:00,1.4363241666666666
2011-07-25 00:00:00,1.4365541666666668
2011-07-25 04:00:00,1.4384666666666668
2011-07-25 08:00:00,1.4362308333333331
2011-07-25 12:00:00,1.4379358333333334
2011-07-25 16:00:00,1.4353158333333331
2011-07-25 20:00:00,1.4377491666666664
2011-07-26 00:00:00,1.4375316666666669
2011-07-26 04:00:00,1.4454608333333334
2011-07-26 08:00:00,1.4497641666666667
2011-07-26 12:00:00,1.4476475
2011-07-26 16:00:00,1.4484775
2011-07-26 20:00:00,1.4512858333333334
2011-07-27 00:00:00,1.4510991666666666
2011-07-27 04:00:00,1.4508341666666666
2011-07-27 08:00:00,1.4500175
2011-07-27 12:00:00,1.4466916666666665
2011-07-27 16:00:00,1.43965
2011-07-27 20:00:00,1.4364708333333331
2011-07-28 00:00:00,1.4367408333333331
2011-07-28 04:00:00,1.4354033333333334
2011-07-28 08:00:00,1.4365275
2011-07-28 12:00:00,1.429255
2011-07-28 16:00:00,1.42965
2011-07-28 20:00:00,1.4314175000000002
2011-07-29 00:00:00,1.4325508333333334
2011-07-29 04:00:00,1.432465
2011-07-29 08:00:00,1.4285416666666666
2011-07-29 12:00:00,1.4276225
2011-07-29 16:00:00,1.4377441666666666
2011-07-29 20:00:00,1.4375541666666665
2011-08-01 00:00:00,1.4374033333333331
2011-08-01 04:00:00,1.4387266666666667
2011-08-01 08:00:00,1.4398433333333331
2011-08-01 12:00:00,1.4425899999999998
2011-08-01 16:00:00,1.42569
2011-08-01 20:00:00,1.4252733333333334
2011-08-02 00:00:00,1.4262625
2011-08-02 04:00:00,1.426169166666667
2011-08-02 08:00:00,1.420905
2011-08-02 12:00:00,1.4191408333333333
2011-08-02 16:00:00,1.4227975
2011-08-02 20:00:00,1.419841666666667
2011-08-03 00:00:00,1.4182916666666667
2011-08-03 04:00:00,1.4189883333333335
