DATE_TIME,typical_price
2017-09-20 04:00:00,-0.0500514685259997
2017-09-20 08:00:00,-0.0524473027329729
2017-09-20 12:00:00,-0.052454629443087
2017-09-20 16:00:00,-0.0596641121943472
2017-09-20 20:00:00,-0.1198750159035658
2017-09-21 00:00:00,-0.1598861798310455
2017-09-21 04:00:00,-0.1615053827660341
2017-09-21 08:00:00,-0.1495628452817284
2017-09-21 12:00:00,-0.1382284247368067
2017-09-21 16:00:00,-0.1195892742091552
2017-09-21 20:00:00,-0.1151859214311971
2017-09-22 00:00:00,-0.1088190103429427
2017-09-22 04:00:00,-0.0964515236720761
2017-09-22 08:00:00,-0.0770210884522136
2017-09-22 12:00:00,-0.0788307858501393
2017-09-25 08:00:00,-0.1320227012710369
2017-09-25 12:00:00,-0.1643554730000188
2017-09-25 16:00:00,-0.177975827100216
2017-09-25 20:00:00,-0.1933692450477802
2017-09-26 00:00:00,-0.1875225303775465
2017-09-26 04:00:00,-0.1824158134287367
2017-09-26 08:00:00,-0.2045937649410041
2017-09-26 12:00:00,-0.2342303073483738
2017-09-26 16:00:00,-0.2535581686266565
2017-09-26 20:00:00,-0.2364942607733149
2017-09-27 00:00:00,-0.2440774057403412
2017-09-27 04:00:00,-0.2439162181178545
2017-09-27 08:00:00,-0.2693472289203233
2017-09-27 12:00:00,-0.2853341103870452
2017-09-27 16:00:00,-0.2868360859602258
2017-09-27 20:00:00,-0.2744392924489048
2017-09-28 00:00:00,-0.28038125435061
2017-09-28 04:00:00,-0.2893784543694576
2017-09-28 08:00:00,-0.2829309494699559
2017-09-28 12:00:00,-0.2569284552786678
2017-09-28 16:00:00,-0.2467956151922917
2017-09-28 20:00:00,-0.2459823503697404
2017-09-29 00:00:00,-0.2485466989093164
2017-09-29 04:00:00,-0.2499167937004589
2017-09-29 08:00:00,-0.2415130572007691
2017-09-29 12:00:00,-0.2244564760575376
2017-10-02 08:00:00,-0.2727248422824486
2017-10-02 12:00:00,-0.2832166911643666
2017-10-02 16:00:00,-0.2818539230833362
2017-10-02 20:00:00,-0.2874661830299462
2017-10-03 00:00:00,-0.2932323038889347
2017-10-03 04:00:00,-0.3138203593066621
2017-10-03 08:00:00,-0.3007055482042691
2017-10-03 12:00:00,-0.2793848217752278
2017-10-03 16:00:00,-0.2710909859272339
2017-10-03 20:00:00,-0.2793921484853439
2017-10-04 00:00:00,-0.2788866054875416
2017-10-04 04:00:00,-0.2599763666857076
2017-10-04 08:00:00,-0.265486052690734
2017-10-04 12:00:00,-0.2596027044699415
2017-10-04 16:00:00,-0.2675375315223956
2017-10-04 20:00:00,-0.2664971386863425
2017-10-05 00:00:00,-0.270490195697962
2017-10-05 04:00:00,-0.2714499947227757
2017-10-05 08:00:00,-0.2640353640883482
2017-10-05 12:00:00,-0.2788426452268629
2017-10-05 16:00:00,-0.3077684967532669
2017-10-09 08:00:00,-0.2934154716417617
2017-10-09 12:00:00,-0.2836050068003609
2017-10-09 16:00:00,-0.2861400484994825
2017-10-09 20:00:00,-0.2781539344762336
2017-10-10 00:00:00,-0.2841105497981612
2017-10-10 04:00:00,-0.2590605279215727
2017-10-10 08:00:00,-0.2566280601640309
2017-10-10 12:00:00,-0.2417768187648394
2017-10-10 16:00:00,-0.229240817761374
2017-10-10 20:00:00,-0.2254675620531442
2017-10-11 00:00:00,-0.2220166815898857
2017-10-11 04:00:00,-0.2249253855047753
2017-10-11 08:00:00,-0.2122428502990495
2017-10-11 12:00:00,-0.2124992851530077
2017-10-11 16:00:00,-0.1913177662161186
2017-10-11 20:00:00,-0.185661546008826
2017-10-12 00:00:00,-0.1786425577205069
2017-10-12 04:00:00,-0.1689126866903475
2017-10-12 08:00:00,-0.1730596046143493
2017-10-12 12:00:00,-0.1858960007324458
2017-10-12 16:00:00,-0.1980363593898066
2017-10-12 20:00:00,-0.2012088248687647
2017-10-13 00:00:00,-0.2041175287836543
2017-10-13 04:00:00,-0.1926145939061319
2017-10-13 08:00:00,-0.2009743701451449
2017-10-13 12:00:00,-0.2082717734177644
2017-10-16 08:00:00,-0.2400990021489479
2017-10-16 12:00:00,-0.2332118946426591
2017-10-16 16:00:00,-0.2286546809523284
2017-10-16 20:00:00,-0.2357322829215564
2017-10-17 00:00:00,-0.2396300927017083
2017-10-17 04:00:00,-0.2509864933769684
2017-10-17 08:00:00,-0.2620864591982703
2017-10-17 12:00:00,-0.268292182664042
2017-10-17 16:00:00,-0.2781685878964618
2017-10-17 20:00:00,-0.2635005142500934
2017-10-18 00:00:00,-0.2600569604969491
2017-10-18 04:00:00,-0.2601082474677399
2017-10-18 08:00:00,-0.2698381184978993
2017-10-18 12:00:00,-0.2775384908267375
2017-10-18 16:00:00,-0.255419152995377
2017-10-18 20:00:00,-0.2400037549174744
2017-10-19 00:00:00,-0.2360473314564176
2017-10-19 04:00:00,-0.231255663042469
2017-10-19 08:00:00,-0.2282370584758836
2017-10-19 12:00:00,-0.2117373073012472
2017-10-19 16:00:00,-0.1952595362569512
2017-10-19 20:00:00,-0.2000805115113522
2017-10-20 00:00:00,-0.1911419251734057
2017-10-20 04:00:00,-0.215693730762306
2017-10-20 08:00:00,-0.2258412242689083
2017-10-20 12:00:00,-0.2257899372981155
2017-10-23 08:00:00,-0.2682702025337016
2017-10-23 12:00:00,-0.2857370794432639
2017-10-23 16:00:00,-0.2778022523908078
2017-10-23 20:00:00,-0.2839347087554483
2017-10-24 00:00:00,-0.2751792901703288
2017-10-24 04:00:00,-0.266218723702042
2017-10-24 08:00:00,-0.2706294031901142
2017-10-24 12:00:00,-0.2685046572573176
2017-10-24 16:00:00,-0.2651636774457607
2017-10-24 20:00:00,-0.2620205188072532
2017-10-25 00:00:00,-0.2666803064391675
2017-10-25 04:00:00,-0.2701678204529867
2017-10-25 08:00:00,-0.2654567458502835
2017-10-25 12:00:00,-0.2559979630943105
2017-10-25 16:00:00,-0.230581605712066
2017-10-25 20:00:00,-0.2264420144981802
2017-10-26 00:00:00,-0.2188442161109257
2017-10-26 04:00:00,-0.2104771131617986
2017-10-26 08:00:00,-0.2131733424834088
2017-10-26 12:00:00,-0.2419819666480048
2017-10-26 16:00:00,-0.3140181804797153
2017-10-26 20:00:00,-0.3586891320391093
2017-10-27 00:00:00,-0.3710126584492972
2017-10-27 04:00:00,-0.3789255053714109
2017-10-27 08:00:00,-0.3810795581446543
2017-10-27 12:00:00,-0.3933737777143896
2017-10-30 08:00:00,-0.39290486826715
2017-10-30 12:00:00,-0.380881736971603
2017-10-30 16:00:00,-0.3893147803117471
2017-10-30 20:00:00,-0.3713716672448351
2017-10-31 00:00:00,-0.3675324711455862
2017-10-31 04:00:00,-0.3780389734477304
2017-10-31 08:00:00,-0.3745294793035689
2017-10-31 12:00:00,-0.3789108519511867
2017-10-31 16:00:00,-0.3708221639863561
2017-10-31 20:00:00,-0.3653344581116662
2017-11-01 00:00:00,-0.3675251444354741
2017-11-01 04:00:00,-0.3799365913670174
2017-11-01 08:00:00,-0.3742364108990461
2017-11-01 12:00:00,-0.3787862978792646
2017-11-01 16:00:00,-0.3901500252646369
2017-11-01 20:00:00,-0.3887066633723632
2017-11-02 00:00:00,-0.3878128047385666
2017-11-02 04:00:00,-0.3599419994684458
2017-11-02 08:00:00,-0.3665946522511129
2017-11-02 12:00:00,-0.3664481180488544
2017-11-02 16:00:00,-0.3553334988073224
2017-11-02 20:00:00,-0.3577952734053147
2017-11-03 00:00:00,-0.3583887369244744
2017-11-03 04:00:00,-0.3563592382231532
2017-11-03 08:00:00,-0.3601031870909325
2017-11-03 12:00:00,-0.3649974294464647
2017-11-06 08:00:00,-0.4004806865240661
2017-11-06 12:00:00,-0.4094705598328054
2017-11-06 16:00:00,-0.4183578591999591
2017-11-06 20:00:00,-0.4012866246365053
2017-11-07 00:00:00,-0.3996234614408381
2017-11-07 04:00:00,-0.4009276158409635
2017-11-07 08:00:00,-0.414145000884944
2017-11-07 12:00:00,-0.4383964113592075
2017-11-07 16:00:00,-0.4339930585812533
2017-11-07 20:00:00,-0.423786951393746
2017-11-08 00:00:00,-0.4147238109838755
2017-11-08 04:00:00,-0.4121814425746399
2017-11-08 08:00:00,-0.4121228288937369
2017-11-08 12:00:00,-0.4121960959948662
2017-11-08 16:00:00,-0.4164089543098812
2017-11-08 20:00:00,-0.4142842083770923
2017-11-09 00:00:00,-0.4155370758064269
2017-11-09 04:00:00,-0.4141743077253965
2017-11-09 08:00:00,-0.4060196793695489
2017-11-09 12:00:00,-0.393454371525633
2017-11-09 16:00:00,-0.3864793434979867
2017-11-09 20:00:00,-0.3691883076311394
2017-11-10 00:00:00,-0.3700235525840291
2017-11-10 04:00:00,-0.3681552415051964
2017-11-10 08:00:00,-0.3730934441214074
2017-11-10 12:00:00,-0.3665506919904361
2017-11-13 08:00:00,-0.3660304955724076
2017-11-13 12:00:00,-0.366484751599417
2017-11-13 16:00:00,-0.3528350906587674
2017-11-13 20:00:00,-0.3519705388654232
2017-11-14 00:00:00,-0.350798265247334
2017-11-14 04:00:00,-0.3464901597008474
2017-11-14 08:00:00,-0.3372951385089427
2017-11-14 12:00:00,-0.3007934687256245
2017-11-14 16:00:00,-0.2728713764847091
2017-11-14 20:00:00,-0.2421944412412843
2017-11-15 00:00:00,-0.2388974216904023
2017-11-15 04:00:00,-0.2388534614297235
2017-11-15 08:00:00,-0.2296364601074805
2017-11-15 12:00:00,-0.1968201255110348
2017-11-15 16:00:00,-0.2172103597557109
2017-11-15 20:00:00,-0.2366041614250107
2017-11-16 00:00:00,-0.2493819438622061
2017-11-16 04:00:00,-0.2496896656869532
2017-11-16 08:00:00,-0.2467589816417271
2017-11-16 12:00:00,-0.2598444859036715
2017-11-16 16:00:00,-0.2565254862224511
2017-11-16 20:00:00,-0.2601229008879681
2017-11-17 00:00:00,-0.2554411331257135
2017-11-17 04:00:00,-0.2245297431586689
2017-11-17 08:00:00,-0.2328015988763264
2017-11-17 12:00:00,-0.2360986184272084
2017-11-20 08:00:00,-0.2763442370783059
2017-11-20 12:00:00,-0.2445902754482576
2017-11-20 16:00:00,-0.2707759373923727
2017-11-20 20:00:00,-0.2883160814030641
2017-11-21 00:00:00,-0.2898546905268093
2017-11-21 04:00:00,-0.2893125139784424
2017-11-21 08:00:00,-0.2846966866072068
2017-11-21 12:00:00,-0.2967344713229821
2017-11-21 16:00:00,-0.294228736464313
2017-11-21 20:00:00,-0.2842277771599711
2017-11-22 00:00:00,-0.2869020263512409
2017-11-22 04:00:00,-0.2870192537130508
2017-11-22 08:00:00,-0.2741608774646121
2017-11-22 12:00:00,-0.2752305771411216
2017-11-24 08:00:00,-0.1890098525305008
2017-11-24 12:00:00,-0.1759316749786705
2017-11-27 08:00:00,-0.1196185810496077
2017-11-27 12:00:00,-0.114086914914239
2017-11-27 16:00:00,-0.1155742370671914
2017-11-27 20:00:00,-0.143562269699126
2017-11-28 00:00:00,-0.1447858302880061
2017-11-28 04:00:00,-0.1434157354968616
2017-11-28 08:00:00,-0.1434157354968616
2017-11-28 12:00:00,-0.1565525267295989
2017-11-28 16:00:00,-0.1614540957952412
2017-11-28 20:00:00,-0.1856102590380351
2017-11-29 00:00:00,-0.1936256799017364
2017-11-29 04:00:00,-0.1904019274519856
2017-11-29 08:00:00,-0.1799540388307464
2017-11-29 12:00:00,-0.1883870821708925
2017-11-29 16:00:00,-0.1963731961941374
2017-11-29 20:00:00,-0.1832144248310618
2017-11-30 00:00:00,-0.1891856935732196
2017-11-30 04:00:00,-0.1771552355675545
2017-11-30 08:00:00,-0.1784886968081304
2017-11-30 12:00:00,-0.2027108004419433
2017-11-30 16:00:00,-0.1510428407245686
2017-11-30 20:00:00,-0.1454012739375042
2017-12-01 00:00:00,-0.1443975146520137
2017-12-01 04:00:00,-0.1373199126827858
2017-12-01 08:00:00,-0.1259122250367368
2017-12-01 12:00:00,-0.1460533511375688
2017-12-04 08:00:00,-0.1779391935496494
2017-12-04 12:00:00,-0.1848482811862766
2017-12-04 16:00:00,-0.1919991502566338
2017-12-04 20:00:00,-0.1886288636046225
2017-12-05 00:00:00,-0.1750964300257808
2017-12-05 04:00:00,-0.1692716954858893
2017-12-05 08:00:00,-0.1780197873608947
2017-12-05 12:00:00,-0.1822912593568147
2017-12-05 16:00:00,-0.2077808838401884
2017-12-05 20:00:00,-0.2217455933157032
2017-12-06 00:00:00,-0.210440479611234
2017-12-06 04:00:00,-0.2041028753634281
2017-12-06 08:00:00,-0.2051872284601619
2017-12-06 12:00:00,-0.2163165011219163
2017-12-06 16:00:00,-0.2365675278744441
2017-12-06 20:00:00,-0.2393223708769593
2017-12-07 00:00:00,-0.2336881308000089
2017-12-07 04:00:00,-0.2332485281932257
2017-12-07 08:00:00,-0.2391978168050353
2017-12-07 12:00:00,-0.24607759760121
2017-12-07 16:00:00,-0.2395568256005771
2017-12-07 20:00:00,-0.2437550304953679
2017-12-08 00:00:00,-0.2574486516966963
2017-12-08 04:00:00,-0.2635737813512246
2017-12-08 08:00:00,-0.2746517670421862
2017-12-08 12:00:00,-0.2870046002928227
2017-12-11 08:00:00,-0.2476528402755217
2017-12-11 12:00:00,-0.237600594000387
2017-12-11 16:00:00,-0.2391538565443565
2017-12-11 20:00:00,-0.2445170083471244
2017-12-12 00:00:00,-0.2573240976247742
2017-12-12 04:00:00,-0.2596320113103921
2017-12-12 08:00:00,-0.2531405461502117
2017-12-12 12:00:00,-0.2527009435434265
2017-12-12 16:00:00,-0.2866089579467221
2017-12-12 20:00:00,-0.2913932996505545
2017-12-13 00:00:00,-0.2847333201577734
2017-12-13 04:00:00,-0.2767911663952033
2017-12-13 08:00:00,-0.277326016233458
2017-12-13 12:00:00,-0.2819345168945815
2017-12-13 16:00:00,-0.271647815895829
2017-12-13 20:00:00,-0.2423043418929801
2017-12-14 00:00:00,-0.2068723717861675
2017-12-14 04:00:00,-0.2013626857811392
2017-12-14 08:00:00,-0.2118765147933955
2017-12-14 12:00:00,-0.2094220669055173
2017-12-14 16:00:00,-0.2326404112538378
2017-12-14 20:00:00,-0.241813452315404
2017-12-15 00:00:00,-0.2544886608110178
2017-12-15 04:00:00,-0.2471912575383982
2017-12-15 08:00:00,-0.2457478956461206
2017-12-15 12:00:00,-0.2343328812899575
2017-12-18 08:00:00,-0.2580494419259682
2017-12-18 12:00:00,-0.2404360308141455
2017-12-18 16:00:00,-0.2288891356759443
2017-12-18 20:00:00,-0.2431835471065485
2017-12-19 00:00:00,-0.2489203611250825
2017-12-19 04:00:00,-0.2454328471112614
2017-12-19 08:00:00,-0.2339006053932864
2017-12-19 12:00:00,-0.2241853877833532
2017-12-19 16:00:00,-0.2175913486815892
2017-12-19 20:00:00,-0.199824076657394
2017-12-20 00:00:00,-0.19811695320105
2017-12-20 04:00:00,-0.1948858740411831
2017-12-20 08:00:00,-0.1974135890301945
2017-12-20 12:00:00,-0.1958896333266755
2017-12-20 16:00:00,-0.1761075160213834
2017-12-20 20:00:00,-0.1637107225100682
2017-12-21 00:00:00,-0.168092095157686
2017-12-21 04:00:00,-0.1715796091715052
2017-12-21 08:00:00,-0.1718946577063664
2017-12-21 12:00:00,-0.1697625850634673
2017-12-21 16:00:00,-0.1775435512035449
2017-12-21 20:00:00,-0.1718433707355755
2017-12-22 00:00:00,-0.1810164117971418
2017-12-22 04:00:00,-0.1918379626341471
2017-12-22 08:00:00,-0.1867385723954515
2017-12-22 12:00:00,-0.1885116362428107
2017-12-26 08:00:00,-0.1714404016793569
2017-12-26 12:00:00,-0.183778581509769
2017-12-26 16:00:00,-0.1764225645562445
2017-12-26 20:00:00,-0.1748912821426134
2017-12-27 00:00:00,-0.1815366082151683
2017-12-27 04:00:00,-0.176393257715794
2017-12-27 08:00:00,-0.1672495234946802
2017-12-27 12:00:00,-0.1549333237946103
2017-12-27 16:00:00,-0.1457969162836087
2017-12-27 20:00:00,-0.1474087925084831
2017-12-28 00:00:00,-0.1480315628680953
2017-12-28 04:00:00,-0.1373638729434645
2017-12-28 08:00:00,-0.1160138396739766
2017-12-28 12:00:00,-0.1156914644290013
2017-12-28 16:00:00,-0.1062400083831404
2017-12-28 20:00:00,-0.0997705233532965
2017-12-29 00:00:00,-0.1091999992688209
2017-12-29 04:00:00,-0.1068627787427526
2017-12-29 08:00:00,-0.097975479375595
2017-12-29 12:00:00,-0.0716872434898982
2018-01-02 08:00:00,-0.0303426183218387
2018-01-02 12:00:00,-0.0006840957841267
2018-01-02 16:00:00,-0.0146414785495274
2018-01-02 20:00:00,-0.0136157391336966
2018-01-03 00:00:00,-0.0060252674565562
2018-01-03 04:00:00,-0.0145901915787366
2018-01-03 08:00:00,-0.0166709772508487
2018-01-03 12:00:00,-0.0359475515583366
2018-01-03 16:00:00,-0.036526361657272
2018-01-03 20:00:00,-0.0383946727361027
2018-01-04 00:00:00,-0.0478461287819655
2018-01-04 04:00:00,-0.0450766323592242
2018-01-04 08:00:00,-0.0344822095357245
2018-01-04 12:00:00,-0.0103260462929307
2018-01-04 16:00:00,0.0051479654658748
2018-01-04 20:00:00,0.0038071775151828
2018-01-05 00:00:00,0.0038071775151828
2018-01-05 04:00:00,0.006627960908717
2018-01-05 08:00:00,-0.0024718130517199
2018-01-05 12:00:00,-0.0140626684505959
2018-01-08 08:00:00,-0.0511578017530757
2018-01-08 12:00:00,-0.0659137959207996
2018-01-08 16:00:00,-0.0818054301560461
2018-01-08 20:00:00,-0.0866557122509015
2018-01-09 00:00:00,-0.0854834386328103
2018-01-09 04:00:00,-0.0842159177832495
2018-01-09 08:00:00,-0.096143801847327
2018-01-09 12:00:00,-0.1172813605235393
2018-01-09 16:00:00,-0.1239633201466589
2018-01-09 20:00:00,-0.1203292719305753
2018-01-10 00:00:00,-0.1151346344604062
2018-01-10 04:00:00,-0.1080570324911822
2018-01-10 08:00:00,-0.1140942416243512
2018-01-10 12:00:00,-0.0739731770451757
2018-01-10 16:00:00,-0.0714601154763925
2018-01-10 20:00:00,-0.0946125194336959
2018-01-11 00:00:00,-0.0992210200948174
2018-01-11 04:00:00,-0.0955210314877168
2018-01-11 08:00:00,-0.1081742598529901
2018-01-11 12:00:00,-0.0972501350744011
2018-01-11 16:00:00,-0.0236972922492838
2018-01-11 20:00:00,-0.0250014466494092
2018-01-12 00:00:00,-0.0218729414311279
2018-01-12 04:00:00,-0.0139820746393506
2018-01-12 08:00:00,-0.0023326055595697
2018-01-12 12:00:00,0.0531379167064931
2018-01-16 08:00:00,0.1667678638501072
2018-01-16 12:00:00,0.138992305811458
2018-01-16 16:00:00,0.1386699305664808
2018-01-16 20:00:00,0.1714349781921337
2018-01-17 00:00:00,0.1803955446604205
2018-01-17 04:00:00,0.1831503876629337
2018-01-17 08:00:00,0.1451394155963228
2018-01-17 12:00:00,0.1395198289395967
2018-01-17 16:00:00,0.1409119038610815
2018-01-17 20:00:00,0.1592946195347748
2018-01-18 00:00:00,0.1041611259339173
2018-01-18 04:00:00,0.1092531894625007
2018-01-18 08:00:00,0.1221408725513919
2018-01-18 12:00:00,0.1432124908365852
2018-01-18 16:00:00,0.1581369993369098
2018-01-18 20:00:00,0.1486049494798056
2018-01-19 00:00:00,0.1524441455790526
2018-01-19 04:00:00,0.1646284644970902
2018-01-19 08:00:00,0.1766515957926412
2018-01-19 12:00:00,0.1811501958020669
2018-01-22 08:00:00,0.145395850450279
2018-01-22 12:00:00,0.1645918309465275
2018-01-22 16:00:00,0.1577560104110296
2018-01-22 20:00:00,0.1617270872923146
2018-01-23 00:00:00,0.1715448788438295
2018-01-23 04:00:00,0.1734278433428923
2018-01-23 08:00:00,0.1619688687260466
2018-01-23 12:00:00,0.156686310734524
2018-01-23 16:00:00,0.1844179085124964
2018-01-23 20:00:00,0.1946020355696633
2018-01-24 00:00:00,0.2063760587213683
2018-01-24 04:00:00,0.216977808254982
2018-01-24 08:00:00,0.2239381828624
2018-01-24 12:00:00,0.2418080288281828
2018-01-24 16:00:00,0.2760164383461075
2018-01-24 20:00:00,0.2945896484827419
2018-01-25 00:00:00,0.2940035116736962
2018-01-25 04:00:00,0.3132214723002831
2018-01-25 08:00:00,0.3172804697029237
2018-01-25 12:00:00,0.305579713652348
2018-01-25 16:00:00,0.3734323760094978
2018-01-25 20:00:00,0.3376413971071473
2018-01-26 00:00:00,0.2870577904865064
2018-01-26 04:00:00,0.3156319599274807
2018-01-26 08:00:00,0.3406306948332803
2018-01-26 12:00:00,0.3384033749589058
2018-01-29 08:00:00,0.302773583679042
2018-01-29 12:00:00,0.2951611318715632
2018-01-29 16:00:00,0.2590184708837829
2018-01-29 20:00:00,0.2738110986020714
2018-01-30 00:00:00,0.2765805950248147
2018-01-30 04:00:00,0.2736645643998129
2018-01-30 08:00:00,0.2601760910816499
2018-01-30 12:00:00,0.3079755478593232
2018-01-30 16:00:00,0.3144083993385986
2018-01-30 20:00:00,0.2928165846353788
2018-01-31 00:00:00,0.2996084449101961
2018-01-31 04:00:00,0.308759505841422
2018-01-31 08:00:00,0.3293695413894898
2018-01-31 12:00:00,0.3384326817993583
2018-01-31 16:00:00,0.3422792046087213
2018-01-31 20:00:00,0.3077410931357053
2018-02-01 00:00:00,0.3079608944390969
2018-02-01 04:00:00,0.312115139073207
2018-02-01 08:00:00,0.304304866092675
2018-02-01 12:00:00,0.3294721153310734
2018-02-01 16:00:00,0.3452391954944018
2018-02-01 20:00:00,0.3784731525672904
2018-02-02 00:00:00,0.3887745069862692
2018-02-02 04:00:00,0.3801509691831839
2018-02-02 08:00:00,0.3807737395427922
2018-02-02 12:00:00,0.3721208948992583
2018-02-05 08:00:00,0.3415978205682061
2018-02-05 12:00:00,0.3434661316470387
2018-02-05 16:00:00,0.3135291941250302
2018-02-05 20:00:00,0.3042096188612035
2018-02-06 00:00:00,0.2721918956670868
2018-02-06 04:00:00,0.2670412184575964
2018-02-06 08:00:00,0.2847278966705482
2018-02-06 12:00:00,0.2826104774478735
2018-02-06 16:00:00,0.2463139555477187
2018-02-06 20:00:00,0.2848451240323562
2018-02-07 00:00:00,0.2763681204315372
2018-02-07 04:00:00,0.2822514686523316
2018-02-07 08:00:00,0.2822514686523316
2018-02-07 12:00:00,0.2489149376378554
2018-02-07 16:00:00,0.2220259115228887
2018-02-07 20:00:00,0.176886050516259
2018-02-08 00:00:00,0.1746367505115462
2018-02-08 04:00:00,0.1818975202336011
2018-02-08 08:00:00,0.1764024876487951
2018-02-08 12:00:00,0.1500776182125317
2018-02-08 16:00:00,0.1736842781968466
2018-02-08 20:00:00,0.1672953869782518
2018-02-09 00:00:00,0.163580744950921
2018-02-09 04:00:00,0.1663722215040027
2018-02-09 08:00:00,0.1770618915589719
2018-02-09 12:00:00,0.1647456918588981
2018-02-12 08:00:00,0.1885794798567206
2018-02-12 12:00:00,0.1774648606151905
2018-02-12 16:00:00,0.1720064615809531
2018-02-12 20:00:00,0.1902866033130685
2018-02-13 00:00:00,0.1997453860690396
2018-02-13 04:00:00,0.2006758782533989
2018-02-13 08:00:00,0.221732843118364
2018-02-13 12:00:00,0.2382619011334528
2018-02-13 16:00:00,0.2544905640339048
2018-02-13 20:00:00,0.2544099702226614
2018-02-14 00:00:00,0.2522412640291919
2018-02-14 04:00:00,0.271283383613062
2018-02-14 08:00:00,0.271283383613062
2018-02-14 12:00:00,0.2507685952964638
2018-02-14 16:00:00,0.2518089881325247
2018-02-14 20:00:00,0.321266200004433
2018-02-15 00:00:00,0.3439496945145007
2018-02-15 04:00:00,0.3469463189507439
2018-02-15 08:00:00,0.363680524849
2018-02-15 12:00:00,0.3651165600311635
2018-02-15 16:00:00,0.3673438799055361
2018-02-15 20:00:00,0.3746193030478153
2018-02-16 00:00:00,0.3842392734262769
2018-02-16 04:00:00,0.4093332555635441
2018-02-16 08:00:00,0.4163229370114147
2018-02-16 12:00:00,0.3793963180415375
2018-02-20 08:00:00,0.2712394233523852
2018-02-20 12:00:00,0.2467022711837111
2018-02-20 16:00:00,0.2415809008146752
2018-02-20 20:00:00,0.2414416933225269
2018-02-21 00:00:00,0.2377710115558787
2018-02-21 04:00:00,0.2344007249038635
2018-02-21 08:00:00,0.2265245115323144
2018-02-21 12:00:00,0.2240920437747746
2018-02-21 16:00:00,0.2232421454016567
2018-02-21 20:00:00,0.2185970111899706
2018-02-22 00:00:00,0.1883523518432149
2018-02-22 04:00:00,0.1862935463014412
2018-02-22 08:00:00,0.1830551404314622
2018-02-22 12:00:00,0.1950929251472394
2018-02-22 16:00:00,0.2228318496353279
2018-02-22 20:00:00,0.2325763740857135
2018-02-23 00:00:00,0.2310963786428694
2018-02-23 04:00:00,0.2174980046730086
2018-02-23 08:00:00,0.2058778424336821
2018-02-23 12:00:00,0.2108087183397769
2018-02-26 08:00:00,0.2279312398740235
2018-02-26 12:00:00,0.2390458591155516
2018-02-26 16:00:00,0.2082223896698645
2018-02-26 20:00:00,0.2136001948928567
2018-02-27 00:00:00,0.2216449225970085
2018-02-27 04:00:00,0.2332504314161127
2018-02-27 08:00:00,0.2336680538925595
2018-02-27 12:00:00,0.2282316349886584
2018-02-27 16:00:00,0.1763731808083446
2018-02-27 20:00:00,0.15338929118364
2018-02-28 00:00:00,0.1455057511019768
2018-02-28 04:00:00,0.1402451732407906
2018-02-28 08:00:00,0.1397982439238933
2018-02-28 12:00:00,0.1342519243682984
2018-02-28 16:00:00,0.1264563048079907
2018-02-28 20:00:00,0.1240458171807911
2018-03-01 00:00:00,0.1118541715526433
2018-03-01 04:00:00,0.1111215005413353
2018-03-01 08:00:00,0.1174297979486887
2018-03-01 12:00:00,0.10371419661702
2018-03-01 16:00:00,0.104695975772172
2018-03-01 20:00:00,0.1429926895331936
2018-03-02 00:00:00,0.1787030746242988
2018-03-02 04:00:00,0.1857733498834127
2018-03-02 08:00:00,0.1794797058962855
2018-03-02 12:00:00,0.2015184499164027
2018-03-05 08:00:00,0.2097976323441724
2018-03-05 12:00:00,0.2148970225828699
2018-03-05 16:00:00,0.2230663043589457
2018-03-05 20:00:00,0.2326496411868408
2018-03-06 00:00:00,0.2399177376190079
2018-03-06 04:00:00,0.2519335422044428
2018-03-06 08:00:00,0.2429070353451409
2018-03-06 12:00:00,0.265546569594528
2018-03-06 16:00:00,0.2972712243841258
2018-03-06 20:00:00,0.2967070677054205
2018-03-07 00:00:00,0.3071476296165456
2018-03-07 04:00:00,0.3083711902054257
2018-03-07 08:00:00,0.309675344605555
2018-03-07 12:00:00,0.3120272185518516
2018-03-07 16:00:00,0.2995351778090649
2018-03-07 20:00:00,0.299051614941603
2018-03-08 00:00:00,0.3038066498049849
2018-03-08 04:00:00,0.2973298380650307
2018-03-08 08:00:00,0.2967876615166658
2018-03-08 12:00:00,0.2827277048096814
2018-03-08 16:00:00,0.2577656034544484
2018-03-08 20:00:00,0.2168679076032862
2018-03-09 00:00:00,0.215512466232368
2018-03-09 04:00:00,0.212948117692794
2018-03-09 08:00:00,0.2190219603765295
2018-03-09 12:00:00,0.206053683476393
2018-03-12 08:00:00,0.2294405421573182
2018-03-12 12:00:00,0.2123839610140867
2018-03-12 16:00:00,0.2192637418102614
2018-03-12 20:00:00,0.2365401242568786
2018-03-13 00:00:00,0.2387088304503501
2018-03-13 04:00:00,0.2364741838658635
2018-03-13 08:00:00,0.2301805398787344
2018-03-13 12:00:00,0.2421377307832663
2018-03-13 16:00:00,0.2778774227148279
2018-03-13 20:00:00,0.2878197683382669
2018-03-14 00:00:00,0.287768481367474
2018-03-14 04:00:00,0.29801854881566
2018-03-14 08:00:00,0.2893363973316697
2018-03-14 12:00:00,0.2705726927320943
2018-03-14 16:00:00,0.2611065832660091
2018-03-14 20:00:00,0.269642200547737
2018-03-15 00:00:00,0.268968143217334
2018-03-15 04:00:00,0.2760530718966721
2018-03-15 08:00:00,0.2677006223677732
2018-03-15 12:00:00,0.2541901689192698
2018-03-15 16:00:00,0.2323199392317534
2018-03-15 20:00:00,0.2166334528796684
2018-03-16 00:00:00,0.2110798066139594
2018-03-16 04:00:00,0.2115706961915374
2018-03-16 08:00:00,0.2199597792710009
2018-03-16 12:00:00,0.2266051053435597
2018-03-19 08:00:00,0.1777212954691507
2018-03-19 12:00:00,0.1982800440464256
2018-03-19 16:00:00,0.2250591695097004
2018-03-19 20:00:00,0.2452735627116617
2018-03-20 00:00:00,0.2387454640009167
2018-03-20 04:00:00,0.2452808894217738
2018-03-20 08:00:00,0.2434931721541865
2018-03-20 12:00:00,0.2120835658994518
2018-03-20 16:00:00,0.1797581208805821
2018-03-20 20:00:00,0.1636906456026188
2018-03-21 00:00:00,0.1594997674179382
2018-03-21 04:00:00,0.1703286449650596
2018-03-21 08:00:00,0.1819195003639395
2018-03-21 12:00:00,0.1874291863689678
2018-03-21 16:00:00,0.1873485925577244
2018-03-21 20:00:00,0.218684931711326
2018-03-22 00:00:00,0.2474789024556958
2018-03-22 04:00:00,0.2610406428749901
2018-03-22 08:00:00,0.2576337226724162
2018-03-22 12:00:00,0.2280704473661698
2018-03-22 16:00:00,0.2147138548300429
2018-03-22 20:00:00,0.2130506916343757
2018-03-23 00:00:00,0.2227878893746472
2018-03-23 04:00:00,0.2355729985219567
2018-03-23 08:00:00,0.2363569565040536
2018-03-23 12:00:00,0.2373240822389794
2018-03-26 08:00:00,0.2721918956670868
2018-03-26 12:00:00,0.299425277157371
2018-03-26 16:00:00,0.327493903600545
2018-03-26 20:00:00,0.3398101033006168
2018-03-27 00:00:00,0.3386158495521872
2018-03-27 04:00:00,0.3369600130666321
2018-03-27 08:00:00,0.3419714827839703
2018-03-27 12:00:00,0.2961575644469395
2018-03-27 16:00:00,0.2947654895254567
2018-03-27 20:00:00,0.2971539970223179
2018-03-28 00:00:00,0.3003924028922949
2018-03-28 04:00:00,0.3080707950907927
2018-03-28 08:00:00,0.2929631188376412
2018-03-28 12:00:00,0.2882080839742573
2018-03-28 16:00:00,0.2497648360109753
2018-03-28 20:00:00,0.2172195896887159
2018-03-29 00:00:00,0.2146992014098167
2018-03-29 04:00:00,0.2271253017615863
2018-03-29 08:00:00,0.2199597792710028
2018-03-29 12:00:00,0.22112472617898
2018-04-02 08:00:00,0.2265831252132174
2018-04-02 12:00:00,0.2359539874478369
2018-04-02 16:00:00,0.2129554444029061
2018-04-02 20:00:00,0.2078414007439823
2018-04-03 00:00:00,0.205504180217914
2018-04-03 04:00:00,0.2118271310454917
2018-04-03 08:00:00,0.2221944258554895
2018-04-03 12:00:00,0.2076655597012694
2018-04-03 16:00:00,0.1775088208758712
2018-04-03 20:00:00,0.1770985251095365
2018-04-04 00:00:00,0.182381083101063
2018-04-04 04:00:00,0.1885428463061541
2018-04-04 08:00:00,0.1902646231827263
2018-04-04 12:00:00,0.1937887707471101
2018-04-04 16:00:00,0.202331714738954
2018-04-04 20:00:00,0.1899862081984277
2018-04-05 00:00:00,0.1921842212323517
2018-04-05 04:00:00,0.189517298751192
2018-04-05 08:00:00,0.1759042713611069
2018-04-05 12:00:00,0.1762999137072115
2018-04-05 16:00:00,0.1525686996509765
2018-04-05 20:00:00,0.1497992032282352
2018-04-06 00:00:00,0.1576094762087711
2018-04-06 04:00:00,0.1615878798001663
2018-04-06 08:00:00,0.1470883204863987
2018-04-06 12:00:00,0.1535358253859004
2018-04-09 08:00:00,0.1879713629173347
2018-04-09 12:00:00,0.1898396739961693
2018-04-09 16:00:00,0.2228465030555541
2018-04-09 20:00:00,0.2236377877477651
2018-04-10 00:00:00,0.226194809577227
2018-04-10 04:00:00,0.2204360154283527
2018-04-10 08:00:00,0.222040564943115
2018-04-10 12:00:00,0.2397638767066314
2018-04-10 16:00:00,0.2494204806356616
2018-04-10 20:00:00,0.2533695773866063
2018-04-11 00:00:00,0.2573553076881176
2018-04-11 04:00:00,0.2590111441736689
2018-04-11 08:00:00,0.2700818031545222
2018-04-11 12:00:00,0.2741408005571608
2018-04-11 16:00:00,0.2766538621259459
2018-04-11 20:00:00,0.2639493467898817
2018-04-12 00:00:00,0.2681915119453492
2018-04-12 04:00:00,0.265004393046163
2018-04-12 08:00:00,0.2597291617647506
2018-04-12 12:00:00,0.2338292415150442
2018-04-12 16:00:00,0.2206631434418564
2018-04-12 20:00:00,0.2324884535643541
2018-04-13 00:00:00,0.2306934095866508
2018-04-13 04:00:00,0.2309791512810614
2018-04-13 08:00:00,0.2334702327195043
2018-04-13 12:00:00,0.2268981737480806
2018-04-16 08:00:00,0.2437129734575781
2018-04-16 12:00:00,0.2658762715496173
2018-04-16 16:00:00,0.2746976305257558
2018-04-16 20:00:00,0.2756867363910201
2018-04-17 00:00:00,0.2785368266250028
2018-04-17 04:00:00,0.2782657383508203
2018-04-17 08:00:00,0.2894462979833636
2018-04-17 12:00:00,0.2655392428844177
2018-04-17 16:00:00,0.2485559288423194
2018-04-17 20:00:00,0.2655245894641896
2018-04-18 00:00:00,0.2692465582016305
2018-04-18 04:00:00,0.2732176350829156
2018-04-18 08:00:00,0.2650776601472923
2018-04-18 12:00:00,0.2724043702603643
2018-04-18 16:00:00,0.2797237536633222
2018-04-18 20:00:00,0.2756061425797767
2018-04-19 00:00:00,0.2746390168448509
2018-04-19 04:00:00,0.2730491207503148
2018-04-19 08:00:00,0.2757819836224896
2018-04-19 12:00:00,0.2688802226959765
2018-04-19 16:00:00,0.2570182790229142
2018-04-19 20:00:00,0.246145441215118
2018-04-20 00:00:00,0.2454420770442625
2018-04-20 04:00:00,0.2424161457675649
2018-04-20 08:00:00,0.2367232920097076
2018-04-20 12:00:00,0.2074091248473151
2018-04-23 08:00:00,0.1767175361836583
2018-04-23 12:00:00,0.1482312872640375
2018-04-23 16:00:00,0.1377174582517812
2018-04-23 20:00:00,0.1243755191358786
2018-04-24 00:00:00,0.1255184859135193
2018-04-24 04:00:00,0.12507155659662
2018-04-24 08:00:00,0.1229248305334908
2018-04-24 12:00:00,0.1282366953654659
2018-04-24 16:00:00,0.1406041820363325
2018-04-24 20:00:00,0.1504659338485241
2018-04-25 00:00:00,0.1472421813987733
2018-04-25 04:00:00,0.1390582462024732
2018-04-25 08:00:00,0.123122651706546
2018-04-25 12:00:00,0.1136858490809094
2018-04-25 16:00:00,0.1022854881449706
2018-04-25 20:00:00,0.0949367979015601
2018-04-26 00:00:00,0.0894564187369843
2018-04-26 04:00:00,0.0965999610972274
2018-04-26 08:00:00,0.0959185770567122
2018-04-26 12:00:00,0.0985635194075296
2018-04-26 16:00:00,0.0627871939254053
2018-04-26 20:00:00,0.0375466775858757
2018-04-27 00:00:00,0.0354512384935374
2018-04-27 04:00:00,0.0394882557658395
2018-04-27 08:00:00,0.0201970280381254
2018-04-27 12:00:00,0.0118519052193366
2018-04-30 08:00:00,0.0519436629580596
2018-04-30 12:00:00,0.0258605749555282
2018-04-30 16:00:00,0.0137788299790742
2018-04-30 20:00:00,0.015412686334289
2018-05-01 00:00:00,0.0119544791609203
2018-05-01 04:00:00,0.0088186472325249
2018-05-01 08:00:00,-0.0058714065441817
2018-05-01 12:00:00,-0.0312950906365383
2018-05-01 16:00:00,-0.0532092805847295
2018-05-01 20:00:00,-0.0604993571472369
2018-05-02 00:00:00,-0.065019937287003
2018-05-02 04:00:00,-0.0532605675555243
2018-05-02 08:00:00,-0.0517878988227962
2018-05-02 12:00:00,-0.0550116512725489
2018-05-02 16:00:00,-0.0847654210417285
2018-05-02 20:00:00,-0.0900846125838177
2018-05-03 00:00:00,-0.0967372653664867
2018-05-03 04:00:00,-0.0752773314453011
2018-05-03 08:00:00,-0.0677821069996322
2018-05-03 12:00:00,-0.0702805151481872
2018-05-03 16:00:00,-0.0835198803225062
2018-05-03 20:00:00,-0.0684048773592424
2018-05-04 00:00:00,-0.0691522017907747
2018-05-04 04:00:00,-0.0660383499927177
2018-05-04 08:00:00,-0.0818420637066146
2018-05-04 12:00:00,-0.0870073943363273
2018-05-07 08:00:00,-0.1114786061139863
2018-05-07 12:00:00,-0.1303888449158221
2018-05-07 16:00:00,-0.1271797458862956
2018-05-07 20:00:00,-0.1236409449016836
2018-05-08 00:00:00,-0.1215381790992331
2018-05-08 04:00:00,-0.1288868693426416
2018-05-08 08:00:00,-0.133246261859919
2018-05-08 12:00:00,-0.1674253645373951
2018-05-08 16:00:00,-0.181272846651098
2018-05-08 20:00:00,-0.1756312798640336
2018-05-09 00:00:00,-0.1787817652126552
2018-05-09 04:00:00,-0.1864894642516055
2018-05-09 08:00:00,-0.1964464632952687
2018-05-09 12:00:00,-0.1697845651938037
2018-05-09 16:00:00,-0.1778146394777274
2018-05-09 20:00:00,-0.1834855131052443
2018-05-10 00:00:00,-0.1896472763103392
2018-05-10 04:00:00,-0.1769500876843872
2018-05-10 08:00:00,-0.1756459332842598
2018-05-10 12:00:00,-0.1552850058800381
2018-05-10 16:00:00,-0.1425511837035195
2018-05-10 20:00:00,-0.1249744061422634
2018-05-11 00:00:00,-0.1303888449158221
2018-05-11 04:00:00,-0.1309310214641871
2018-05-11 08:00:00,-0.1371147647996204
2018-05-11 12:00:00,-0.1119255354308836
2018-05-14 08:00:00,-0.0849192819541031
2018-05-14 12:00:00,-0.0724418946315446
2018-05-14 16:00:00,-0.0772262363353809
2018-05-14 20:00:00,-0.1082988139249122
2018-05-15 00:00:00,-0.1189811572697692
2018-05-15 04:00:00,-0.1184463074315164
2018-05-15 08:00:00,-0.1252601478366721
2018-05-15 12:00:00,-0.1457529560229319
2018-05-15 16:00:00,-0.1862110492673089
2018-05-15 20:00:00,-0.1920504372274266
2018-05-16 00:00:00,-0.208000685143582
2018-05-16 04:00:00,-0.20897513758862
2018-05-16 08:00:00,-0.1986957632999834
2018-05-16 12:00:00,-0.2407730594793431
2018-05-16 16:00:00,-0.2384944526341817
2018-05-16 20:00:00,-0.227101418408357
2018-05-17 00:00:00,-0.2225735115584788
2018-05-17 04:00:00,-0.2137668060025685
2018-05-17 08:00:00,-0.2184192669243687
2018-05-17 12:00:00,-0.2348750578383263
2018-05-17 16:00:00,-0.2362744594699213
2018-05-17 20:00:00,-0.2361425786878871
2018-05-18 00:00:00,-0.2367946558879498
2018-05-18 04:00:00,-0.2305742790019519
2018-05-18 08:00:00,-0.2232182620484274
2018-05-18 12:00:00,-0.2501146148735121
2018-05-21 08:00:00,-0.2891000393851649
2018-05-21 12:00:00,-0.2738824624803136
2018-05-21 16:00:00,-0.2642698188119661
2018-05-21 20:00:00,-0.252180747125398
2018-05-22 00:00:00,-0.2402968233219992
2018-05-22 04:00:00,-0.2493526370217536
2018-05-22 08:00:00,-0.2413665229985067
2018-05-22 12:00:00,-0.2254602353430301
2018-05-22 16:00:00,-0.2487518467924818
2018-05-22 20:00:00,-0.2520488663433638
2018-05-23 00:00:00,-0.2492720432105103
2018-05-23 04:00:00,-0.2665630790773557
2018-05-23 08:00:00,-0.2833998589171936
2018-05-23 12:00:00,-0.3092191853556547
2018-05-23 16:00:00,-0.3202312306556011
2018-05-23 20:00:00,-0.3260559651954925
2018-05-24 00:00:00,-0.3169488645249473
2018-05-24 04:00:00,-0.3177767827677228
2018-05-24 08:00:00,-0.305094247561997
2018-05-24 12:00:00,-0.3001706983660124
2018-05-24 16:00:00,-0.2959138797903186
2018-05-24 20:00:00,-0.2962216016150676
2018-05-25 00:00:00,-0.303013461889885
2018-05-25 04:00:00,-0.312779966470609
2018-05-25 08:00:00,-0.3172052993789016
2018-05-25 12:00:00,-0.3238286453211181
2018-05-29 08:00:00,-0.4167899432357614
2018-05-29 12:00:00,-0.4517236970548839
2018-05-29 16:00:00,-0.4417960048516751
2018-05-29 20:00:00,-0.4663624638607997
2018-05-30 00:00:00,-0.4622668329075927
2018-05-30 04:00:00,-0.4671464218428986
2018-05-30 08:00:00,-0.4278093152458219
2018-05-30 12:00:00,-0.3881864669543347
2018-05-30 16:00:00,-0.3783979822432742
2018-05-30 20:00:00,-0.358608538227866
2018-05-31 00:00:00,-0.3524834085733396
2018-05-31 04:00:00,-0.3559049821961437
2018-05-31 08:00:00,-0.32614388571685
2018-05-31 12:00:00,-0.3271696251326788
2018-05-31 16:00:00,-0.3518679649238415
2018-05-31 20:00:00,-0.3332507945265284
2018-06-01 00:00:00,-0.3256236892988214
2018-06-01 04:00:00,-0.3341080196097565
2018-06-01 08:00:00,-0.3372365248280378
2018-06-01 12:00:00,-0.3307377329577453
2018-06-04 08:00:00,-0.3264223007011466
2018-06-04 12:00:00,-0.2975843696960999
2018-06-04 16:00:00,-0.3209272681163425
2018-06-04 20:00:00,-0.3245320094919736
2018-06-05 00:00:00,-0.3235429036267094
2018-06-05 04:00:00,-0.3291038766025305
2018-06-05 08:00:00,-0.3239092391323633
2018-06-05 12:00:00,-0.3344010880142793
2018-06-05 16:00:00,-0.3413761160419236
2018-06-05 20:00:00,-0.3049916736204134
2018-06-06 00:00:00,-0.303013461889885
2018-06-06 04:00:00,-0.3003465394087272
2018-06-06 08:00:00,-0.2880010328682029
2018-06-06 12:00:00,-0.2620205188072532
2018-06-06 16:00:00,-0.2517338178085007
2018-06-06 20:00:00,-0.25950745723847
2018-06-07 00:00:00,-0.2498068930487631
2018-06-07 04:00:00,-0.2417401852142729
2018-06-07 08:00:00,-0.2214451982010682
2018-06-07 12:00:00,-0.2099276099033195
2018-06-07 16:00:00,-0.2182434258816538
2018-06-11 08:00:00,-0.2330140734696059
2018-06-11 12:00:00,-0.2447148295201796
2018-06-11 16:00:00,-0.2324059565302199
2018-06-11 20:00:00,-0.2458871031382728
2018-06-12 00:00:00,-0.2576977598405404
2018-06-12 04:00:00,-0.265486052690736
2018-06-12 08:00:00,-0.2510158002174208
2018-06-12 12:00:00,-0.2412419689265847
2018-06-12 16:00:00,-0.2445609686078031
2018-06-12 20:00:00,-0.2783297755189485
2018-06-13 00:00:00,-0.2810113514203324
2018-06-13 04:00:00,-0.2817147155911879
2018-06-13 08:00:00,-0.2822642188496669
2018-06-13 12:00:00,-0.2683068360842682
2018-06-13 16:00:00,-0.2521587669950596
2018-06-13 20:00:00,-0.2493013500509628
2018-06-14 00:00:00,-0.2361425786878852
2018-06-14 04:00:00,-0.2343109011596191
2018-06-14 08:00:00,-0.2219800480393211
2018-06-14 12:00:00,-0.2489569946756491
2018-06-14 16:00:00,-0.3700382060042573
2018-06-14 20:00:00,-0.4144527227096931
2018-06-15 00:00:00,-0.435253252720702
2018-06-15 04:00:00,-0.4387261133142949
2018-06-15 08:00:00,-0.4322346481541126
2018-06-15 12:00:00,-0.4139325262916646
2018-06-18 08:00:00,-0.4238748719151015
2018-06-18 12:00:00,-0.401389198578089
2018-06-18 16:00:00,-0.4031988959760166
2018-06-18 20:00:00,-0.3951395148516386
2018-06-19 00:00:00,-0.3862595421945951
2018-06-19 04:00:00,-0.3787862978792646
2018-06-19 08:00:00,-0.4165481618020314
2018-06-19 12:00:00,-0.4540242840303895
2018-06-19 16:00:00,-0.4376051266669965
2018-06-19 20:00:00,-0.427508920131187
2018-06-20 00:00:00,-0.4216915123014077
2018-06-20 04:00:00,-0.4290621826751565
2018-06-20 08:00:00,-0.4358174093994072
2018-06-20 12:00:00,-0.4343813742172437
2018-06-20 16:00:00,-0.4225487373846358
2018-06-20 20:00:00,-0.423178834454362
2018-06-21 00:00:00,-0.4310184142753446
2018-06-21 04:00:00,-0.4392609631525497
2018-06-21 08:00:00,-0.4537751758865435
2018-06-21 12:00:00,-0.4601640671051402
2018-06-21 16:00:00,-0.4086279881698016
2018-06-21 20:00:00,-0.3969052519888876
2018-06-22 00:00:00,-0.4027519666591194
2018-06-22 04:00:00,-0.4031915692659026
2018-06-22 08:00:00,-0.3703166209885558
2018-06-22 12:00:00,-0.3648069349835236
2018-06-25 08:00:00,-0.3700015724536907
2018-06-25 12:00:00,-0.3509887597102731
2018-06-25 16:00:00,-0.3315143642297319
2018-06-25 20:00:00,-0.3197843013387058
2018-06-26 00:00:00,-0.3189417296757
2018-06-26 04:00:00,-0.3109775957827935
2018-06-26 08:00:00,-0.3257922036314222
2018-06-26 12:00:00,-0.3486295590538644
2018-06-26 16:00:00,-0.3510107398406115
2018-06-26 20:00:00,-0.3684263297793828
2018-06-27 00:00:00,-0.3660158421521813
2018-06-27 04:00:00,-0.3604768493066986
2018-06-27 08:00:00,-0.3636493147856586
2018-06-27 12:00:00,-0.3862448887743708
2018-06-27 16:00:00,-0.4139618331321151
2018-06-27 20:00:00,-0.4443969869418138
2018-06-28 00:00:00,-0.4445655012744146
2018-06-28 04:00:00,-0.4387261133142969
2018-06-28 08:00:00,-0.4524490413560816
2018-06-28 12:00:00,-0.4274063461896014
2018-06-28 16:00:00,-0.4286738670391641
2018-06-28 20:00:00,-0.4372607712916828
2018-06-29 00:00:00,-0.4397958129908044
2018-06-29 04:00:00,-0.3928022943255703
2018-06-29 08:00:00,-0.3745148258833446
2018-06-29 12:00:00,-0.366543365280322
2018-07-02 08:00:00,-0.3722728525887439
2018-07-02 12:00:00,-0.3777532317533197
2018-07-02 16:00:00,-0.4043638428839938
2018-07-02 20:00:00,-0.3950296141999428
2018-07-03 00:00:00,-0.3755112584587209
2018-07-03 04:00:00,-0.3815045073312132
2018-07-03 08:00:00,-0.3638544626688259
2018-07-03 12:00:00,-0.3604768493066986
2018-07-05 08:00:00,-0.3302028831194925
2018-07-05 12:00:00,-0.3233231023233178
2018-07-05 16:00:00,-0.3215720186062931
2018-07-05 20:00:00,-0.3329357459916653
2018-07-06 00:00:00,-0.3288034814878936
2018-07-06 04:00:00,-0.3329430727017794
2018-07-06 08:00:00,-0.3147655049112535
2018-07-06 12:00:00,-0.3058415719935293
2018-07-09 08:00:00,-0.2616761634319395
2018-07-09 12:00:00,-0.2549355901279131
2018-07-09 16:00:00,-0.273237711990363
2018-07-09 20:00:00,-0.2796485833393021
2018-07-10 00:00:00,-0.2746151334916216
2018-07-10 04:00:00,-0.2777289852896766
2018-07-10 08:00:00,-0.285561238400549
2018-07-10 12:00:00,-0.3111387834052782
2018-07-10 16:00:00,-0.3016800006493051
2018-07-10 20:00:00,-0.2821469914878571
2018-07-11 00:00:00,-0.2920380501405051
2018-07-11 04:00:00,-0.2957160586172673
2018-07-11 08:00:00,-0.2968370452645677
2018-07-11 12:00:00,-0.3081787925195977
2018-07-11 16:00:00,-0.2975477361455334
2018-07-11 20:00:00,-0.3433982880331307
2018-07-12 00:00:00,-0.3439184844511612
2018-07-12 04:00:00,-0.3419256193004046
2018-07-12 08:00:00,-0.3374636528415435
2018-07-12 12:00:00,-0.3495966847887883
2018-07-12 16:00:00,-0.3372658316684903
2018-07-12 20:00:00,-0.3446438287523531
2018-07-13 00:00:00,-0.3522929141104005
2018-07-13 04:00:00,-0.3511939075934385
2018-07-13 08:00:00,-0.3713423604043847
2018-07-13 12:00:00,-0.3820833174301447
2018-07-16 08:00:00,-0.3239605261031562
2018-07-16 12:00:00,-0.310765121189514
2018-07-16 16:00:00,-0.3126334322683446
2018-07-16 20:00:00,-0.3102815583220501
2018-07-17 00:00:00,-0.31271402607959
2018-07-17 04:00:00,-0.3112633374772022
2018-07-17 08:00:00,-0.2973645683927064
2018-07-17 12:00:00,-0.3066621635261908
2018-07-17 16:00:00,-0.3410537407969464
2018-07-17 20:00:00,-0.3548499359398604
2018-07-18 00:00:00,-0.3592899222683812
2018-07-18 04:00:00,-0.3621107056619173
2018-07-18 08:00:00,-0.3836951936550191
2018-07-18 12:00:00,-0.392113583574941
2018-07-18 16:00:00,-0.3714009740852876
2018-07-18 20:00:00,-0.3691736542109151
2018-07-19 00:00:00,-0.3698037512806374
2018-07-19 04:00:00,-0.3664627714690787
2018-07-19 08:00:00,-0.3878054780284544
2018-07-19 12:00:00,-0.4112509503902806
2018-07-19 16:00:00,-0.4050891871851877
2018-07-19 20:00:00,-0.3700675128447098
2018-07-20 00:00:00,-0.3666972261926965
2018-07-20 04:00:00,-0.3664407913387383
2018-07-20 08:00:00,-0.3626455555001662
2018-07-20 12:00:00,-0.3528790509194441
2018-07-23 08:00:00,-0.3002293120469174
2018-07-23 12:00:00,-0.3123110570233713
2018-07-23 16:00:00,-0.3179599505205498
2018-07-23 20:00:00,-0.3280854638968138
2018-07-24 00:00:00,-0.3292284306744525
2018-07-24 04:00:00,-0.3312506026656577
2018-07-24 08:00:00,-0.3384014717360149
2018-07-24 12:00:00,-0.3204290518286543
2018-07-24 16:00:00,-0.3246345834335573
2018-07-24 20:00:00,-0.336643061308882
2018-07-25 00:00:00,-0.335844449906555
2018-07-25 04:00:00,-0.3365917743380892
2018-07-25 08:00:00,-0.3297925873531578
2018-07-25 12:00:00,-0.3239751795233785
2018-07-25 16:00:00,-0.3357125691245208
2018-07-25 20:00:00,-0.3116736332435348
2018-07-26 00:00:00,-0.2938404208283206
2018-07-26 04:00:00,-0.2911515182168226
2018-07-26 08:00:00,-0.2968663521050163
2018-07-26 12:00:00,-0.3120326420390747
2018-07-26 16:00:00,-0.3505418303933758
2018-07-26 20:00:00,-0.3666166323814532
2018-07-27 00:00:00,-0.3727124551955271
2018-07-27 04:00:00,-0.3668071268443924
2018-07-27 08:00:00,-0.3710785988403123
2018-07-27 12:00:00,-0.3836585601044526
2018-07-30 08:00:00,-0.3532087528745335
2018-07-30 12:00:00,-0.3348626707514029
2018-07-30 16:00:00,-0.3120253153289587
2018-07-30 20:00:00,-0.3139229332482458
2018-07-31 00:00:00,-0.3150585733157723
2018-07-31 04:00:00,-0.3138276860167782
2018-07-31 08:00:00,-0.3050722674316567
2018-07-31 12:00:00,-0.2942946768553301
2018-07-31 16:00:00,-0.3166704495406507
2018-07-31 20:00:00,-0.3253086407639583
2018-08-01 00:00:00,-0.3312212958252033
2018-08-01 04:00:00,-0.3354414808503363
2018-08-01 08:00:00,-0.3366284078886538
2018-08-01 12:00:00,-0.3337929710748953
2018-08-01 16:00:00,-0.3450101642580072
2018-08-01 20:00:00,-0.3532307330048738
2018-08-02 00:00:00,-0.3547180551578243
2018-08-02 04:00:00,-0.3599859597291245
2018-08-02 08:00:00,-0.3777678851735479
2018-08-02 12:00:00,-0.3936521926986843
2018-08-02 16:00:00,-0.3943628835796519
2018-08-02 20:00:00,-0.4157275702693641
2018-08-03 00:00:00,-0.4218600266340065
2018-08-03 04:00:00,-0.4195374595281644
2018-08-03 08:00:00,-0.4271279312053048
2018-08-03 12:00:00,-0.4205998324945598
2018-08-06 08:00:00,-0.4446973820564487
2018-08-06 12:00:00,-0.4562809107452165
2018-08-06 16:00:00,-0.4476500462320171
2018-08-06 20:00:00,-0.4488589534006729
2018-08-07 00:00:00,-0.4477306400432604
2018-08-07 04:00:00,-0.4454666866183213
2018-08-07 08:00:00,-0.4337512771475233
2018-08-07 12:00:00,-0.4124232240083719
2018-08-07 16:00:00,-0.4125257979499555
2018-08-07 20:00:00,-0.4149289588670429
2018-08-08 00:00:00,-0.4091994715586229
2018-08-08 04:00:00,-0.398583068604781
2018-08-08 08:00:00,-0.3991398985733762
2018-08-08 12:00:00,-0.4176838018695561
2018-08-08 16:00:00,-0.41292144029606
2018-08-08 20:00:00,-0.3984658412429712
2018-08-09 00:00:00,-0.3997333620925339
2018-08-09 04:00:00,-0.3991252451531479
2018-08-09 08:00:00,-0.4110018422464346
2018-08-09 12:00:00,-0.4140863872040391
2018-08-09 16:00:00,-0.4315093038529187
2018-08-09 20:00:00,-0.4607721840445262
2018-08-10 00:00:00,-0.4745097655065352
2018-08-10 04:00:00,-0.4711614589848624
2018-08-10 08:00:00,-0.5298777138310106
2018-08-10 12:00:00,-0.5320097864739155
2018-08-13 08:00:00,-0.599107797689419
2018-08-13 12:00:00,-0.5915759396931816
2018-08-13 16:00:00,-0.5757062855882695
2018-08-13 20:00:00,-0.5872605074365849
2018-08-14 00:00:00,-0.5823516116608245
2018-08-14 04:00:00,-0.5781387533458113
2018-08-14 08:00:00,-0.5751348021994502
2018-08-14 12:00:00,-0.5838975474946838
2018-08-14 16:00:00,-0.6148602244325212
2018-08-14 20:00:00,-0.6360124365289558
2018-08-15 00:00:00,-0.633587295481528
2018-08-15 04:00:00,-0.6458815150512635
2018-08-15 08:00:00,-0.6453979521837996
2018-08-15 12:00:00,-0.6547321808678506
2018-08-15 16:00:00,-0.6531276313530903
2018-08-15 20:00:00,-0.6332282866859902
2018-08-16 00:00:00,-0.6341441254501232
2018-08-16 04:00:00,-0.6061487661080804
2018-08-16 08:00:00,-0.6028957068178751
2018-08-16 12:00:00,-0.6108158804501049
2018-08-16 16:00:00,-0.5968951312352688
2018-08-16 20:00:00,-0.6146477498392436
2018-08-17 00:00:00,-0.6086325208364111
2018-08-17 04:00:00,-0.6022875898784931
2018-08-17 08:00:00,-0.595561669994693
2018-08-17 12:00:00,-0.5933343501203184
2018-08-20 08:00:00,-0.5692734341089941
2018-08-20 12:00:00,-0.5725484735295359
2018-08-20 16:00:00,-0.5500774536127495
2018-08-20 20:00:00,-0.5240749594214594
2018-08-21 00:00:00,-0.5007613678416675
2018-08-21 04:00:00,-0.477425796131539
2018-08-21 08:00:00,-0.4762461958033317
2018-08-21 12:00:00,-0.4814701401139513
2018-08-21 16:00:00,-0.4708610638702254
2018-08-21 20:00:00,-0.4293772312100177
2018-08-22 00:00:00,-0.4322273214440024
2018-08-22 04:00:00,-0.4308498999427458
2018-08-22 08:00:00,-0.4361251312241582
2018-08-22 12:00:00,-0.4085693744888967
2018-08-22 16:00:00,-0.4114194647228834
2018-08-22 20:00:00,-0.4130240142376437
2018-08-23 00:00:00,-0.4197938943821226
2018-08-23 04:00:00,-0.4471078696836502
2018-08-23 08:00:00,-0.4432027331933803
2018-08-23 12:00:00,-0.432571676819318
2018-08-23 16:00:00,-0.4359566168915555
2018-08-23 20:00:00,-0.4618199035906953
2018-08-24 00:00:00,-0.4600102061927657
2018-08-24 04:00:00,-0.4504415227850968
2018-08-24 08:00:00,-0.4385795791120384
2018-08-24 12:00:00,-0.4258091233849512
2018-08-27 08:00:00,-0.4010888034634482
2018-08-27 12:00:00,-0.3900034910623745
2018-08-27 16:00:00,-0.3499337134539937
2018-08-27 20:00:00,-0.3383208779247735
2018-08-28 00:00:00,-0.3362400922526614
2018-08-28 04:00:00,-0.3426143300510319
2018-08-28 08:00:00,-0.3365038538167317
2018-08-28 12:00:00,-0.316318767455221
2018-08-28 16:00:00,-0.3041051416967328
2018-08-28 20:00:00,-0.3207147935230631
2018-08-29 00:00:00,-0.3283345720406559
2018-08-29 04:00:00,-0.3291771437036597
2018-08-29 08:00:00,-0.3441895727253437
2018-08-29 12:00:00,-0.3521903401688168
2018-08-29 16:00:00,-0.3271183381618879
2018-08-29 20:00:00,-0.3195791534555384
2018-08-30 00:00:00,-0.3144431296662743
2018-08-30 04:00:00,-0.3196963808173463
2018-08-30 08:00:00,-0.3243341883189203
2018-08-30 12:00:00,-0.3285397199238233
2018-08-30 16:00:00,-0.3598467522369743
2018-08-30 20:00:00,-0.3499923271348967
2018-08-31 00:00:00,-0.3522782606901723
2018-08-31 04:00:00,-0.3506956913057503
2018-08-31 08:00:00,-0.3403137430755282
2018-08-31 12:00:00,-0.3589455668930655
2018-09-04 08:00:00,-0.424402395043246
2018-09-04 12:00:00,-0.4441552055080818
2018-09-04 16:00:00,-0.4448952032295039
2018-09-04 20:00:00,-0.426475854005244
2018-09-05 00:00:00,-0.4240140794072498
2018-09-05 04:00:00,-0.4113608510419784
2018-09-05 08:00:00,-0.4341249393632875
2018-09-05 12:00:00,-0.4240653663780426
2018-09-05 16:00:00,-0.3920183363434695
2018-09-05 20:00:00,-0.3851312288371826
2018-09-06 00:00:00,-0.3774528366386828
2018-09-06 04:00:00,-0.3731227509618579
2018-09-06 08:00:00,-0.3858932066889431
2018-09-06 12:00:00,-0.3823031187335383
2018-09-06 16:00:00,-0.3839076682483006
2018-09-06 20:00:00,-0.3889630982263194
2018-09-07 00:00:00,-0.3903844799882547
2018-09-07 04:00:00,-0.389300126891519
2018-09-07 08:00:00,-0.3772110552049528
2018-09-07 12:00:00,-0.3946266451437222
2018-09-10 08:00:00,-0.4505807302772432
2018-09-10 12:00:00,-0.4270693175243998
2018-09-10 16:00:00,-0.4054481959807295
2018-09-10 20:00:00,-0.4123279767769023
2018-09-11 00:00:00,-0.4142842083770923
2018-09-11 04:00:00,-0.4160719256446816
2018-09-11 08:00:00,-0.3918498220108687
2018-09-11 12:00:00,-0.4204166647417328
2018-09-11 16:00:00,-0.4214204240272252
2018-09-11 20:00:00,-0.4159693517030999
2018-09-12 00:00:00,-0.4101812507137731
2018-09-12 04:00:00,-0.4185410269527861
2018-09-12 08:00:00,-0.4211859693036054
2018-09-12 12:00:00,-0.4202481504091301
2018-09-12 16:00:00,-0.3939965480739979
2018-09-12 20:00:00,-0.3820833174301447
2018-09-13 00:00:00,-0.3843326174348576
2018-09-13 04:00:00,-0.378991445762432
2018-09-13 08:00:00,-0.3902672526264468
2018-09-13 12:00:00,-0.3831603438167663
2018-09-13 16:00:00,-0.3384014717360188
2018-09-13 20:00:00,-0.3316096114611996
2018-09-14 00:00:00,-0.3295288257890894
2018-09-14 04:00:00,-0.3275213072181085
2018-09-14 08:00:00,-0.3169708446552837
2018-09-14 12:00:00,-0.3270084375101921
2018-09-17 08:00:00,-0.3745880929844739
2018-09-17 12:00:00,-0.3541026115083262
2018-09-17 16:00:00,-0.3301515961486996
2018-09-17 20:00:00,-0.3332361411063022
2018-09-18 00:00:00,-0.3424751225588817
2018-09-18 04:00:00,-0.3330676267737014
2018-09-18 08:00:00,-0.3279462564046655
2018-09-18 12:00:00,-0.3296020928902167
2018-09-18 16:00:00,-0.3274993270877643
2018-09-18 20:00:00,-0.3511572740428739
2018-09-19 00:00:00,-0.3443580870579406
2018-09-19 04:00:00,-0.3498604463528606
2018-09-19 08:00:00,-0.329807240773386
2018-09-19 12:00:00,-0.3331482205849448
2018-09-19 16:00:00,-0.3435521489455053
2018-09-19 20:00:00,-0.3437719502488988
2018-09-20 00:00:00,-0.3443580870579406
2018-09-20 04:00:00,-0.3374636528415454
2018-09-20 08:00:00,-0.3304593179734487
2018-09-20 12:00:00,-0.2932689374395013
2018-09-20 16:00:00,-0.2743513719275532
2018-09-20 20:00:00,-0.2557488549504644
2018-09-21 00:00:00,-0.2528254976153485
2018-09-21 04:00:00,-0.2501219415836262
2018-09-21 08:00:00,-0.2477993744777802
2018-09-21 12:00:00,-0.2617567572431809
2018-09-24 08:00:00,-0.2841471833487278
2018-09-24 12:00:00,-0.2639034833063101
2018-09-24 16:00:00,-0.2514847096646566
2018-09-24 20:00:00,-0.273904442610652
2018-09-25 00:00:00,-0.27671057258396
2018-09-25 04:00:00,-0.2855172781398722
2018-09-25 08:00:00,-0.2730105839768613
2018-09-25 12:00:00,-0.2592436956743977
2018-09-25 16:00:00,-0.252488468950147
2018-09-25 20:00:00,-0.26267992271743
2018-09-26 00:00:00,-0.2652222911266657
2018-09-26 04:00:00,-0.265061103504177
2018-09-26 08:00:00,-0.2638815031759737
2018-09-26 12:00:00,-0.2776044312177566
2018-09-26 16:00:00,-0.2811578856225948
2018-09-26 20:00:00,-0.2726955354419981
2018-09-27 00:00:00,-0.2792602677033077
2018-09-27 04:00:00,-0.2793481882246652
2018-09-27 08:00:00,-0.3147142179404587
2018-09-27 12:00:00,-0.3172565863496963
2018-09-27 16:00:00,-0.3413907694621518
2018-09-27 20:00:00,-0.3604621958864724
2018-09-28 00:00:00,-0.3758995740947153
2018-09-28 04:00:00,-0.3694887027457763
2018-09-28 08:00:00,-0.3827427213403215
2018-09-28 12:00:00,-0.4203800311911663
2018-10-01 08:00:00,-0.4164822214110144
2018-10-01 12:00:00,-0.4019240484163418
2018-10-01 16:00:00,-0.4231495276139076
2018-10-01 20:00:00,-0.4306374253494663
2018-10-02 00:00:00,-0.4303590103651678
2018-10-02 04:00:00,-0.43391246477001
2018-10-02 08:00:00,-0.4623767335592904
2018-10-02 12:00:00,-0.4764879772370637
2018-10-02 16:00:00,-0.4529765644842184
2018-10-02 20:00:00,-0.455518932893456
2018-10-03 00:00:00,-0.4545811139989826
2018-10-03 04:00:00,-0.4306813856101451
2018-10-03 08:00:00,-0.4269887237131565
2018-10-03 12:00:00,-0.4504561762053251
2018-10-03 16:00:00,-0.4718941299961684
2018-10-03 20:00:00,-0.4894782342675385
2018-10-04 00:00:00,-0.5149605320407982
2018-10-04 04:00:00,-0.5226902112100887
2018-10-04 08:00:00,-0.5130116271507222
2018-10-04 12:00:00,-0.495793858385006
2018-10-04 16:00:00,-0.483953894842284
2018-10-04 20:00:00,-0.4876978437100633
2018-10-05 00:00:00,-0.4839392414220577
2018-10-05 04:00:00,-0.4884451681415956
2018-10-05 08:00:00,-0.493537231670181
2018-10-05 12:00:00,-0.4934566378589357
2018-10-08 08:00:00,-0.4995964209336884
2018-10-08 12:00:00,-0.5201844763514197
2018-10-08 16:00:00,-0.5187118076186935
2018-10-08 20:00:00,-0.5059560053118346
2018-10-09 00:00:00,-0.5049449193162281
2018-10-09 04:00:00,-0.5044979899993347
2018-10-09 08:00:00,-0.5137809317125968
2018-10-09 12:00:00,-0.5428166838906966
2018-10-09 16:00:00,-0.5240896128416876
2018-10-09 20:00:00,-0.5038166059588214
2018-10-10 00:00:00,-0.4985926616481999
2018-10-10 04:00:00,-0.4887528899663446
2018-10-10 08:00:00,-0.4966877170188006
2018-10-10 12:00:00,-0.5004463193068063
2018-10-10 16:00:00,-0.4710662117533908
2018-10-10 20:00:00,-0.4739822423783946
2018-10-11 00:00:00,-0.4695276026296456
2018-10-11 04:00:00,-0.4428144175573918
2018-10-11 08:00:00,-0.4545298270281899
2018-10-11 12:00:00,-0.4357514690083901
2018-10-11 16:00:00,-0.4392756165727778
2018-10-11 20:00:00,-0.418350532489847
2018-10-12 00:00:00,-0.4166360823233869
2018-10-12 04:00:00,-0.4072285865382047
2018-10-12 08:00:00,-0.4155370758064269
2018-10-12 12:00:00,-0.4300146549898522
2018-10-15 08:00:00,-0.4427924374270495
2018-10-15 12:00:00,-0.4177277621302348
2018-10-15 16:00:00,-0.4184897399819952
2018-10-15 20:00:00,-0.4267762491198771
2018-10-16 00:00:00,-0.4240140794072518
2018-10-16 04:00:00,-0.4283954520548675
2018-10-16 08:00:00,-0.4262853595423049
2018-10-16 12:00:00,-0.4264245670344493
2018-10-16 16:00:00,-0.417368753334693
2018-10-16 20:00:00,-0.4290108957043637
2018-10-17 00:00:00,-0.4314946504326963
2018-10-17 04:00:00,-0.440323336118947
2018-10-17 08:00:00,-0.4416128370988462
2018-10-17 12:00:00,-0.4563395244261195
2018-10-17 16:00:00,-0.4668753335687142
2018-10-17 20:00:00,-0.4889726912697363
2018-10-18 00:00:00,-0.4972225668570554
2018-10-18 04:00:00,-0.4974057346098824
2018-10-18 08:00:00,-0.4962041541513368
2018-10-18 12:00:00,-0.4826937007028353
2018-10-18 16:00:00,-0.5057655108488954
2018-10-18 20:00:00,-0.5329109718178223
2018-10-19 00:00:00,-0.5364058125417576
2018-10-19 04:00:00,-0.5336216626987939
2018-10-19 08:00:00,-0.5372557109148735
2018-10-19 12:00:00,-0.5302367226265524
2018-10-22 08:00:00,-0.474128776580657
2018-10-22 12:00:00,-0.4973324675087512
2018-10-22 16:00:00,-0.5223751626752237
2018-10-22 20:00:00,-0.5253058467204557
2018-10-23 00:00:00,-0.5285735594308852
2018-10-23 04:00:00,-0.5332186936425714
2018-10-23 08:00:00,-0.5309693936378584
2018-10-23 12:00:00,-0.520624078958203
2018-10-23 16:00:00,-0.5237232773360317
2018-10-23 20:00:00,-0.5198254675558779
2018-10-24 00:00:00,-0.5229539727741611
2018-10-24 04:00:00,-0.5257088157766723
2018-10-24 08:00:00,-0.5437032158143771
2018-10-24 12:00:00,-0.5795015214268397
2018-10-24 16:00:00,-0.5885133748659175
2018-10-24 20:00:00,-0.5920448491404173
2018-10-25 00:00:00,-0.586044273557815
2018-10-25 04:00:00,-0.576285095687203
2018-10-25 08:00:00,-0.5772668748423532
2018-10-25 12:00:00,-0.5733617383520851
2018-10-25 16:00:00,-0.6027564993257288
2018-10-25 20:00:00,-0.6148016107516182
2018-10-26 00:00:00,-0.6090721234431943
2018-10-26 04:00:00,-0.613321615308774
2018-10-26 08:00:00,-0.6107572667691981
2018-10-26 12:00:00,-0.6287809736473553
2018-10-29 08:00:00,-0.5886012953872729
2018-10-29 12:00:00,-0.5932610830191892
2018-10-29 16:00:00,-0.6010493758693828
2018-10-29 20:00:00,-0.5980820582735882
2018-10-30 00:00:00,-0.6079438100857838
2018-10-30 04:00:00,-0.6028151130066318
2018-10-30 08:00:00,-0.6077166820722761
2018-10-30 12:00:00,-0.6199229811206521
2018-10-30 16:00:00,-0.6134901296413767
2018-10-30 20:00:00,-0.6321439335892564
2018-10-31 00:00:00,-0.6349134300119939
2018-10-31 04:00:00,-0.6348694697513171
2018-10-31 08:00:00,-0.6324516554140054
2018-10-31 12:00:00,-0.6391116349067846
2018-10-31 16:00:00,-0.6540727769576757
2018-10-31 20:00:00,-0.6600000854391509
2018-11-01 00:00:00,-0.6581977147513354
2018-11-01 04:00:00,-0.637184710147047
2018-11-01 08:00:00,-0.6250809850402527
2018-11-01 12:00:00,-0.5988293827051224
2018-11-01 16:00:00,-0.5850551676925468
2018-11-01 20:00:00,-0.5755890582264617
2018-11-02 00:00:00,-0.5819852761551685
2018-11-02 04:00:00,-0.5852090286049233
2018-11-02 08:00:00,-0.5608770243194126
2018-11-02 12:00:00,-0.5509493321162039
2018-11-05 08:00:00,-0.5958034514284248
2018-11-05 12:00:00,-0.6063172804406792
2018-11-05 16:00:00,-0.5930705885562462
2018-11-05 20:00:00,-0.5765415305411593
2018-11-06 00:00:00,-0.5771056872198684
2018-11-06 04:00:00,-0.5793989474852581
2018-11-06 08:00:00,-0.5755450979657829
2018-11-06 12:00:00,-0.5782193471570527
2018-11-06 16:00:00,-0.5682403679830512
2018-11-06 20:00:00,-0.5726070872104407
2018-11-07 00:00:00,-0.5562611969481789
2018-11-07 04:00:00,-0.5473299373203465
2018-11-07 08:00:00,-0.5382594702003639
2018-11-07 12:00:00,-0.5069524378872129
2018-11-07 16:00:00,-0.5198914079468949
2018-11-07 20:00:00,-0.5383107571711567
2018-11-08 00:00:00,-0.5577265389707949
2018-11-08 04:00:00,-0.5596021767597417
2018-11-08 08:00:00,-0.5572649562336713
2018-11-08 12:00:00,-0.5687678911111899
2018-11-08 16:00:00,-0.5608110839283974
2018-11-08 20:00:00,-0.6006244266828239
2018-11-09 00:00:00,-0.6157980433269945
2018-11-09 04:00:00,-0.6265463270628686
2018-11-09 08:00:00,-0.6353237257783285
2018-11-09 12:00:00,-0.6340928384793304
2018-11-12 08:00:00,-0.6907356343634825
2018-11-12 12:00:00,-0.7068617233223528
2018-11-12 16:00:00,-0.7068397431920125
2018-11-12 20:00:00,-0.7240648386678427
2018-11-13 00:00:00,-0.7406964706245113
2018-11-13 04:00:00,-0.7266145337871904
2018-11-13 08:00:00,-0.7237644435532058
2018-11-13 12:00:00,-0.7217862318226773
2018-11-13 16:00:00,-0.69595225196399
2018-11-13 20:00:00,-0.697483534377623
2018-11-14 00:00:00,-0.6727339076156695
2018-11-14 04:00:00,-0.6726826206448767
2018-11-14 08:00:00,-0.6818849685468935
2018-11-14 12:00:00,-0.6959302718336496
2018-11-14 16:00:00,-0.6627915619922307
2018-11-14 20:00:00,-0.660864637232493
2018-11-15 00:00:00,-0.66080602355159
2018-11-15 04:00:00,-0.6493690290650828
2018-11-15 08:00:00,-0.6427456831228682
2018-11-15 12:00:00,-0.6712172786222627
2018-11-15 16:00:00,-0.6654804646037267
2018-11-15 20:00:00,-0.6462258704265752
2018-11-16 00:00:00,-0.6487755655459269
2018-11-16 04:00:00,-0.6407747981024557
2018-11-16 08:00:00,-0.632612843036492
2018-11-16 12:00:00,-0.642313407226199
2018-11-19 08:00:00,-0.5795308282672923
2018-11-19 12:00:00,-0.5646136464770798
2018-11-19 16:00:00,-0.5507002239723597
2018-11-19 20:00:00,-0.5383400640116093
2018-11-20 00:00:00,-0.5391972890948373
2018-11-20 04:00:00,-0.5419814389378049
2018-11-20 08:00:00,-0.5407798584792612
2018-11-20 12:00:00,-0.5595875233395134
2018-11-20 16:00:00,-0.5826226999350069
2018-11-20 20:00:00,-0.6111382556950822
2018-11-21 00:00:00,-0.6125230039064509
2018-11-21 04:00:00,-0.6095117260499795
2018-11-21 08:00:00,-0.5935761315540504
2018-11-21 12:00:00,-0.590198518191925
2018-11-23 08:00:00,-0.579149839341414
2018-11-23 12:00:00,-0.6221356475748003
2018-11-26 08:00:00,-0.6231101000198384
2018-11-26 12:00:00,-0.6132190413671923
2018-11-26 16:00:00,-0.6275574130584732
2018-11-26 20:00:00,-0.6430900384981837
2018-11-27 00:00:00,-0.6457423075591152
2018-11-27 04:00:00,-0.6434637007139499
2018-11-27 08:00:00,-0.6495448701078015
2018-11-27 12:00:00,-0.6558165339645863
2018-11-27 16:00:00,-0.6701768857862056
2018-11-27 20:00:00,-0.6791740858050551
2018-11-28 00:00:00,-0.6801998252208878
2018-11-28 04:00:00,-0.6799800239174942
2018-11-28 08:00:00,-0.6825956594278612
2018-11-28 12:00:00,-0.6863029747450758
2018-11-28 16:00:00,-0.6901055372937582
2018-11-28 20:00:00,-0.6185968465901883
2018-11-29 00:00:00,-0.6135267631919413
2018-11-29 04:00:00,-0.6064857947732799
2018-11-29 08:00:00,-0.5982578993163031
2018-11-29 12:00:00,-0.6127574586300707
2018-11-29 16:00:00,-0.6017234331997839
2018-11-29 20:00:00,-0.6032400621931907
2018-11-30 00:00:00,-0.5936640520754058
2018-11-30 04:00:00,-0.5909238624931169
2018-11-30 08:00:00,-0.5953125618508469
2018-11-30 12:00:00,-0.6105960791467133
2018-12-03 08:00:00,-0.6157687364865421
2018-12-03 12:00:00,-0.6337411563939026
2018-12-03 16:00:00,-0.6348767964614311
2018-12-03 20:00:00,-0.6296455254406974
2018-12-04 00:00:00,-0.6261140511661996
2018-12-04 04:00:00,-0.6130065667739147
2018-12-04 08:00:00,-0.6015915524177498
2018-12-04 12:00:00,-0.5823882452113891
2018-12-06 08:00:00,-0.6413023212305945
2018-12-06 12:00:00,-0.6395951977742484
2018-12-06 16:00:00,-0.6055333224585823
2018-12-06 20:00:00,-0.6014523449255995
2018-12-07 00:00:00,-0.6069620309306297
2018-12-07 04:00:00,-0.6060242120361564
2018-12-07 08:00:00,-0.6102077635107229
2018-12-07 12:00:00,-0.6094677657893008
2018-12-10 08:00:00,-0.5599318787148291
2018-12-10 12:00:00,-0.5731419370486955
2018-12-10 16:00:00,-0.5905502002773508
2018-12-10 20:00:00,-0.6215348573455285
2018-12-11 00:00:00,-0.6253813801548896
2018-12-11 04:00:00,-0.6157321029359755
2018-12-11 08:00:00,-0.6113873638389282
2018-12-11 12:00:00,-0.5974812680443163
2018-12-11 16:00:00,-0.6366718404391326
2018-12-11 20:00:00,-0.654878715070115
2018-12-12 00:00:00,-0.6534280264677252
2018-12-12 04:00:00,-0.6475666583772671
2018-12-12 08:00:00,-0.6496987310201721
2018-12-12 12:00:00,-0.6418078642283986
2018-12-12 16:00:00,-0.6197105065273746
2018-12-12 20:00:00,-0.6118489465760478
2018-12-13 00:00:00,-0.6108891475512361
2018-12-13 04:00:00,-0.6128673592817665
2018-12-13 08:00:00,-0.6069034172497249
2018-12-13 12:00:00,-0.6067202494968997
2018-12-13 16:00:00,-0.6280702827663857
2018-12-13 20:00:00,-0.6184576390980381
2018-12-14 00:00:00,-0.6211025814488574
