DATE_TIME,True_Label_H1,Probability_H1,Predicted_Label_H1
2019-01-08 06:00:00,0,0.415009,0
2019-01-08 10:00:00,0,0.415009,0
2019-01-08 14:00:00,0,0.415009,0
2019-01-08 18:00:00,0,0.415009,0
2019-01-08 22:00:00,0,0.415009,0
2019-01-09 02:00:00,0,0.415009,0
2019-01-09 06:00:00,0,0.415009,0
2019-01-09 10:00:00,0,0.415009,0
2019-01-09 14:00:00,0,0.415009,0
2019-01-09 18:00:00,0,0.415009,0
2019-01-09 22:00:00,0,0.415009,0
2019-01-10 02:00:00,1,0.415009,0
2019-01-10 06:00:00,0,0.415009,0
2019-01-10 10:00:00,0,0.415009,0
2019-01-10 14:00:00,0,0.415009,0
2019-01-10 18:00:00,0,0.415009,0
2019-01-10 22:00:00,0,0.415009,0
2019-01-11 02:00:00,0,0.415009,0
2019-01-11 06:00:00,0,0.415009,0
2019-01-11 10:00:00,1,0.415009,0
2019-01-11 14:00:00,1,0.415009,0
2019-01-11 18:00:00,0,0.415009,0
2019-01-13 22:00:00,0,0.415009,0
2019-01-14 02:00:00,0,0.415009,0
2019-01-14 06:00:00,0,0.415009,0
2019-01-14 10:00:00,0,0.415009,0
2019-01-14 14:00:00,0,0.415009,0
2019-01-14 18:00:00,0,0.415009,0
2019-01-14 22:00:00,1,0.415009,0
2019-01-15 02:00:00,1,0.415009,0
2019-01-15 06:00:00,0,0.415009,0
2019-01-15 10:00:00,0,0.415009,0
2019-01-15 14:00:00,0,0.415009,0
2019-01-15 18:00:00,0,0.415009,0
2019-01-15 22:00:00,0,0.415009,0
2019-01-16 02:00:00,0,0.415009,0
2019-01-16 06:00:00,1,0.415009,0
2019-01-16 10:00:00,0,0.415009,0
2019-01-16 14:00:00,0,0.415009,0
2019-01-16 18:00:00,0,0.415009,0
2019-01-16 22:00:00,0,0.415009,0
2019-01-17 02:00:00,0,0.415009,0
2019-01-17 06:00:00,0,0.415009,0
2019-01-17 10:00:00,0,0.415009,0
2019-01-17 14:00:00,0,0.415009,0
2019-01-17 18:00:00,0,0.415009,0
2019-01-17 22:00:00,0,0.415009,0
2019-01-18 02:00:00,0,0.415009,0
2019-01-18 06:00:00,0,0.415009,0
2019-01-18 10:00:00,1,0.415009,0
2019-01-18 14:00:00,0,0.415009,0
2019-01-18 18:00:00,0,0.415009,0
2019-01-20 22:00:00,0,0.415009,0
2019-01-21 02:00:00,0,0.415009,0
2019-01-21 06:00:00,1,0.415009,0
2019-01-21 10:00:00,0,0.415009,0
2019-01-21 14:00:00,1,0.415009,0
2019-01-21 18:00:00,1,0.415009,0
2019-01-21 22:00:00,1,0.415009,0
2019-01-22 02:00:00,0,0.415009,0
2019-01-22 06:00:00,0,0.415009,0
2019-01-22 10:00:00,0,0.415009,0
2019-01-22 14:00:00,0,0.415009,0
2019-01-22 18:00:00,0,0.415009,0
2019-01-22 22:00:00,0,0.415009,0
2019-01-23 02:00:00,0,0.415009,0
2019-01-23 06:00:00,0,0.415009,0
2019-01-23 10:00:00,0,0.415009,0
2019-01-23 14:00:00,1,0.415009,0
2019-01-23 18:00:00,0,0.415009,0
2019-01-23 22:00:00,1,0.415009,0
2019-01-24 02:00:00,1,0.415009,0
2019-01-24 06:00:00,0,0.415009,0
2019-01-24 10:00:00,0,0.415009,0
2019-01-24 14:00:00,0,0.415009,0
2019-01-24 18:00:00,0,0.415009,0
2019-01-24 22:00:00,0,0.415009,0
2019-01-25 02:00:00,0,0.415009,0
2019-01-25 06:00:00,0,0.415009,0
2019-01-25 10:00:00,0,0.415009,0
2019-01-25 14:00:00,0,0.415009,0
2019-01-25 18:00:00,0,0.415009,0
2019-01-27 22:00:00,0,0.415009,0
2019-01-28 02:00:00,0,0.415009,0
2019-01-28 06:00:00,0,0.415009,0
2019-01-28 10:00:00,0,0.415009,0
2019-01-28 14:00:00,0,0.415009,0
2019-01-28 18:00:00,0,0.415009,0
2019-01-28 22:00:00,0,0.415009,0
2019-01-29 02:00:00,0,0.415009,0
2019-01-29 06:00:00,1,0.415009,0
2019-01-29 10:00:00,0,0.415009,0
2019-01-29 14:00:00,0,0.415009,0
2019-01-29 18:00:00,0,0.415009,0
2019-01-29 22:00:00,0,0.415009,0
2019-01-30 02:00:00,1,0.415009,0
2019-01-30 06:00:00,0,0.415009,0
2019-01-30 10:00:00,0,0.415009,0
2019-01-30 14:00:00,0,0.415009,0
2019-01-30 18:00:00,0,0.415009,0
2019-01-30 22:00:00,0,0.415009,0
2019-01-31 02:00:00,1,0.415009,0
2019-01-31 06:00:00,0,0.415009,0
2019-01-31 10:00:00,1,0.415009,0
2019-01-31 14:00:00,0,0.415009,0
2019-01-31 18:00:00,0,0.415009,0
2019-01-31 22:00:00,0,0.415009,0
2019-02-01 02:00:00,0,0.415009,0
2019-02-01 06:00:00,0,0.415009,0
2019-02-01 10:00:00,0,0.415009,0
2019-02-01 14:00:00,1,0.415009,0
2019-02-01 18:00:00,1,0.415009,0
2019-02-03 22:00:00,1,0.415009,0
2019-02-04 02:00:00,0,0.415009,0
2019-02-04 06:00:00,1,0.415009,0
2019-02-04 10:00:00,1,0.415009,0
2019-02-04 14:00:00,0,0.415009,0
2019-02-04 18:00:00,1,0.415009,0
2019-02-04 22:00:00,1,0.415009,0
2019-02-05 02:00:00,1,0.415009,0
2019-02-05 06:00:00,0,0.415009,0
2019-02-05 10:00:00,1,0.415009,0
2019-02-05 14:00:00,1,0.415009,0
2019-02-05 18:00:00,1,0.415009,0
2019-02-05 22:00:00,1,0.415009,0
2019-02-06 02:00:00,1,0.415009,0
2019-02-06 06:00:00,0,0.415009,0
2019-02-06 10:00:00,1,0.415009,0
2019-02-06 14:00:00,1,0.415009,0
2019-02-06 18:00:00,1,0.415009,0
2019-02-06 22:00:00,1,0.415009,0
2019-02-07 02:00:00,1,0.415009,0
2019-02-07 06:00:00,0,0.415009,0
2019-02-07 10:00:00,0,0.415009,0
2019-02-07 14:00:00,1,0.415009,0
2019-02-07 18:00:00,0,0.415009,0
2019-02-07 22:00:00,0,0.415009,0
2019-02-08 02:00:00,0,0.415009,0
2019-02-08 06:00:00,0,0.415009,0
2019-02-08 10:00:00,1,0.415009,0
2019-02-08 14:00:00,1,0.415009,0
2019-02-08 18:00:00,1,0.415009,0
2019-02-10 22:00:00,1,0.415009,0
2019-02-11 02:00:00,1,0.415009,0
2019-02-11 06:00:00,0,0.415009,0
2019-02-11 10:00:00,1,0.415009,0
2019-02-11 14:00:00,0,0.415009,0
2019-02-11 18:00:00,0,0.415009,0
2019-02-11 22:00:00,0,0.415009,0
2019-02-12 02:00:00,0,0.415009,0
2019-02-12 06:00:00,0,0.415009,0
2019-02-12 10:00:00,0,0.415009,0
2019-02-12 14:00:00,0,0.415009,0
2019-02-12 18:00:00,0,0.415009,0
2019-02-12 22:00:00,1,0.415009,0
2019-02-13 02:00:00,1,0.415009,0
2019-02-13 06:00:00,0,0.415009,0
2019-02-13 10:00:00,0,0.415009,0
2019-02-13 14:00:00,0,0.415009,0
2019-02-13 18:00:00,0,0.415009,0
2019-02-13 22:00:00,0,0.415009,0
2019-02-14 02:00:00,0,0.415009,0
2019-02-14 06:00:00,0,0.415009,0
2019-02-14 10:00:00,1,0.415009,0
2019-02-14 14:00:00,1,0.415009,0
2019-02-14 18:00:00,1,0.415009,0
2019-02-14 22:00:00,1,0.415009,0
2019-02-15 02:00:00,1,0.415009,0
2019-02-15 06:00:00,1,0.415009,0
2019-02-15 10:00:00,0,0.415009,0
2019-02-15 14:00:00,0,0.415009,0
2019-02-15 18:00:00,0,0.415009,0
2019-02-17 22:00:00,0,0.415009,0
2019-02-18 02:00:00,0,0.415009,0
2019-02-18 06:00:00,0,0.415009,0
2019-02-18 10:00:00,1,0.415009,0
2019-02-18 14:00:00,0,0.415009,0
2019-02-18 18:00:00,0,0.415009,0
2019-02-18 22:00:00,0,0.415009,0
2019-02-19 02:00:00,0,0.415009,0
2019-02-19 06:00:00,0,0.415009,0
2019-02-19 10:00:00,0,0.415009,0
2019-02-19 14:00:00,0,0.415009,0
2019-02-19 18:00:00,0,0.415009,0
2019-02-19 22:00:00,0,0.415009,0
2019-02-20 02:00:00,0,0.415009,0
2019-02-20 06:00:00,0,0.415009,0
2019-02-20 10:00:00,0,0.415009,0
2019-02-20 14:00:00,1,0.415009,0
2019-02-20 18:00:00,0,0.415009,0
2019-02-20 22:00:00,0,0.415009,0
2019-02-21 02:00:00,0,0.415009,0
2019-02-21 06:00:00,0,0.415009,0
2019-02-21 10:00:00,1,0.415009,0
2019-02-21 14:00:00,0,0.415009,0
2019-02-21 18:00:00,0,0.415009,0
2019-02-21 22:00:00,0,0.415009,0
2019-02-22 02:00:00,0,0.415009,0
2019-02-22 06:00:00,0,0.415009,0
2019-02-22 10:00:00,0,0.415009,0
2019-02-22 14:00:00,0,0.415009,0
2019-02-22 18:00:00,0,0.415009,0
2019-02-24 22:00:00,0,0.415009,0
2019-02-25 02:00:00,0,0.415009,0
2019-02-25 06:00:00,0,0.415009,0
2019-02-25 10:00:00,0,0.415009,0
2019-02-25 14:00:00,0,0.415009,0
2019-02-25 18:00:00,0,0.415009,0
2019-02-25 22:00:00,0,0.415009,0
2019-02-26 02:00:00,0,0.415009,0
2019-02-26 06:00:00,0,0.415009,0
2019-02-26 10:00:00,0,0.415009,0
2019-02-26 14:00:00,0,0.415009,0
2019-02-26 18:00:00,0,0.415009,0
2019-02-26 22:00:00,0,0.415009,0
2019-02-27 02:00:00,0,0.415009,0
2019-02-27 06:00:00,1,0.415009,0
2019-02-27 10:00:00,0,0.415009,0
2019-02-27 14:00:00,0,0.415009,0
2019-02-27 18:00:00,0,0.415009,0
2019-02-27 22:00:00,0,0.415009,0
2019-02-28 02:00:00,0,0.415009,0
2019-02-28 06:00:00,0,0.415009,0
2019-02-28 10:00:00,0,0.415009,0
2019-02-28 14:00:00,1,0.415009,0
2019-02-28 18:00:00,0,0.415009,0
2019-02-28 22:00:00,0,0.415009,0
2019-03-01 02:00:00,0,0.415009,0
2019-03-01 06:00:00,0,0.415009,0
2019-03-01 10:00:00,0,0.415009,0
2019-03-01 14:00:00,0,0.415009,0
2019-03-01 18:00:00,0,0.415009,0
2019-03-03 22:00:00,1,0.415009,0
2019-03-04 02:00:00,1,0.415009,0
2019-03-04 06:00:00,1,0.415009,0
2019-03-04 10:00:00,1,0.415009,0
2019-03-04 14:00:00,0,0.415009,0
2019-03-04 18:00:00,1,0.415009,0
2019-03-04 22:00:00,1,0.415009,0
2019-03-05 02:00:00,0,0.415009,0
2019-03-05 06:00:00,0,0.415009,0
2019-03-05 10:00:00,1,0.415009,0
2019-03-05 14:00:00,0,0.415009,0
2019-03-05 18:00:00,0,0.415009,0
2019-03-05 22:00:00,0,0.415009,0
2019-03-06 02:00:00,0,0.415009,0
2019-03-06 06:00:00,0,0.415009,0
2019-03-06 10:00:00,0,0.415009,0
2019-03-06 14:00:00,0,0.415009,0
2019-03-06 18:00:00,0,0.415009,0
2019-03-06 22:00:00,0,0.415009,0
2019-03-07 02:00:00,0,0.415009,0
2019-03-07 06:00:00,0,0.415009,0
2019-03-07 10:00:00,1,0.415009,0
2019-03-07 14:00:00,1,0.415009,0
2019-03-07 18:00:00,0,0.415009,0
2019-03-07 22:00:00,0,0.415009,0
2019-03-08 02:00:00,0,0.415009,0
2019-03-08 06:00:00,0,0.415009,0
2019-03-08 10:00:00,0,0.415009,0
2019-03-08 14:00:00,0,0.415009,0
2019-03-08 18:00:00,0,0.415009,0
2019-03-10 21:00:00,0,0.415009,0
2019-03-11 01:00:00,0,0.415009,0
2019-03-11 05:00:00,0,0.415009,0
2019-03-11 09:00:00,0,0.415009,0
2019-03-11 13:00:00,0,0.415009,0
2019-03-11 17:00:00,0,0.415009,0
2019-03-11 21:00:00,0,0.415009,0
2019-03-12 01:00:00,0,0.415009,0
2019-03-12 05:00:00,0,0.415009,0
2019-03-12 09:00:00,0,0.415009,0
2019-03-12 13:00:00,0,0.415009,0
2019-03-12 17:00:00,0,0.415009,0
2019-03-12 21:00:00,0,0.415009,0
2019-03-13 01:00:00,0,0.415009,0
2019-03-13 05:00:00,0,0.415009,0
2019-03-13 09:00:00,0,0.415009,0
2019-03-13 13:00:00,0,0.415009,0
2019-03-13 17:00:00,0,0.415009,0
2019-03-13 21:00:00,1,0.415009,0
2019-03-14 01:00:00,0,0.415009,0
2019-03-14 05:00:00,1,0.415009,0
2019-03-14 09:00:00,0,0.415009,0
2019-03-14 13:00:00,0,0.415009,0
2019-03-14 17:00:00,0,0.415009,0
2019-03-14 21:00:00,0,0.415009,0
2019-03-15 01:00:00,0,0.415009,0
2019-03-15 05:00:00,1,0.415009,0
2019-03-15 09:00:00,0,0.415009,0
2019-03-15 13:00:00,0,0.415009,0
2019-03-15 17:00:00,0,0.415009,0
2019-03-17 21:00:00,0,0.415009,0
2019-03-18 01:00:00,0,0.415009,0
2019-03-18 05:00:00,0,0.415009,0
2019-03-18 09:00:00,0,0.415009,0
2019-03-18 13:00:00,0,0.415009,0
2019-03-18 17:00:00,0,0.415009,0
2019-03-18 21:00:00,0,0.415009,0
2019-03-19 01:00:00,0,0.415009,0
2019-03-19 05:00:00,0,0.415009,0
2019-03-19 09:00:00,0,0.415009,0
2019-03-19 13:00:00,0,0.415009,0
2019-03-19 17:00:00,0,0.415009,0
2019-03-19 21:00:00,0,0.415009,0
2019-03-20 01:00:00,0,0.415009,0
2019-03-20 05:00:00,0,0.415009,0
2019-03-20 09:00:00,0,0.415009,0
2019-03-20 13:00:00,0,0.415009,0
2019-03-20 17:00:00,0,0.415009,0
2019-03-20 21:00:00,1,0.415009,0
2019-03-21 01:00:00,1,0.415009,0
2019-03-21 05:00:00,1,0.415009,0
2019-03-21 09:00:00,0,0.415009,0
2019-03-21 13:00:00,0,0.415009,0
2019-03-21 17:00:00,0,0.415009,0
2019-03-21 21:00:00,0,0.415009,0
2019-03-22 01:00:00,0,0.415009,0
2019-03-22 05:00:00,0,0.415009,0
2019-03-22 09:00:00,0,0.415009,0
2019-03-22 13:00:00,0,0.415009,0
2019-03-22 17:00:00,0,0.415009,0
2019-03-24 21:00:00,0,0.415009,0
2019-03-25 01:00:00,0,0.415009,0
2019-03-25 05:00:00,0,0.415009,0
2019-03-25 09:00:00,0,0.415009,0
2019-03-25 13:00:00,0,0.415009,0
2019-03-25 17:00:00,0,0.415009,0
2019-03-25 21:00:00,1,0.415009,0
2019-03-26 01:00:00,0,0.415009,0
2019-03-26 05:00:00,0,0.415009,0
2019-03-26 09:00:00,0,0.415009,0
2019-03-26 13:00:00,1,0.415009,0
2019-03-26 17:00:00,0,0.415009,0
2019-03-26 21:00:00,0,0.415009,0
2019-03-27 01:00:00,0,0.415009,0
2019-03-27 05:00:00,0,0.415009,0
2019-03-27 09:00:00,1,0.415009,0
2019-03-27 13:00:00,1,0.415009,0
2019-03-27 17:00:00,0,0.415009,0
2019-03-27 21:00:00,0,0.415009,0
2019-03-28 01:00:00,1,0.415009,0
2019-03-28 05:00:00,1,0.415009,0
2019-03-28 09:00:00,0,0.415009,0
2019-03-28 13:00:00,0,0.415009,0
2019-03-28 17:00:00,0,0.415009,0
2019-03-28 21:00:00,0,0.415009,0
2019-03-29 01:00:00,0,0.415009,0
2019-03-29 05:00:00,0,0.415009,0
2019-03-29 09:00:00,0,0.415009,0
2019-03-29 13:00:00,0,0.415009,0
2019-03-29 17:00:00,0,0.415009,0
2019-03-31 21:00:00,0,0.415009,0
2019-04-01 01:00:00,0,0.415009,0
2019-04-01 05:00:00,1,0.415009,0
2019-04-01 09:00:00,0,0.415009,0
2019-04-01 13:00:00,0,0.415009,0
2019-04-01 17:00:00,0,0.415009,0
2019-04-01 21:00:00,0,0.415009,0
2019-04-02 01:00:00,0,0.415009,0
2019-04-02 05:00:00,0,0.415009,0
2019-04-02 09:00:00,0,0.415009,0
2019-04-02 13:00:00,0,0.415009,0
2019-04-02 17:00:00,0,0.415009,0
2019-04-02 21:00:00,0,0.415009,0
2019-04-03 01:00:00,0,0.415009,0
2019-04-03 05:00:00,0,0.415009,0
2019-04-03 09:00:00,0,0.415009,0
2019-04-03 13:00:00,1,0.415009,0
2019-04-03 17:00:00,0,0.415009,0
2019-04-03 21:00:00,1,0.415009,0
2019-04-04 01:00:00,1,0.415009,0
2019-04-04 05:00:00,0,0.415009,0
2019-04-04 09:00:00,0,0.415009,0
2019-04-04 13:00:00,0,0.415009,0
2019-04-04 17:00:00,0,0.415009,0
2019-04-04 21:00:00,0,0.415009,0
2019-04-05 01:00:00,0,0.415009,0
2019-04-05 05:00:00,0,0.415009,0
2019-04-05 09:00:00,1,0.415009,0
2019-04-05 13:00:00,0,0.415009,0
2019-04-05 17:00:00,0,0.415009,0
2019-04-07 21:00:00,0,0.415009,0
2019-04-08 01:00:00,0,0.415009,0
2019-04-08 05:00:00,0,0.415009,0
2019-04-08 09:00:00,0,0.415009,0
2019-04-08 13:00:00,0,0.415009,0
2019-04-08 17:00:00,0,0.415009,0
2019-04-08 21:00:00,0,0.415009,0
2019-04-09 01:00:00,0,0.415009,0
2019-04-09 05:00:00,1,0.415009,0
2019-04-09 09:00:00,1,0.415009,0
2019-04-09 13:00:00,0,0.415009,0
2019-04-09 17:00:00,0,0.415009,0
2019-04-09 21:00:00,0,0.415009,0
2019-04-10 01:00:00,0,0.415009,0
2019-04-10 05:00:00,0,0.415009,0
2019-04-10 09:00:00,0,0.415009,0
2019-04-10 13:00:00,0,0.415009,0
2019-04-10 17:00:00,0,0.415009,0
2019-04-10 21:00:00,0,0.415009,0
2019-04-11 01:00:00,1,0.415009,0
2019-04-11 05:00:00,1,0.415009,0
2019-04-11 09:00:00,0,0.415009,0
2019-04-11 13:00:00,0,0.415009,0
2019-04-11 17:00:00,0,0.415009,0
2019-04-11 21:00:00,0,0.415009,0
2019-04-12 01:00:00,0,0.415009,0
2019-04-12 05:00:00,0,0.415009,0
2019-04-12 09:00:00,1,0.415009,0
2019-04-12 13:00:00,0,0.415009,0
2019-04-12 17:00:00,0,0.415009,0
2019-04-14 21:00:00,0,0.415009,0
2019-04-15 01:00:00,0,0.415009,0
2019-04-15 05:00:00,1,0.415009,0
2019-04-15 09:00:00,1,0.415009,0
2019-04-15 13:00:00,1,0.415009,0
2019-04-15 17:00:00,0,0.415009,0
2019-04-15 21:00:00,1,0.415009,0
2019-04-16 01:00:00,0,0.415009,0
2019-04-16 05:00:00,1,0.415009,0
2019-04-16 09:00:00,0,0.415009,0
2019-04-16 13:00:00,0,0.415009,0
2019-04-16 17:00:00,0,0.415009,0
2019-04-16 21:00:00,0,0.415009,0
2019-04-17 01:00:00,0,0.415009,0
2019-04-17 05:00:00,1,0.415009,0
2019-04-17 09:00:00,1,0.415009,0
2019-04-17 13:00:00,1,0.415009,0
2019-04-17 17:00:00,1,0.415009,0
2019-04-17 21:00:00,1,0.415009,0
2019-04-18 01:00:00,1,0.415009,0
2019-04-18 05:00:00,1,0.415009,0
2019-04-18 09:00:00,0,0.415009,0
2019-04-18 13:00:00,0,0.415009,0
2019-04-18 17:00:00,0,0.415009,0
2019-04-18 21:00:00,0,0.415009,0
2019-04-19 01:00:00,0,0.415009,0
2019-04-19 05:00:00,0,0.415009,0
2019-04-19 09:00:00,0,0.415009,0
2019-04-19 13:00:00,0,0.415009,0
2019-04-19 17:00:00,0,0.415009,0
2019-04-21 21:00:00,0,0.415009,0
2019-04-22 01:00:00,0,0.415009,0
2019-04-22 05:00:00,0,0.415009,0
2019-04-22 09:00:00,0,0.415009,0
2019-04-22 13:00:00,1,0.415009,0
2019-04-22 17:00:00,1,0.415009,0
2019-04-22 21:00:00,0,0.415009,0
2019-04-23 01:00:00,0,0.415009,0
2019-04-23 05:00:00,0,0.415009,0
2019-04-23 09:00:00,0,0.415009,0
2019-04-23 13:00:00,0,0.415009,0
2019-04-23 17:00:00,1,0.415009,0
2019-04-23 21:00:00,1,0.415009,0
2019-04-24 01:00:00,1,0.415009,0
2019-04-24 05:00:00,1,0.415009,0
2019-04-24 09:00:00,1,0.415009,0
2019-04-24 13:00:00,1,0.415009,0
2019-04-24 17:00:00,1,0.415009,0
2019-04-24 21:00:00,0,0.415009,0
2019-04-25 01:00:00,1,0.415009,0
2019-04-25 05:00:00,0,0.415009,0
2019-04-25 09:00:00,0,0.415009,0
2019-04-25 13:00:00,0,0.415009,0
2019-04-25 17:00:00,0,0.415009,0
2019-04-25 21:00:00,0,0.415009,0
2019-04-26 01:00:00,0,0.415009,0
2019-04-26 05:00:00,0,0.415009,0
2019-04-26 09:00:00,0,0.415009,0
2019-04-26 13:00:00,0,0.415009,0
2019-04-26 17:00:00,0,0.415009,0
2019-04-28 21:00:00,0,0.415009,0
2019-04-29 01:00:00,0,0.415009,0
2019-04-29 05:00:00,0,0.415009,0
2019-04-29 09:00:00,0,0.415009,0
2019-04-29 13:00:00,0,0.415009,0
2019-04-29 17:00:00,0,0.415009,0
2019-04-29 21:00:00,0,0.415009,0
2019-04-30 01:00:00,0,0.415009,0
2019-04-30 05:00:00,0,0.415009,0
2019-04-30 09:00:00,0,0.415009,0
2019-04-30 13:00:00,0,0.415009,0
2019-04-30 17:00:00,0,0.415009,0
2019-04-30 21:00:00,0,0.415009,0
2019-05-01 01:00:00,0,0.415009,0
2019-05-01 05:00:00,0,0.415009,0
2019-05-01 09:00:00,0,0.415009,0
2019-05-01 13:00:00,0,0.415009,0
2019-05-01 17:00:00,0,0.415009,0
2019-05-01 21:00:00,0,0.415009,0
2019-05-02 01:00:00,0,0.415009,0
2019-05-02 05:00:00,1,0.415009,0
2019-05-02 09:00:00,1,0.415009,0
2019-05-02 13:00:00,0,0.415009,0
2019-05-02 17:00:00,0,0.415009,0
2019-05-02 21:00:00,0,0.415009,0
2019-05-03 01:00:00,0,0.415009,0
2019-05-03 05:00:00,0,0.415009,0
2019-05-03 09:00:00,0,0.415009,0
2019-05-03 13:00:00,0,0.415009,0
2019-05-03 17:00:00,1,0.415009,0
2019-05-05 21:00:00,0,0.415009,0
2019-05-06 01:00:00,0,0.415009,0
2019-05-06 05:00:00,0,0.415009,0
2019-05-06 09:00:00,0,0.415009,0
2019-05-06 13:00:00,0,0.415009,0
2019-05-06 17:00:00,0,0.415009,0
2019-05-06 21:00:00,0,0.415009,0
2019-05-07 01:00:00,1,0.415009,0
2019-05-07 05:00:00,0,0.415009,0
2019-05-07 09:00:00,0,0.415009,0
2019-05-07 13:00:00,0,0.415009,0
2019-05-07 17:00:00,0,0.415009,0
2019-05-07 21:00:00,0,0.415009,0
2019-05-08 01:00:00,0,0.415009,0
2019-05-08 05:00:00,0,0.415009,0
2019-05-08 09:00:00,0,0.415009,0
2019-05-08 13:00:00,0,0.415009,0
2019-05-08 17:00:00,0,0.415009,0
2019-05-08 21:00:00,0,0.415009,0
2019-05-09 01:00:00,0,0.415009,0
2019-05-09 05:00:00,0,0.415009,0
2019-05-09 09:00:00,0,0.415009,0
2019-05-09 13:00:00,0,0.415009,0
2019-05-09 17:00:00,0,0.415009,0
2019-05-09 21:00:00,0,0.415009,0
2019-05-10 01:00:00,0,0.415009,0
2019-05-10 05:00:00,0,0.415009,0
2019-05-10 09:00:00,0,0.415009,0
2019-05-10 13:00:00,0,0.415009,0
2019-05-10 17:00:00,0,0.415009,0
2019-05-12 21:00:00,0,0.415009,0
2019-05-13 01:00:00,0,0.415009,0
2019-05-13 05:00:00,0,0.415009,0
2019-05-13 09:00:00,1,0.415009,0
2019-05-13 13:00:00,1,0.415009,0
2019-05-13 17:00:00,0,0.415009,0
2019-05-13 21:00:00,1,0.415009,0
2019-05-14 01:00:00,1,0.415009,0
2019-05-14 05:00:00,1,0.415009,0
2019-05-14 09:00:00,1,0.415009,0
2019-05-14 13:00:00,1,0.415009,0
2019-05-14 17:00:00,0,0.415009,0
2019-05-14 21:00:00,0,0.415009,0
2019-05-15 01:00:00,1,0.415009,0
2019-05-15 05:00:00,1,0.415009,0
2019-05-15 09:00:00,0,0.415009,0
2019-05-15 13:00:00,0,0.415009,0
2019-05-15 17:00:00,0,0.415009,0
2019-05-15 21:00:00,0,0.415009,0
2019-05-16 01:00:00,0,0.415009,0
2019-05-16 05:00:00,1,0.415009,0
2019-05-16 09:00:00,1,0.415009,0
2019-05-16 13:00:00,1,0.415009,0
2019-05-16 17:00:00,1,0.415009,0
2019-05-16 21:00:00,1,0.415009,0
2019-05-17 01:00:00,1,0.415009,0
2019-05-17 05:00:00,1,0.415009,0
2019-05-17 09:00:00,1,0.415009,0
2019-05-17 13:00:00,0,0.415009,0
2019-05-17 17:00:00,0,0.415009,0
2019-05-19 21:00:00,0,0.415009,0
2019-05-20 01:00:00,0,0.415009,0
2019-05-20 05:00:00,0,0.415009,0
2019-05-20 09:00:00,0,0.415009,0
2019-05-20 13:00:00,1,0.415009,0
2019-05-20 17:00:00,1,0.415009,0
2019-05-20 21:00:00,0,0.415009,0
2019-05-21 01:00:00,0,0.415009,0
2019-05-21 05:00:00,0,0.415009,0
2019-05-21 09:00:00,0,0.415009,0
2019-05-21 13:00:00,0,0.415009,0
2019-05-21 17:00:00,0,0.415009,0
2019-05-21 21:00:00,0,0.415009,0
2019-05-22 01:00:00,0,0.415009,0
2019-05-22 05:00:00,0,0.415009,0
2019-05-22 09:00:00,1,0.415009,0
2019-05-22 13:00:00,1,0.415009,0
2019-05-22 17:00:00,0,0.415009,0
2019-05-22 21:00:00,0,0.415009,0
2019-05-23 01:00:00,0,0.415009,0
2019-05-23 05:00:00,0,0.415009,0
2019-05-23 09:00:00,0,0.415009,0
2019-05-23 13:00:00,0,0.415009,0
2019-05-23 17:00:00,0,0.415009,0
2019-05-23 21:00:00,0,0.415009,0
2019-05-24 01:00:00,0,0.415009,0
2019-05-24 05:00:00,0,0.415009,0
2019-05-24 09:00:00,0,0.415009,0
2019-05-24 13:00:00,0,0.415009,0
2019-05-24 17:00:00,1,0.415009,0
2019-05-26 21:00:00,1,0.415009,0
2019-05-27 01:00:00,1,0.415009,0
2019-05-27 05:00:00,1,0.415009,0
2019-05-27 09:00:00,1,0.415009,0
2019-05-27 13:00:00,1,0.415009,0
2019-05-27 17:00:00,1,0.415009,0
2019-05-27 21:00:00,1,0.415009,0
2019-05-28 01:00:00,0,0.415009,0
2019-05-28 05:00:00,1,0.415009,0
2019-05-28 09:00:00,1,0.415009,0
2019-05-28 13:00:00,1,0.415009,0
2019-05-28 17:00:00,0,0.415009,0
2019-05-28 21:00:00,1,0.415009,0
2019-05-29 01:00:00,1,0.415009,0
2019-05-29 05:00:00,1,0.415009,0
2019-05-29 09:00:00,1,0.415009,0
2019-05-29 13:00:00,0,0.415009,0
2019-05-29 17:00:00,0,0.415009,0
2019-05-29 21:00:00,0,0.415009,0
2019-05-30 01:00:00,0,0.415009,0
2019-05-30 05:00:00,0,0.415009,0
2019-05-30 09:00:00,0,0.415009,0
2019-05-30 13:00:00,0,0.415009,0
2019-05-30 17:00:00,0,0.415009,0
2019-05-30 21:00:00,0,0.415009,0
2019-05-31 01:00:00,0,0.415009,0
2019-05-31 05:00:00,0,0.415009,0
2019-05-31 09:00:00,0,0.415009,0
2019-05-31 13:00:00,0,0.415009,0
2019-05-31 17:00:00,0,0.415009,0
2019-06-02 21:00:00,0,0.415009,0
2019-06-03 01:00:00,0,0.415009,0
2019-06-03 05:00:00,0,0.415009,0
2019-06-03 09:00:00,0,0.415009,0
2019-06-03 13:00:00,0,0.415009,0
2019-06-03 17:00:00,0,0.415009,0
2019-06-03 21:00:00,0,0.415009,0
2019-06-04 01:00:00,0,0.415009,0
2019-06-04 05:00:00,0,0.415009,0
2019-06-04 09:00:00,0,0.415009,0
2019-06-04 13:00:00,0,0.415009,0
2019-06-04 17:00:00,0,0.415009,0
2019-06-04 21:00:00,0,0.415009,0
2019-06-05 01:00:00,0,0.415009,0
2019-06-05 05:00:00,0,0.415009,0
2019-06-05 09:00:00,1,0.415009,0
2019-06-05 13:00:00,0,0.415009,0
2019-06-05 17:00:00,0,0.415009,0
2019-06-05 21:00:00,0,0.415009,0
2019-06-06 01:00:00,0,0.415009,0
2019-06-06 05:00:00,0,0.415009,0
2019-06-06 09:00:00,0,0.415009,0
2019-06-06 13:00:00,1,0.415009,0
2019-06-06 17:00:00,0,0.415009,0
2019-06-06 21:00:00,0,0.415009,0
2019-06-07 01:00:00,0,0.415009,0
2019-06-07 05:00:00,0,0.415009,0
2019-06-07 09:00:00,0,0.415009,0
2019-06-07 13:00:00,1,0.415009,0
2019-06-07 17:00:00,1,0.415009,0
2019-06-09 21:00:00,1,0.415009,0
2019-06-10 01:00:00,0,0.415009,0
2019-06-10 05:00:00,0,0.415009,0
2019-06-10 09:00:00,0,0.415009,0
2019-06-10 13:00:00,0,0.415009,0
2019-06-10 17:00:00,0,0.415009,0
2019-06-10 21:00:00,0,0.415009,0
2019-06-11 01:00:00,0,0.415009,0
2019-06-11 05:00:00,0,0.415009,0
2019-06-11 09:00:00,0,0.415009,0
2019-06-11 13:00:00,0,0.415009,0
2019-06-11 17:00:00,0,0.415009,0
2019-06-11 21:00:00,0,0.415009,0
2019-06-12 01:00:00,0,0.415009,0
2019-06-12 05:00:00,1,0.415009,0
2019-06-12 09:00:00,1,0.415009,0
2019-06-12 13:00:00,1,0.415009,0
2019-06-12 17:00:00,0,0.415009,0
2019-06-12 21:00:00,0,0.415009,0
2019-06-13 01:00:00,1,0.415009,0
2019-06-13 05:00:00,1,0.415009,0
2019-06-13 09:00:00,0,0.415009,0
2019-06-13 13:00:00,0,0.415009,0
2019-06-13 17:00:00,0,0.415009,0
2019-06-13 21:00:00,0,0.415009,0
2019-06-14 01:00:00,0,0.415009,0
2019-06-14 05:00:00,1,0.415009,0
2019-06-14 09:00:00,0,0.415009,0
2019-06-14 13:00:00,0,0.415009,0
2019-06-14 17:00:00,0,0.415009,0
2019-06-16 21:00:00,0,0.415009,0
2019-06-17 01:00:00,0,0.415009,0
2019-06-17 05:00:00,0,0.415009,0
2019-06-17 09:00:00,1,0.415009,0
2019-06-17 13:00:00,0,0.415009,0
2019-06-17 17:00:00,0,0.415009,0
2019-06-17 21:00:00,0,0.415009,0
2019-06-18 01:00:00,0,0.415009,0
2019-06-18 05:00:00,0,0.415009,0
2019-06-18 09:00:00,0,0.415009,0
2019-06-18 13:00:00,0,0.415009,0
2019-06-18 17:00:00,0,0.415009,0
2019-06-18 21:00:00,0,0.415009,0
2019-06-19 01:00:00,0,0.415009,0
2019-06-19 05:00:00,0,0.415009,0
2019-06-19 09:00:00,0,0.415009,0
2019-06-19 13:00:00,0,0.415009,0
2019-06-19 17:00:00,0,0.415009,0
2019-06-19 21:00:00,0,0.415009,0
2019-06-20 01:00:00,0,0.415009,0
2019-06-20 05:00:00,0,0.415009,0
2019-06-20 09:00:00,0,0.415009,0
2019-06-20 13:00:00,0,0.415009,0
2019-06-20 17:00:00,0,0.415009,0
2019-06-20 21:00:00,0,0.415009,0
2019-06-21 01:00:00,0,0.415009,0
2019-06-21 05:00:00,0,0.415009,0
2019-06-21 09:00:00,0,0.415009,0
2019-06-21 13:00:00,0,0.415009,0
2019-06-21 17:00:00,0,0.415009,0
2019-06-23 21:00:00,0,0.415009,0
2019-06-24 01:00:00,0,0.415009,0
2019-06-24 05:00:00,0,0.415009,0
2019-06-24 09:00:00,0,0.415009,0
2019-06-24 13:00:00,0,0.415009,0
2019-06-24 17:00:00,0,0.415009,0
2019-06-24 21:00:00,0,0.415009,0
2019-06-25 01:00:00,1,0.415009,0
2019-06-25 05:00:00,0,0.415009,0
2019-06-25 09:00:00,1,0.415009,0
2019-06-25 13:00:00,0,0.415009,0
2019-06-25 17:00:00,0,0.415009,0
2019-06-25 21:00:00,0,0.415009,0
2019-06-26 01:00:00,0,0.415009,0
2019-06-26 05:00:00,0,0.415009,0
2019-06-26 09:00:00,0,0.415009,0
2019-06-26 13:00:00,1,0.415009,0
2019-06-26 17:00:00,0,0.415009,0
2019-06-26 21:00:00,1,0.415009,0
2019-06-27 01:00:00,0,0.415009,0
2019-06-27 05:00:00,0,0.415009,0
2019-06-27 09:00:00,0,0.415009,0
2019-06-27 13:00:00,0,0.415009,0
2019-06-27 17:00:00,0,0.415009,0
2019-06-27 21:00:00,0,0.415009,0
2019-06-28 01:00:00,0,0.415009,0
2019-06-28 05:00:00,1,0.415009,0
2019-06-28 09:00:00,1,0.415009,0
2019-06-28 13:00:00,0,0.415009,0
2019-06-28 17:00:00,1,0.415009,0
2019-06-30 21:00:00,1,0.415009,0
2019-07-01 01:00:00,0,0.415009,0
2019-07-01 05:00:00,0,0.415009,0
2019-07-01 09:00:00,1,0.415009,0
2019-07-01 13:00:00,0,0.415009,0
2019-07-01 17:00:00,0,0.415009,0
2019-07-01 21:00:00,0,0.415009,0
2019-07-02 01:00:00,0,0.415009,0
2019-07-02 05:00:00,0,0.415009,0
2019-07-02 09:00:00,0,0.415009,0
2019-07-02 13:00:00,1,0.415009,0
2019-07-02 17:00:00,0,0.415009,0
2019-07-02 21:00:00,0,0.415009,0
2019-07-03 01:00:00,0,0.415009,0
2019-07-03 05:00:00,0,0.415009,0
2019-07-03 09:00:00,0,0.415009,0
2019-07-03 13:00:00,0,0.415009,0
2019-07-03 17:00:00,0,0.415009,0
2019-07-03 21:00:00,1,0.415009,0
2019-07-04 01:00:00,1,0.415009,0
2019-07-04 05:00:00,0,0.415009,0
2019-07-04 09:00:00,1,0.415009,0
2019-07-04 13:00:00,1,0.415009,0
2019-07-04 17:00:00,1,0.415009,0
2019-07-04 21:00:00,1,0.415009,0
2019-07-05 01:00:00,1,0.415009,0
2019-07-05 05:00:00,1,0.415009,0
2019-07-05 09:00:00,1,0.415009,0
2019-07-05 13:00:00,0,0.415009,0
2019-07-05 17:00:00,1,0.415009,0
2019-07-07 21:00:00,0,0.415009,0
2019-07-08 01:00:00,1,0.415009,0
2019-07-08 05:00:00,1,0.415009,0
2019-07-08 09:00:00,1,0.415009,0
2019-07-08 13:00:00,0,0.415009,0
2019-07-08 17:00:00,0,0.415009,0
2019-07-08 21:00:00,0,0.415009,0
2019-07-09 01:00:00,0,0.415009,0
2019-07-09 05:00:00,0,0.415009,0
2019-07-09 09:00:00,0,0.415009,0
2019-07-09 13:00:00,0,0.415009,0
2019-07-09 17:00:00,0,0.415009,0
2019-07-09 21:00:00,0,0.415009,0
2019-07-10 01:00:00,0,0.415009,0
2019-07-10 05:00:00,0,0.415009,0
2019-07-10 09:00:00,0,0.415009,0
2019-07-10 13:00:00,0,0.415009,0
2019-07-10 17:00:00,0,0.415009,0
2019-07-10 21:00:00,0,0.415009,0
2019-07-11 01:00:00,0,0.415009,0
2019-07-11 05:00:00,0,0.415009,0
2019-07-11 09:00:00,1,0.415009,0
2019-07-11 13:00:00,0,0.415009,0
2019-07-11 17:00:00,0,0.415009,0
2019-07-11 21:00:00,0,0.415009,0
2019-07-12 01:00:00,1,0.415009,0
2019-07-12 05:00:00,0,0.415009,0
2019-07-12 09:00:00,0,0.415009,0
2019-07-12 13:00:00,0,0.415009,0
2019-07-12 17:00:00,0,0.415009,0
2019-07-14 21:00:00,0,0.415009,0
2019-07-15 01:00:00,0,0.415009,0
2019-07-15 05:00:00,0,0.415009,0
2019-07-15 09:00:00,1,0.415009,0
2019-07-15 13:00:00,1,0.415009,0
2019-07-15 17:00:00,1,0.415009,0
2019-07-15 21:00:00,1,0.415009,0
2019-07-16 01:00:00,1,0.415009,0
2019-07-16 05:00:00,1,0.415009,0
2019-07-16 09:00:00,0,0.415009,0
2019-07-16 13:00:00,0,0.415009,0
2019-07-16 17:00:00,0,0.415009,0
2019-07-16 21:00:00,0,0.415009,0
2019-07-17 01:00:00,0,0.415009,0
2019-07-17 05:00:00,0,0.415009,0
2019-07-17 09:00:00,0,0.415009,0
2019-07-17 13:00:00,0,0.415009,0
2019-07-17 17:00:00,0,0.415009,0
2019-07-17 21:00:00,1,0.415009,0
2019-07-18 01:00:00,1,0.415009,0
2019-07-18 05:00:00,1,0.415009,0
2019-07-18 09:00:00,0,0.415009,0
2019-07-18 13:00:00,0,0.415009,0
2019-07-18 17:00:00,1,0.415009,0
2019-07-18 21:00:00,1,0.415009,0
2019-07-19 01:00:00,1,0.415009,0
2019-07-19 05:00:00,1,0.415009,0
2019-07-19 09:00:00,0,0.415009,0
2019-07-19 13:00:00,1,0.415009,0
2019-07-19 17:00:00,1,0.415009,0
2019-07-21 21:00:00,0,0.415009,0
2019-07-22 01:00:00,1,0.415009,0
2019-07-22 05:00:00,1,0.415009,0
2019-07-22 09:00:00,1,0.415009,0
2019-07-22 13:00:00,1,0.415009,0
2019-07-22 17:00:00,1,0.415009,0
2019-07-22 21:00:00,1,0.415009,0
2019-07-23 01:00:00,1,0.415009,0
2019-07-23 05:00:00,1,0.415009,0
2019-07-23 09:00:00,1,0.415009,0
2019-07-23 13:00:00,1,0.415009,0
2019-07-23 17:00:00,1,0.415009,0
2019-07-23 21:00:00,1,0.415009,0
2019-07-24 01:00:00,0,0.415009,0
2019-07-24 05:00:00,0,0.415009,0
2019-07-24 09:00:00,0,0.415009,0
2019-07-24 13:00:00,0,0.415009,0
2019-07-24 17:00:00,0,0.415009,0
2019-07-24 21:00:00,0,0.415009,0
2019-07-25 01:00:00,0,0.415009,0
2019-07-25 05:00:00,0,0.415009,0
2019-07-25 09:00:00,0,0.415009,0
2019-07-25 13:00:00,0,0.415009,0
2019-07-25 17:00:00,1,0.415009,0
2019-07-25 21:00:00,1,0.415009,0
2019-07-26 01:00:00,1,0.415009,0
2019-07-26 05:00:00,0,0.415009,0
2019-07-26 09:00:00,0,0.415009,0
2019-07-26 13:00:00,0,0.415009,0
2019-07-26 17:00:00,0,0.415009,0
2019-07-28 21:00:00,0,0.415009,0
2019-07-29 01:00:00,0,0.415009,0
2019-07-29 05:00:00,0,0.415009,0
2019-07-29 09:00:00,0,0.415009,0
2019-07-29 13:00:00,0,0.415009,0
2019-07-29 17:00:00,0,0.415009,0
2019-07-29 21:00:00,0,0.415009,0
2019-07-30 01:00:00,0,0.415009,0
2019-07-30 05:00:00,0,0.415009,0
2019-07-30 09:00:00,1,0.415009,0
2019-07-30 13:00:00,0,0.415009,0
2019-07-30 17:00:00,1,0.415009,0
2019-07-30 21:00:00,1,0.415009,0
2019-07-31 01:00:00,1,0.415009,0
2019-07-31 05:00:00,1,0.415009,0
2019-07-31 09:00:00,1,0.415009,0
2019-07-31 13:00:00,0,0.415009,0
2019-07-31 17:00:00,1,0.415009,0
2019-07-31 21:00:00,0,0.415009,0
2019-08-01 01:00:00,1,0.415009,0
2019-08-01 05:00:00,0,0.415009,0
2019-08-01 09:00:00,0,0.415009,0
2019-08-01 13:00:00,0,0.415009,0
2019-08-01 17:00:00,0,0.415009,0
2019-08-01 21:00:00,0,0.415009,0
2019-08-02 01:00:00,0,0.415009,0
2019-08-02 05:00:00,0,0.415009,0
2019-08-02 09:00:00,0,0.415009,0
2019-08-02 13:00:00,0,0.415009,0
2019-08-02 17:00:00,0,0.415009,0
2019-08-04 21:00:00,0,0.415009,0
2019-08-05 01:00:00,0,0.415009,0
2019-08-05 05:00:00,0,0.415009,0
2019-08-05 09:00:00,0,0.415009,0
2019-08-05 13:00:00,0,0.415009,0
2019-08-05 17:00:00,0,0.415009,0
2019-08-05 21:00:00,1,0.415009,0
2019-08-06 01:00:00,0,0.415009,0
2019-08-06 05:00:00,1,0.415009,0
2019-08-06 09:00:00,0,0.415009,0
2019-08-06 13:00:00,0,0.415009,0
2019-08-06 17:00:00,0,0.415009,0
2019-08-06 21:00:00,0,0.415009,0
2019-08-07 01:00:00,1,0.415009,0
2019-08-07 05:00:00,0,0.415009,0
2019-08-07 09:00:00,0,0.415009,0
2019-08-07 13:00:00,1,0.415009,0
2019-08-07 17:00:00,0,0.415009,0
2019-08-07 21:00:00,0,0.415009,0
2019-08-08 01:00:00,0,0.415009,0
2019-08-08 05:00:00,0,0.415009,0
2019-08-08 09:00:00,0,0.415009,0
2019-08-08 13:00:00,1,0.415009,0
2019-08-08 17:00:00,0,0.415009,0
2019-08-08 21:00:00,0,0.415009,0
2019-08-09 01:00:00,0,0.415009,0
2019-08-09 05:00:00,0,0.415009,0
2019-08-09 09:00:00,0,0.415009,0
2019-08-09 13:00:00,1,0.415009,0
2019-08-09 17:00:00,1,0.415009,0
2019-08-11 21:00:00,1,0.415009,0
2019-08-12 01:00:00,1,0.415009,0
2019-08-12 05:00:00,0,0.415009,0
2019-08-12 09:00:00,0,0.415009,0
2019-08-12 13:00:00,0,0.415009,0
2019-08-12 17:00:00,1,0.415009,0
2019-08-12 21:00:00,0,0.415009,0
2019-08-13 01:00:00,0,0.415009,0
2019-08-13 05:00:00,0,0.415009,0
2019-08-13 09:00:00,1,0.415009,0
2019-08-13 13:00:00,0,0.415009,0
2019-08-13 17:00:00,0,0.415009,0
2019-08-13 21:00:00,0,0.415009,0
2019-08-14 01:00:00,0,0.415009,0
2019-08-14 05:00:00,0,0.415009,0
2019-08-14 09:00:00,1,0.415009,0
2019-08-14 13:00:00,0,0.415009,0
2019-08-14 17:00:00,0,0.415009,0
2019-08-14 21:00:00,0,0.415009,0
2019-08-15 01:00:00,1,0.415009,0
2019-08-15 05:00:00,0,0.415009,0
2019-08-15 09:00:00,1,0.415009,0
2019-08-15 13:00:00,0,0.415009,0
2019-08-15 17:00:00,1,0.415009,0
2019-08-15 21:00:00,1,0.415009,0
2019-08-16 01:00:00,1,0.415009,0
2019-08-16 05:00:00,0,0.415009,0
2019-08-16 09:00:00,0,0.415009,0
2019-08-16 13:00:00,0,0.415009,0
2019-08-16 17:00:00,0,0.415009,0
2019-08-18 21:00:00,0,0.415009,0
2019-08-19 01:00:00,0,0.415009,0
2019-08-19 05:00:00,0,0.415009,0
2019-08-19 09:00:00,1,0.415009,0
2019-08-19 13:00:00,0,0.415009,0
2019-08-19 17:00:00,0,0.415009,0
2019-08-19 21:00:00,0,0.415009,0
2019-08-20 01:00:00,0,0.415009,0
2019-08-20 05:00:00,0,0.415009,0
2019-08-20 09:00:00,0,0.415009,0
2019-08-20 13:00:00,0,0.415009,0
2019-08-20 17:00:00,0,0.415009,0
2019-08-20 21:00:00,0,0.415009,0
2019-08-21 01:00:00,0,0.415009,0
2019-08-21 05:00:00,0,0.415009,0
2019-08-21 09:00:00,1,0.415009,0
2019-08-21 13:00:00,1,0.415009,0
2019-08-21 17:00:00,0,0.415009,0
2019-08-21 21:00:00,0,0.415009,0
2019-08-22 01:00:00,0,0.415009,0
2019-08-22 05:00:00,1,0.415009,0
2019-08-22 09:00:00,0,0.415009,0
2019-08-22 13:00:00,0,0.415009,0
2019-08-22 17:00:00,0,0.415009,0
2019-08-22 21:00:00,0,0.415009,0
2019-08-23 01:00:00,0,0.415009,0
2019-08-23 05:00:00,0,0.415009,0
2019-08-23 09:00:00,0,0.415009,0
2019-08-23 13:00:00,0,0.415009,0
2019-08-23 17:00:00,0,0.415009,0
2019-08-25 21:00:00,0,0.415009,0
2019-08-26 01:00:00,0,0.415009,0
2019-08-26 05:00:00,0,0.415009,0
2019-08-26 09:00:00,0,0.415009,0
2019-08-26 13:00:00,1,0.415009,0
2019-08-26 17:00:00,0,0.415009,0
2019-08-26 21:00:00,0,0.415009,0
2019-08-27 01:00:00,0,0.415009,0
2019-08-27 05:00:00,1,0.415009,0
2019-08-27 09:00:00,1,0.415009,0
2019-08-27 13:00:00,1,0.415009,0
2019-08-27 17:00:00,1,0.415009,0
2019-08-27 21:00:00,0,0.415009,0
2019-08-28 01:00:00,0,0.415009,0
2019-08-28 05:00:00,1,0.415009,0
2019-08-28 09:00:00,0,0.415009,0
2019-08-28 13:00:00,0,0.415009,0
2019-08-28 17:00:00,0,0.415009,0
2019-08-28 21:00:00,1,0.415009,0
2019-08-29 01:00:00,0,0.415009,0
2019-08-29 05:00:00,0,0.415009,0
2019-08-29 09:00:00,0,0.415009,0
2019-08-29 13:00:00,1,0.415009,0
2019-08-29 17:00:00,1,0.415009,0
2019-08-29 21:00:00,1,0.415009,0
2019-08-30 01:00:00,1,0.415009,0
2019-08-30 05:00:00,0,0.415009,0
2019-08-30 09:00:00,0,0.415009,0
2019-08-30 13:00:00,1,0.415009,0
2019-08-30 17:00:00,1,0.415009,0
2019-09-01 21:00:00,1,0.415009,0
2019-09-02 01:00:00,1,0.415009,0
2019-09-02 05:00:00,1,0.415009,0
2019-09-02 09:00:00,0,0.415009,0
2019-09-02 13:00:00,1,0.415009,0
2019-09-02 17:00:00,1,0.415009,0
2019-09-02 21:00:00,0,0.415009,0
2019-09-03 01:00:00,0,0.415009,0
2019-09-03 05:00:00,0,0.415009,0
2019-09-03 09:00:00,0,0.415009,0
2019-09-03 13:00:00,0,0.415009,0
2019-09-03 17:00:00,0,0.415009,0
2019-09-03 21:00:00,0,0.415009,0
2019-09-04 01:00:00,0,0.415009,0
2019-09-04 05:00:00,0,0.415009,0
2019-09-04 09:00:00,0,0.415009,0
2019-09-04 13:00:00,0,0.415009,0
2019-09-04 17:00:00,0,0.415009,0
2019-09-04 21:00:00,0,0.415009,0
2019-09-05 01:00:00,0,0.415009,0
2019-09-05 05:00:00,0,0.415009,0
2019-09-05 09:00:00,0,0.415009,0
2019-09-05 13:00:00,0,0.415009,0
2019-09-05 17:00:00,0,0.415009,0
2019-09-05 21:00:00,0,0.415009,0
2019-09-06 01:00:00,0,0.415009,0
2019-09-06 05:00:00,0,0.415009,0
2019-09-06 09:00:00,0,0.415009,0
2019-09-06 13:00:00,0,0.415009,0
2019-09-06 17:00:00,0,0.415009,0
2019-09-08 21:00:00,0,0.415009,0
2019-09-09 01:00:00,0,0.415009,0
2019-09-09 05:00:00,0,0.415009,0
2019-09-09 09:00:00,0,0.415009,0
2019-09-09 13:00:00,1,0.415009,0
2019-09-09 17:00:00,0,0.415009,0
2019-09-09 21:00:00,0,0.415009,0
2019-09-10 01:00:00,0,0.415009,0
2019-09-10 05:00:00,0,0.415009,0
2019-09-10 09:00:00,0,0.415009,0
2019-09-10 13:00:00,0,0.415009,0
2019-09-10 17:00:00,0,0.415009,0
2019-09-10 21:00:00,1,0.415009,0
2019-09-11 01:00:00,1,0.415009,0
2019-09-11 05:00:00,1,0.415009,0
2019-09-11 09:00:00,0,0.415009,0
2019-09-11 13:00:00,0,0.415009,0
2019-09-11 17:00:00,0,0.415009,0
2019-09-11 21:00:00,0,0.415009,0
2019-09-12 01:00:00,0,0.415009,0
2019-09-12 05:00:00,0,0.415009,0
2019-09-12 09:00:00,0,0.415009,0
2019-09-12 13:00:00,0,0.415009,0
2019-09-12 17:00:00,0,0.415009,0
2019-09-12 21:00:00,0,0.415009,0
2019-09-13 01:00:00,0,0.415009,0
2019-09-13 05:00:00,0,0.415009,0
2019-09-13 09:00:00,1,0.415009,0
2019-09-13 13:00:00,0,0.415009,0
2019-09-13 17:00:00,0,0.415009,0
2019-09-15 21:00:00,1,0.415009,0
2019-09-16 01:00:00,1,0.415009,0
2019-09-16 05:00:00,0,0.415009,0
2019-09-16 09:00:00,1,0.415009,0
2019-09-16 13:00:00,0,0.415009,0
2019-09-16 17:00:00,0,0.415009,0
2019-09-16 21:00:00,0,0.415009,0
2019-09-17 01:00:00,0,0.415009,0
2019-09-17 05:00:00,0,0.415009,0
2019-09-17 09:00:00,0,0.415009,0
2019-09-17 13:00:00,1,0.415009,0
2019-09-17 17:00:00,1,0.415009,0
2019-09-17 21:00:00,1,0.415009,0
2019-09-18 01:00:00,1,0.415009,0
2019-09-18 05:00:00,0,0.415009,0
2019-09-18 09:00:00,0,0.415009,0
2019-09-18 13:00:00,1,0.415009,0
2019-09-18 17:00:00,0,0.415009,0
2019-09-18 21:00:00,0,0.415009,0
2019-09-19 01:00:00,0,0.415009,0
2019-09-19 05:00:00,0,0.415009,0
2019-09-19 09:00:00,1,0.415009,0
2019-09-19 13:00:00,0,0.415009,0
2019-09-19 17:00:00,0,0.415009,0
2019-09-19 21:00:00,0,0.415009,0
2019-09-20 01:00:00,1,0.415009,0
2019-09-20 05:00:00,1,0.415009,0
2019-09-20 09:00:00,1,0.415009,0
2019-09-20 13:00:00,0,0.415009,0
2019-09-20 17:00:00,1,0.415009,0
2019-09-22 21:00:00,1,0.415009,0
2019-09-23 01:00:00,1,0.415009,0
2019-09-23 05:00:00,0,0.415009,0
2019-09-23 09:00:00,0,0.415009,0
2019-09-23 13:00:00,0,0.415009,0
2019-09-23 17:00:00,0,0.415009,0
2019-09-23 21:00:00,0,0.415009,0
2019-09-24 01:00:00,0,0.415009,0
2019-09-24 05:00:00,0,0.415009,0
2019-09-24 09:00:00,0,0.415009,0
2019-09-24 13:00:00,0,0.415009,0
2019-09-24 17:00:00,1,0.415009,0
2019-09-24 21:00:00,1,0.415009,0
2019-09-25 01:00:00,1,0.415009,0
2019-09-25 05:00:00,1,0.415009,0
2019-09-25 09:00:00,1,0.415009,0
2019-09-25 13:00:00,0,0.415009,0
2019-09-25 17:00:00,0,0.415009,0
2019-09-25 21:00:00,0,0.415009,0
2019-09-26 01:00:00,1,0.415009,0
2019-09-26 05:00:00,0,0.415009,0
2019-09-26 09:00:00,0,0.415009,0
2019-09-26 13:00:00,0,0.415009,0
2019-09-26 17:00:00,0,0.415009,0
2019-09-26 21:00:00,0,0.415009,0
2019-09-27 01:00:00,0,0.415009,0
2019-09-27 05:00:00,0,0.415009,0
2019-09-27 09:00:00,0,0.415009,0
2019-09-27 13:00:00,1,0.415009,0
2019-09-27 17:00:00,1,0.415009,0
2019-09-29 21:00:00,0,0.415009,0
2019-09-30 01:00:00,0,0.415009,0
2019-09-30 05:00:00,1,0.415009,0
2019-09-30 09:00:00,0,0.415009,0
2019-09-30 13:00:00,0,0.415009,0
2019-09-30 17:00:00,0,0.415009,0
2019-09-30 21:00:00,0,0.415009,0
2019-10-01 01:00:00,0,0.415009,0
2019-10-01 05:00:00,0,0.415009,0
2019-10-01 09:00:00,0,0.415009,0
2019-10-01 13:00:00,1,0.415009,0
2019-10-01 17:00:00,1,0.415009,0
2019-10-01 21:00:00,1,0.415009,0
2019-10-02 01:00:00,1,0.415009,0
2019-10-02 05:00:00,0,0.415009,0
2019-10-02 09:00:00,0,0.415009,0
2019-10-02 13:00:00,0,0.415009,0
2019-10-02 17:00:00,0,0.415009,0
2019-10-02 21:00:00,0,0.415009,0
2019-10-03 01:00:00,0,0.415009,0
2019-10-03 05:00:00,0,0.415009,0
2019-10-03 09:00:00,0,0.415009,0
2019-10-03 13:00:00,0,0.415009,0
2019-10-03 17:00:00,0,0.415009,0
2019-10-03 21:00:00,0,0.415009,0
2019-10-04 01:00:00,0,0.415009,0
2019-10-04 05:00:00,0,0.415009,0
2019-10-04 09:00:00,0,0.415009,0
2019-10-04 13:00:00,1,0.415009,0
2019-10-04 17:00:00,0,0.415009,0
2019-10-06 21:00:00,1,0.415009,0
2019-10-07 01:00:00,0,0.415009,0
2019-10-07 05:00:00,0,0.415009,0
2019-10-07 09:00:00,1,0.415009,0
2019-10-07 13:00:00,0,0.415009,0
2019-10-07 17:00:00,0,0.415009,0
2019-10-07 21:00:00,0,0.415009,0
2019-10-08 01:00:00,0,0.415009,0
2019-10-08 05:00:00,1,0.415009,0
2019-10-08 09:00:00,1,0.415009,0
2019-10-08 13:00:00,0,0.415009,0
2019-10-08 17:00:00,0,0.415009,0
2019-10-08 21:00:00,0,0.415009,0
2019-10-09 01:00:00,0,0.415009,0
2019-10-09 05:00:00,0,0.415009,0
2019-10-09 09:00:00,0,0.415009,0
2019-10-09 13:00:00,0,0.415009,0
2019-10-09 17:00:00,0,0.415009,0
2019-10-09 21:00:00,0,0.415009,0
2019-10-10 01:00:00,0,0.415009,0
2019-10-10 05:00:00,0,0.415009,0
2019-10-10 09:00:00,0,0.415009,0
2019-10-10 13:00:00,0,0.415009,0
2019-10-10 17:00:00,0,0.415009,0
2019-10-10 21:00:00,0,0.415009,0
2019-10-11 01:00:00,0,0.415009,0
2019-10-11 05:00:00,0,0.415009,0
2019-10-11 09:00:00,0,0.415009,0
2019-10-11 13:00:00,1,0.415009,0
2019-10-11 17:00:00,1,0.415009,0
2019-10-13 21:00:00,0,0.415009,0
2019-10-14 01:00:00,0,0.415009,0
2019-10-14 05:00:00,0,0.415009,0
2019-10-14 09:00:00,0,0.415009,0
2019-10-14 13:00:00,0,0.415009,0
2019-10-14 17:00:00,0,0.415009,0
2019-10-14 21:00:00,0,0.415009,0
2019-10-15 01:00:00,0,0.415009,0
2019-10-15 05:00:00,1,0.415009,0
2019-10-15 09:00:00,0,0.415009,0
2019-10-15 13:00:00,0,0.415009,0
2019-10-15 17:00:00,0,0.415009,0
2019-10-15 21:00:00,0,0.415009,0
2019-10-16 01:00:00,0,0.415009,0
2019-10-16 05:00:00,0,0.415009,0
2019-10-16 09:00:00,0,0.415009,0
2019-10-16 13:00:00,0,0.415009,0
2019-10-16 17:00:00,0,0.415009,0
2019-10-16 21:00:00,0,0.415009,0
2019-10-17 01:00:00,0,0.415009,0
2019-10-17 05:00:00,0,0.415009,0
2019-10-17 09:00:00,0,0.415009,0
2019-10-17 13:00:00,0,0.415009,0
2019-10-17 17:00:00,0,0.415009,0
2019-10-17 21:00:00,0,0.415009,0
2019-10-18 01:00:00,0,0.415009,0
2019-10-18 05:00:00,0,0.415009,0
2019-10-18 09:00:00,0,0.415009,0
2019-10-18 13:00:00,0,0.415009,0
2019-10-18 17:00:00,1,0.415009,0
2019-10-20 21:00:00,0,0.415009,0
2019-10-21 01:00:00,0,0.415009,0
2019-10-21 05:00:00,1,0.415009,0
2019-10-21 09:00:00,1,0.415009,0
2019-10-21 13:00:00,1,0.415009,0
2019-10-21 17:00:00,1,0.415009,0
2019-10-21 21:00:00,1,0.415009,0
2019-10-22 01:00:00,1,0.415009,0
2019-10-22 05:00:00,0,0.415009,0
2019-10-22 09:00:00,0,0.415009,0
2019-10-22 13:00:00,0,0.415009,0
2019-10-22 17:00:00,0,0.415009,0
2019-10-22 21:00:00,0,0.415009,0
2019-10-23 01:00:00,0,0.415009,0
2019-10-23 05:00:00,0,0.415009,0
2019-10-23 09:00:00,0,0.415009,0
2019-10-23 13:00:00,0,0.415009,0
2019-10-23 17:00:00,0,0.415009,0
2019-10-23 21:00:00,0,0.415009,0
2019-10-24 01:00:00,0,0.415009,0
2019-10-24 05:00:00,0,0.415009,0
2019-10-24 09:00:00,1,0.415009,0
2019-10-24 13:00:00,0,0.415009,0
2019-10-24 17:00:00,0,0.415009,0
2019-10-24 21:00:00,0,0.415009,0
2019-10-25 01:00:00,0,0.415009,0
2019-10-25 05:00:00,1,0.415009,0
2019-10-25 09:00:00,1,0.415009,0
2019-10-25 13:00:00,0,0.415009,0
2019-10-25 17:00:00,0,0.415009,0
2019-10-27 21:00:00,0,0.415009,0
2019-10-28 01:00:00,0,0.415009,0
2019-10-28 05:00:00,0,0.415009,0
2019-10-28 09:00:00,0,0.415009,0
2019-10-28 13:00:00,1,0.415009,0
2019-10-28 17:00:00,1,0.415009,0
2019-10-28 21:00:00,0,0.415009,0
2019-10-29 01:00:00,0,0.415009,0
2019-10-29 05:00:00,0,0.415009,0
2019-10-29 09:00:00,0,0.415009,0
2019-10-29 13:00:00,0,0.415009,0
2019-10-29 17:00:00,0,0.415009,0
2019-10-29 21:00:00,0,0.415009,0
2019-10-30 01:00:00,0,0.415009,0
2019-10-30 05:00:00,0,0.415009,0
2019-10-30 09:00:00,0,0.415009,0
2019-10-30 13:00:00,0,0.415009,0
2019-10-30 17:00:00,0,0.415009,0
2019-10-30 21:00:00,0,0.415009,0
2019-10-31 01:00:00,0,0.415009,0
2019-10-31 05:00:00,1,0.415009,0
2019-10-31 09:00:00,0,0.415009,0
2019-10-31 13:00:00,0,0.415009,0
2019-10-31 17:00:00,0,0.415009,0
2019-10-31 21:00:00,0,0.415009,0
2019-11-01 01:00:00,1,0.415009,0
2019-11-01 05:00:00,1,0.415009,0
2019-11-01 09:00:00,0,0.415009,0
2019-11-01 13:00:00,1,0.415009,0
2019-11-01 17:00:00,1,0.415009,0
2019-11-03 22:00:00,1,0.415009,0
2019-11-04 02:00:00,1,0.415009,0
2019-11-04 06:00:00,1,0.415009,0
2019-11-04 10:00:00,1,0.415009,0
2019-11-04 14:00:00,1,0.415009,0
2019-11-04 18:00:00,0,0.415009,0
2019-11-04 22:00:00,0,0.415009,0
2019-11-05 02:00:00,0,0.415009,0
2019-11-05 06:00:00,1,0.415009,0
2019-11-05 10:00:00,1,0.415009,0
2019-11-05 14:00:00,0,0.415009,0
2019-11-05 18:00:00,0,0.415009,0
2019-11-05 22:00:00,0,0.415009,0
2019-11-06 02:00:00,0,0.415009,0
2019-11-06 06:00:00,1,0.415009,0
2019-11-06 10:00:00,1,0.415009,0
2019-11-06 14:00:00,0,0.415009,0
2019-11-06 18:00:00,0,0.415009,0
2019-11-06 22:00:00,0,0.415009,0
2019-11-07 02:00:00,0,0.415009,0
2019-11-07 06:00:00,0,0.415009,0
2019-11-07 10:00:00,1,0.415009,0
2019-11-07 14:00:00,0,0.415009,0
2019-11-07 18:00:00,1,0.415009,0
2019-11-07 22:00:00,1,0.415009,0
2019-11-08 02:00:00,1,0.415009,0
2019-11-08 06:00:00,0,0.415009,0
2019-11-08 10:00:00,0,0.415009,0
2019-11-08 14:00:00,0,0.415009,0
2019-11-08 18:00:00,0,0.415009,0
2019-11-10 22:00:00,0,0.415009,0
2019-11-11 02:00:00,0,0.415009,0
2019-11-11 06:00:00,0,0.415009,0
2019-11-11 10:00:00,1,0.415009,0
2019-11-11 14:00:00,1,0.415009,0
2019-11-11 18:00:00,1,0.415009,0
2019-11-11 22:00:00,0,0.415009,0
2019-11-12 02:00:00,1,0.415009,0
2019-11-12 06:00:00,1,0.415009,0
2019-11-12 10:00:00,1,0.415009,0
2019-11-12 14:00:00,0,0.415009,0
2019-11-12 18:00:00,0,0.415009,0
2019-11-12 22:00:00,0,0.415009,0
2019-11-13 02:00:00,0,0.415009,0
2019-11-13 06:00:00,0,0.415009,0
2019-11-13 10:00:00,0,0.415009,0
2019-11-13 14:00:00,0,0.415009,0
2019-11-13 18:00:00,0,0.415009,0
2019-11-13 22:00:00,0,0.415009,0
2019-11-14 02:00:00,0,0.415009,0
2019-11-14 06:00:00,0,0.415009,0
2019-11-14 10:00:00,0,0.415009,0
2019-11-14 14:00:00,0,0.415009,0
2019-11-14 18:00:00,0,0.415009,0
2019-11-14 22:00:00,0,0.415009,0
2019-11-15 02:00:00,0,0.415009,0
2019-11-15 06:00:00,0,0.415009,0
2019-11-15 10:00:00,0,0.415009,0
2019-11-15 14:00:00,0,0.415009,0
2019-11-15 18:00:00,0,0.415009,0
2019-11-17 22:00:00,0,0.415009,0
2019-11-18 02:00:00,0,0.415009,0
2019-11-18 06:00:00,0,0.415009,0
2019-11-18 10:00:00,0,0.415009,0
2019-11-18 14:00:00,0,0.415009,0
2019-11-18 18:00:00,0,0.415009,0
2019-11-18 22:00:00,0,0.415009,0
2019-11-19 02:00:00,0,0.415009,0
2019-11-19 06:00:00,0,0.415009,0
2019-11-19 10:00:00,0,0.415009,0
2019-11-19 14:00:00,0,0.415009,0
2019-11-19 18:00:00,0,0.415009,0
2019-11-19 22:00:00,0,0.415009,0
2019-11-20 02:00:00,0,0.415009,0
2019-11-20 06:00:00,0,0.415009,0
2019-11-20 10:00:00,0,0.415009,0
2019-11-20 14:00:00,0,0.415009,0
2019-11-20 18:00:00,0,0.415009,0
2019-11-20 22:00:00,0,0.415009,0
2019-11-21 02:00:00,0,0.415009,0
2019-11-21 06:00:00,0,0.415009,0
2019-11-21 10:00:00,0,0.415009,0
2019-11-21 14:00:00,0,0.415009,0
2019-11-21 18:00:00,0,0.415009,0
2019-11-21 22:00:00,0,0.415009,0
2019-11-22 02:00:00,0,0.415009,0
2019-11-22 06:00:00,1,0.415009,0
2019-11-22 10:00:00,1,0.415009,0
2019-11-22 14:00:00,1,0.415009,0
2019-11-22 18:00:00,1,0.415009,0
2019-11-24 22:00:00,1,0.415009,0
2019-11-25 02:00:00,1,0.415009,0
2019-11-25 06:00:00,0,0.415009,0
2019-11-25 10:00:00,1,0.415009,0
2019-11-25 14:00:00,0,0.415009,0
2019-11-25 18:00:00,0,0.415009,0
2019-11-25 22:00:00,0,0.415009,0
2019-11-26 02:00:00,0,0.415009,0
2019-11-26 06:00:00,0,0.415009,0
2019-11-26 10:00:00,1,0.415009,0
2019-11-26 14:00:00,1,0.415009,0
2019-11-26 18:00:00,1,0.415009,0
2019-11-26 22:00:00,1,0.415009,0
2019-11-27 02:00:00,0,0.415009,0
2019-11-27 06:00:00,0,0.415009,0
2019-11-27 10:00:00,0,0.415009,0
2019-11-27 14:00:00,0,0.415009,0
2019-11-27 18:00:00,0,0.415009,0
2019-11-27 22:00:00,0,0.415009,0
2019-11-28 02:00:00,0,0.415009,0
2019-11-28 06:00:00,1,0.415009,0
2019-11-28 10:00:00,0,0.415009,0
2019-11-28 14:00:00,0,0.415009,0
2019-11-28 18:00:00,0,0.415009,0
2019-11-28 22:00:00,0,0.415009,0
2019-11-29 02:00:00,0,0.415009,0
2019-11-29 06:00:00,0,0.415009,0
2019-11-29 10:00:00,0,0.415009,0
2019-11-29 14:00:00,0,0.415009,0
2019-11-29 18:00:00,0,0.415009,0
2019-12-01 22:00:00,0,0.415009,0
2019-12-02 02:00:00,0,0.415009,0
2019-12-02 06:00:00,0,0.415009,0
2019-12-02 10:00:00,0,0.415009,0
2019-12-02 14:00:00,0,0.415009,0
2019-12-02 18:00:00,0,0.415009,0
2019-12-02 22:00:00,0,0.415009,0
2019-12-03 02:00:00,0,0.415009,0
2019-12-03 06:00:00,0,0.415009,0
2019-12-03 10:00:00,0,0.415009,0
2019-12-03 14:00:00,0,0.415009,0
2019-12-03 18:00:00,0,0.415009,0
2019-12-03 22:00:00,0,0.415009,0
2019-12-04 02:00:00,0,0.415009,0
2019-12-04 06:00:00,0,0.415009,0
2019-12-04 10:00:00,1,0.415009,0
2019-12-04 14:00:00,0,0.415009,0
2019-12-04 18:00:00,0,0.415009,0
2019-12-04 22:00:00,0,0.415009,0
2019-12-05 02:00:00,0,0.415009,0
2019-12-05 06:00:00,0,0.415009,0
2019-12-05 10:00:00,0,0.415009,0
2019-12-05 14:00:00,1,0.415009,0
2019-12-05 18:00:00,1,0.415009,0
2019-12-05 22:00:00,1,0.415009,0
2019-12-06 02:00:00,1,0.415009,0
2019-12-06 06:00:00,1,0.415009,0
2019-12-06 10:00:00,1,0.415009,0
2019-12-06 14:00:00,0,0.415009,0
2019-12-06 18:00:00,0,0.415009,0
2019-12-08 22:00:00,0,0.415009,0
2019-12-09 02:00:00,0,0.415009,0
2019-12-09 06:00:00,0,0.415009,0
2019-12-09 10:00:00,0,0.415009,0
2019-12-09 14:00:00,0,0.415009,0
2019-12-09 18:00:00,0,0.415009,0
2019-12-09 22:00:00,0,0.415009,0
2019-12-10 02:00:00,0,0.415009,0
2019-12-10 06:00:00,0,0.415009,0
2019-12-10 10:00:00,0,0.415009,0
2019-12-10 14:00:00,0,0.415009,0
2019-12-10 18:00:00,0,0.415009,0
2019-12-10 22:00:00,0,0.415009,0
2019-12-11 02:00:00,0,0.415009,0
2019-12-11 06:00:00,0,0.415009,0
2019-12-11 10:00:00,0,0.415009,0
2019-12-11 14:00:00,0,0.415009,0
2019-12-11 18:00:00,0,0.415009,0
2019-12-11 22:00:00,0,0.415009,0
2019-12-12 02:00:00,0,0.415009,0
2019-12-12 06:00:00,0,0.415009,0
2019-12-12 10:00:00,0,0.415009,0
2019-12-12 14:00:00,0,0.415009,0
2019-12-12 18:00:00,0,0.415009,0
2019-12-12 22:00:00,1,0.415009,0
2019-12-13 02:00:00,0,0.415009,0
2019-12-13 06:00:00,1,0.415009,0
2019-12-13 10:00:00,1,0.415009,0
2019-12-13 14:00:00,0,0.415009,0
2019-12-13 18:00:00,0,0.415009,0
2019-12-15 22:00:00,0,0.415009,0
2019-12-16 02:00:00,0,0.415009,0
2019-12-16 06:00:00,0,0.415009,0
2019-12-16 10:00:00,0,0.415009,0
2019-12-16 14:00:00,0,0.415009,0
2019-12-16 18:00:00,0,0.415009,0
2019-12-16 22:00:00,0,0.415009,0
2019-12-17 02:00:00,0,0.415009,0
2019-12-17 06:00:00,0,0.415009,0
2019-12-17 10:00:00,0,0.415009,0
2019-12-17 14:00:00,1,0.415009,0
2019-12-17 18:00:00,1,0.415009,0
2019-12-17 22:00:00,1,0.415009,0
2019-12-18 02:00:00,1,0.415009,0
2019-12-18 06:00:00,0,0.415009,0
2019-12-18 10:00:00,0,0.415009,0
2019-12-18 14:00:00,0,0.415009,0
2019-12-18 18:00:00,0,0.415009,0
2019-12-18 22:00:00,0,0.415009,0
2019-12-19 02:00:00,0,0.415009,0
2019-12-19 06:00:00,1,0.415009,0
2019-12-19 10:00:00,0,0.415009,0
2019-12-19 14:00:00,1,0.415009,0
2019-12-19 18:00:00,1,0.415009,0
2019-12-19 22:00:00,1,0.415009,0
2019-12-20 02:00:00,1,0.415009,0
2019-12-20 06:00:00,1,0.415009,0
2019-12-20 10:00:00,1,0.415009,0
2019-12-20 14:00:00,0,0.415009,0
2019-12-20 18:00:00,0,0.415009,0
2019-12-22 22:00:00,0,0.415009,0
2019-12-23 02:00:00,0,0.415009,0
2019-12-23 06:00:00,0,0.415009,0
2019-12-23 10:00:00,0,0.415009,0
2019-12-23 14:00:00,0,0.415009,0
2019-12-23 18:00:00,0,0.415009,0
2019-12-23 22:00:00,0,0.415009,0
2019-12-24 02:00:00,0,0.415009,0
2019-12-24 06:00:00,0,0.415009,0
2019-12-24 10:00:00,0,0.415009,0
2019-12-24 14:00:00,0,0.415009,0
2019-12-24 18:00:00,0,0.415009,0
