DATE_TIME,S&P500_Close,vix_close
2011-08-03 08:00:00,1260.339966,23.3799991607666
2011-08-03 12:00:00,1260.339966,23.3799991607666
2011-08-03 16:00:00,1260.339966,23.3799991607666
2011-08-03 20:00:00,1260.339966,23.3799991607666
2011-08-04 00:00:00,1245.272461,25.44999933242798
2011-08-04 04:00:00,1200.069946,31.65999984741211
2011-08-04 08:00:00,1200.069946,31.65999984741211
2011-08-04 12:00:00,1200.069946,31.65999984741211
2011-08-04 16:00:00,1200.069946,31.65999984741211
2011-08-04 20:00:00,1200.069946,31.65999984741211
2011-08-05 00:00:00,1199.8974607500002,31.74499988555908
2011-08-05 04:00:00,1199.380005,32.0
2011-08-05 08:00:00,1199.380005,32.0
2011-08-05 12:00:00,1199.380005,32.0
2011-08-05 16:00:00,1199.380005,32.0
2011-08-05 20:00:00,1199.380005,32.0
2011-08-08 00:00:00,1179.399994,36.0
2011-08-08 04:00:00,1119.459961,48.0
2011-08-08 08:00:00,1119.459961,48.0
2011-08-08 12:00:00,1119.459961,48.0
2011-08-08 16:00:00,1119.459961,48.0
2011-08-08 20:00:00,1119.459961,48.0
2011-08-09 00:00:00,1132.727478,44.765000343322754
2011-08-09 04:00:00,1172.530029,35.060001373291016
2011-08-09 08:00:00,1172.530029,35.060001373291016
2011-08-09 12:00:00,1172.530029,35.060001373291016
2011-08-09 16:00:00,1172.530029,35.060001373291016
2011-08-09 20:00:00,1172.530029,35.060001373291016
2011-08-10 00:00:00,1159.58752425,37.04250144958496
2011-08-10 04:00:00,1120.76001,42.9900016784668
2011-08-10 08:00:00,1120.76001,42.9900016784668
2011-08-10 12:00:00,1120.76001,42.9900016784668
2011-08-10 16:00:00,1120.76001,42.9900016784668
2011-08-10 20:00:00,1120.76001,42.9900016784668
2011-08-11 00:00:00,1133.73001125,41.9925012588501
2011-08-11 04:00:00,1172.640015,39.0
2011-08-11 08:00:00,1172.640015,39.0
2011-08-11 12:00:00,1172.640015,39.0
2011-08-11 16:00:00,1172.640015,39.0
2011-08-11 20:00:00,1172.640015,39.0
2011-08-12 00:00:00,1174.1825259999998,38.34000015258789
2011-08-12 04:00:00,1178.810059,36.36000061035156
2011-08-12 08:00:00,1178.810059,36.36000061035156
2011-08-12 12:00:00,1178.810059,36.36000061035156
2011-08-12 16:00:00,1178.810059,36.36000061035156
2011-08-12 20:00:00,1178.810059,36.36000061035156
2011-08-15 00:00:00,1185.2300417499998,35.23750066757202
2011-08-15 04:00:00,1204.48999,31.8700008392334
2011-08-15 08:00:00,1204.48999,31.8700008392334
2011-08-15 12:00:00,1204.48999,31.8700008392334
2011-08-15 16:00:00,1204.48999,31.8700008392334
2011-08-15 20:00:00,1204.48999,31.8700008392334
2011-08-16 00:00:00,1201.557495,32.11500024795532
2011-08-16 04:00:00,1192.76001,32.849998474121094
2011-08-16 08:00:00,1192.76001,32.849998474121094
2011-08-16 12:00:00,1192.76001,32.849998474121094
2011-08-16 16:00:00,1192.76001,32.849998474121094
2011-08-16 20:00:00,1192.76001,32.849998474121094
2011-08-17 00:00:00,1193.04251125,32.532498836517334
2011-08-17 04:00:00,1193.890015,31.57999992370605
2011-08-17 08:00:00,1193.890015,31.57999992370605
2011-08-17 12:00:00,1193.890015,31.57999992370605
2011-08-17 16:00:00,1193.890015,31.57999992370605
2011-08-17 20:00:00,1193.890015,31.57999992370605
2011-08-18 00:00:00,1180.58001725,34.35249948501587
2011-08-18 04:00:00,1140.650024,42.66999816894531
2011-08-18 08:00:00,1140.650024,42.66999816894531
2011-08-18 12:00:00,1140.650024,42.66999816894531
2011-08-18 16:00:00,1140.650024,42.66999816894531
2011-08-18 20:00:00,1140.650024,42.66999816894531
2011-08-19 00:00:00,1136.37002525,42.76499843597412
2011-08-19 04:00:00,1123.530029,43.04999923706055
2011-08-19 08:00:00,1123.530029,43.04999923706055
2011-08-19 12:00:00,1123.530029,43.04999923706055
2011-08-19 16:00:00,1123.530029,43.04999923706055
2011-08-19 20:00:00,1123.530029,43.04999923706055
2011-08-22 00:00:00,1123.60250825,42.897499084472656
2011-08-22 04:00:00,1123.819946,42.43999862670898
2011-08-22 08:00:00,1123.819946,42.43999862670898
2011-08-22 12:00:00,1123.819946,42.43999862670898
2011-08-22 16:00:00,1123.819946,42.43999862670898
2011-08-22 20:00:00,1123.819946,42.43999862670898
2011-08-23 00:00:00,1133.4524535,40.89749908447265
2011-08-23 04:00:00,1162.349976,36.27000045776367
2011-08-23 08:00:00,1162.349976,36.27000045776367
2011-08-23 12:00:00,1162.349976,36.27000045776367
2011-08-23 16:00:00,1162.349976,36.27000045776367
2011-08-23 20:00:00,1162.349976,36.27000045776367
2011-08-24 00:00:00,1166.162476,36.17750072479248
2011-08-24 04:00:00,1177.599976,35.900001525878906
2011-08-24 08:00:00,1177.599976,35.900001525878906
2011-08-24 12:00:00,1177.599976,35.900001525878906
2011-08-24 16:00:00,1177.599976,35.900001525878906
2011-08-24 20:00:00,1177.599976,35.900001525878906
2011-08-25 00:00:00,1173.017487,36.86500072479248
2011-08-25 04:00:00,1159.27002,39.7599983215332
2011-08-25 08:00:00,1159.27002,39.7599983215332
2011-08-25 12:00:00,1159.27002,39.7599983215332
2011-08-25 16:00:00,1159.27002,39.7599983215332
2011-08-25 20:00:00,1159.27002,39.7599983215332
2011-08-26 00:00:00,1163.6525272499998,38.71749877929688
2011-08-26 04:00:00,1176.800049,35.59000015258789
2011-08-26 08:00:00,1176.800049,35.59000015258789
2011-08-26 12:00:00,1176.800049,35.59000015258789
2011-08-26 16:00:00,1176.800049,35.59000015258789
2011-08-26 20:00:00,1176.800049,35.59000015258789
2011-08-29 00:00:00,1185.12002575,34.76249980926514
2011-08-29 04:00:00,1210.079956,32.279998779296875
2011-08-29 08:00:00,1210.079956,32.279998779296875
2011-08-29 12:00:00,1210.079956,32.279998779296875
2011-08-29 16:00:00,1210.079956,32.279998779296875
2011-08-29 20:00:00,1210.079956,32.279998779296875
2011-08-30 00:00:00,1210.789978,32.432498931884766
2011-08-30 04:00:00,1212.920044,32.88999938964844
2011-08-30 08:00:00,1212.920044,32.88999938964844
2011-08-30 12:00:00,1212.920044,32.88999938964844
2011-08-30 16:00:00,1212.920044,32.88999938964844
2011-08-30 20:00:00,1212.920044,32.88999938964844
2011-08-31 00:00:00,1214.4125367499998,32.57249975204468
2011-08-31 04:00:00,1218.890015,31.6200008392334
2011-08-31 08:00:00,1218.890015,31.6200008392334
2011-08-31 12:00:00,1218.890015,31.6200008392334
2011-08-31 16:00:00,1218.890015,31.6200008392334
2011-08-31 20:00:00,1218.890015,31.6200008392334
2011-09-01 00:00:00,1215.27252225,31.670000553131104
2011-09-01 04:00:00,1204.420044,31.81999969482422
2011-09-01 08:00:00,1204.420044,31.81999969482422
2011-09-01 12:00:00,1204.420044,31.81999969482422
2011-09-01 16:00:00,1204.420044,31.81999969482422
2011-09-01 20:00:00,1204.420044,31.81999969482422
2011-09-02 00:00:00,1196.80752575,32.34499931335449
2011-09-02 04:00:00,1173.969971,33.91999816894531
2011-09-02 08:00:00,1173.969971,33.91999816894531
2011-09-02 12:00:00,1173.969971,33.91999816894531
2011-09-02 16:00:00,1173.969971,33.91999816894531
2011-09-02 20:00:00,1173.969971,33.91999816894531
2011-09-06 00:00:00,1171.78747575,34.689998626708984
2011-09-06 04:00:00,1165.23999,37.0
2011-09-06 08:00:00,1165.23999,37.0
2011-09-06 12:00:00,1165.23999,37.0
2011-09-06 16:00:00,1165.23999,37.0
2011-09-06 20:00:00,1165.23999,37.0
2011-09-07 00:00:00,1173.58499125,36.09500026702881
2011-09-07 04:00:00,1198.619995,33.380001068115234
2011-09-07 08:00:00,1198.619995,33.380001068115234
2011-09-07 12:00:00,1198.619995,33.380001068115234
2011-09-07 16:00:00,1198.619995,33.380001068115234
2011-09-07 20:00:00,1198.619995,33.380001068115234
2011-09-08 00:00:00,1195.44000225,33.61500072479248
2011-09-08 04:00:00,1185.900024,34.31999969482422
2011-09-08 08:00:00,1185.900024,34.31999969482422
2011-09-08 12:00:00,1185.900024,34.31999969482422
2011-09-08 16:00:00,1185.900024,34.31999969482422
2011-09-08 20:00:00,1185.900024,34.31999969482422
2011-09-09 00:00:00,1177.9825130000002,35.36999988555908
2011-09-09 04:00:00,1154.22998,38.52000045776367
2011-09-09 08:00:00,1154.22998,38.52000045776367
2011-09-09 12:00:00,1154.22998,38.52000045776367
2011-09-09 16:00:00,1154.22998,38.52000045776367
2011-09-09 20:00:00,1154.22998,38.52000045776367
2011-09-12 00:00:00,1156.23999,38.53750038146973
2011-09-12 04:00:00,1162.27002,38.59000015258789
2011-09-12 08:00:00,1162.27002,38.59000015258789
2011-09-12 12:00:00,1162.27002,38.59000015258789
2011-09-12 16:00:00,1162.27002,38.59000015258789
2011-09-12 20:00:00,1162.27002,38.59000015258789
2011-09-13 00:00:00,1164.92001375,38.170000076293945
2011-09-13 04:00:00,1172.869995,36.90999984741211
2011-09-13 08:00:00,1172.869995,36.90999984741211
2011-09-13 12:00:00,1172.869995,36.90999984741211
2011-09-13 16:00:00,1172.869995,36.90999984741211
2011-09-13 20:00:00,1172.869995,36.90999984741211
2011-09-14 00:00:00,1176.82250975,36.33249950408936
2011-09-14 04:00:00,1188.680054,34.599998474121094
2011-09-14 08:00:00,1188.680054,34.599998474121094
2011-09-14 12:00:00,1188.680054,34.599998474121094
2011-09-14 16:00:00,1188.680054,34.599998474121094
2011-09-14 20:00:00,1188.680054,34.599998474121094
2011-09-15 00:00:00,1193.78753675,33.94249868392944
2011-09-15 04:00:00,1209.109985,31.96999931335449
2011-09-15 08:00:00,1209.109985,31.96999931335449
2011-09-15 12:00:00,1209.109985,31.96999931335449
2011-09-15 16:00:00,1209.109985,31.96999931335449
2011-09-15 20:00:00,1209.109985,31.96999931335449
2011-09-16 00:00:00,1210.83499125,31.722499370574948
2011-09-16 04:00:00,1216.01001,30.979999542236328
2011-09-16 08:00:00,1216.01001,30.979999542236328
2011-09-16 12:00:00,1216.01001,30.979999542236328
2011-09-16 16:00:00,1216.01001,30.979999542236328
2011-09-16 20:00:00,1216.01001,30.979999542236328
2011-09-19 00:00:00,1213.029999,31.417499542236328
2011-09-19 04:00:00,1204.089966,32.72999954223633
2011-09-19 08:00:00,1204.089966,32.72999954223633
2011-09-19 12:00:00,1204.089966,32.72999954223633
2011-09-19 16:00:00,1204.089966,32.72999954223633
2011-09-19 20:00:00,1204.089966,32.72999954223633
2011-09-20 00:00:00,1203.589966,32.76249980926514
2011-09-20 04:00:00,1202.089966,32.86000061035156
2011-09-20 08:00:00,1202.089966,32.86000061035156
2011-09-20 12:00:00,1202.089966,32.86000061035156
2011-09-20 16:00:00,1202.089966,32.86000061035156
2011-09-20 20:00:00,1202.089966,32.86000061035156
2011-09-21 00:00:00,1193.257477,33.97500038146973
2011-09-21 04:00:00,1166.76001,37.31999969482422
2011-09-21 08:00:00,1166.76001,37.31999969482422
2011-09-21 12:00:00,1166.76001,37.31999969482422
2011-09-21 16:00:00,1166.76001,37.31999969482422
2011-09-21 20:00:00,1166.76001,37.31999969482422
2011-09-22 00:00:00,1157.4600222499998,38.32749938964844
2011-09-22 04:00:00,1129.560059,41.34999847412109
2011-09-22 08:00:00,1129.560059,41.34999847412109
2011-09-22 12:00:00,1129.560059,41.34999847412109
2011-09-22 16:00:00,1129.560059,41.34999847412109
2011-09-22 20:00:00,1129.560059,41.34999847412109
2011-09-23 00:00:00,1131.27755775,41.32499885559081
2011-09-23 04:00:00,1136.430054,41.25
2011-09-23 08:00:00,1136.430054,41.25
2011-09-23 12:00:00,1136.430054,41.25
2011-09-23 16:00:00,1136.430054,41.25
2011-09-23 20:00:00,1136.430054,41.25
2011-09-26 00:00:00,1143.06002825,40.69250011444092
2011-09-26 04:00:00,1162.949951,39.02000045776367
2011-09-26 08:00:00,1162.949951,39.02000045776367
2011-09-26 12:00:00,1162.949951,39.02000045776367
2011-09-26 16:00:00,1162.949951,39.02000045776367
2011-09-26 20:00:00,1162.949951,39.02000045776367
2011-09-27 00:00:00,1166.0574645,38.69250011444092
2011-09-27 04:00:00,1175.380005,37.709999084472656
2011-09-27 08:00:00,1175.380005,37.709999084472656
2011-09-27 12:00:00,1175.380005,37.709999084472656
2011-09-27 16:00:00,1175.380005,37.709999084472656
2011-09-27 20:00:00,1175.380005,37.709999084472656
2011-09-28 00:00:00,1169.3000185,38.55249977111816
2011-09-28 04:00:00,1151.060059,41.08000183105469
2011-09-28 08:00:00,1151.060059,41.08000183105469
2011-09-28 12:00:00,1151.060059,41.08000183105469
2011-09-28 16:00:00,1151.060059,41.08000183105469
2011-09-28 20:00:00,1151.060059,41.08000183105469
2011-09-29 00:00:00,1153.39505025,40.52000141143799
2011-09-29 04:00:00,1160.400024,38.84000015258789
2011-09-29 08:00:00,1160.400024,38.84000015258789
2011-09-29 12:00:00,1160.400024,38.84000015258789
2011-09-29 16:00:00,1160.400024,38.84000015258789
2011-09-29 20:00:00,1160.400024,38.84000015258789
2011-09-30 00:00:00,1153.155029,39.86999988555908
2011-09-30 04:00:00,1131.420044,42.959999084472656
2011-09-30 08:00:00,1131.420044,42.959999084472656
2011-09-30 12:00:00,1131.420044,42.959999084472656
2011-09-30 16:00:00,1131.420044,42.959999084472656
2011-09-30 20:00:00,1131.420044,42.959999084472656
2011-10-03 00:00:00,1123.372528,43.58249950408936
2011-10-03 04:00:00,1099.22998,45.45000076293945
2011-10-03 08:00:00,1099.22998,45.45000076293945
2011-10-03 12:00:00,1099.22998,45.45000076293945
2011-10-03 16:00:00,1099.22998,45.45000076293945
2011-10-03 20:00:00,1099.22998,45.45000076293945
2011-10-04 00:00:00,1105.40997275,44.292500495910645
2011-10-04 04:00:00,1123.949951,40.81999969482422
2011-10-04 08:00:00,1123.949951,40.81999969482422
2011-10-04 12:00:00,1123.949951,40.81999969482422
2011-10-04 16:00:00,1123.949951,40.81999969482422
2011-10-04 20:00:00,1123.949951,40.81999969482422
2011-10-05 00:00:00,1128.9699705,40.06750011444092
2011-10-05 04:00:00,1144.030029,37.810001373291016
2011-10-05 08:00:00,1144.030029,37.810001373291016
2011-10-05 12:00:00,1144.030029,37.810001373291016
2011-10-05 16:00:00,1144.030029,37.810001373291016
2011-10-05 20:00:00,1144.030029,37.810001373291016
2011-10-06 00:00:00,1149.2650145,37.42500114440918
2011-10-06 04:00:00,1164.969971,36.27000045776367
2011-10-06 08:00:00,1164.969971,36.27000045776367
2011-10-06 12:00:00,1164.969971,36.27000045776367
2011-10-06 16:00:00,1164.969971,36.27000045776367
2011-10-06 20:00:00,1164.969971,36.27000045776367
2011-10-07 00:00:00,1162.5924685,36.25250053405762
2011-10-07 04:00:00,1155.459961,36.20000076293945
2011-10-07 08:00:00,1155.459961,36.20000076293945
2011-10-07 12:00:00,1155.459961,36.20000076293945
2011-10-07 16:00:00,1155.459961,36.20000076293945
2011-10-07 20:00:00,1155.459961,36.20000076293945
2011-10-10 00:00:00,1165.3174745,35.40500068664551
2011-10-10 04:00:00,1194.890015,33.02000045776367
2011-10-10 08:00:00,1194.890015,33.02000045776367
2011-10-10 12:00:00,1194.890015,33.02000045776367
2011-10-10 16:00:00,1194.890015,33.02000045776367
2011-10-10 20:00:00,1194.890015,33.02000045776367
2011-10-11 00:00:00,1195.052521,32.980000495910645
2011-10-11 04:00:00,1195.540039,32.86000061035156
2011-10-11 08:00:00,1195.540039,32.86000061035156
2011-10-11 12:00:00,1195.540039,32.86000061035156
2011-10-11 16:00:00,1195.540039,32.86000061035156
2011-10-11 20:00:00,1195.540039,32.86000061035156
2011-10-12 00:00:00,1198.46752925,32.46000051498413
2011-10-12 04:00:00,1207.25,31.26000022888184
2011-10-12 08:00:00,1207.25,31.26000022888184
2011-10-12 12:00:00,1207.25,31.26000022888184
2011-10-12 16:00:00,1207.25,31.26000022888184
2011-10-12 20:00:00,1207.25,31.26000022888184
2011-10-13 00:00:00,1206.3525085,31.120000362396244
2011-10-13 04:00:00,1203.660034,30.700000762939453
2011-10-13 08:00:00,1203.660034,30.700000762939453
2011-10-13 12:00:00,1203.660034,30.700000762939453
2011-10-13 16:00:00,1203.660034,30.700000762939453
2011-10-13 20:00:00,1203.660034,30.700000762939453
2011-10-14 00:00:00,1208.8900145,30.08500051498413
2011-10-14 04:00:00,1224.579956,28.239999771118164
2011-10-14 08:00:00,1224.579956,28.239999771118164
2011-10-14 12:00:00,1224.579956,28.239999771118164
2011-10-14 16:00:00,1224.579956,28.239999771118164
2011-10-14 20:00:00,1224.579956,28.239999771118164
2011-10-17 00:00:00,1218.6499632500002,29.52749967575073
2011-10-17 04:00:00,1200.859985,33.38999938964844
2011-10-17 08:00:00,1200.859985,33.38999938964844
2011-10-17 12:00:00,1200.859985,33.38999938964844
2011-10-17 16:00:00,1200.859985,33.38999938964844
2011-10-17 20:00:00,1200.859985,33.38999938964844
2011-10-18 00:00:00,1206.98999,32.932499408721924
2011-10-18 04:00:00,1225.380005,31.559999465942383
2011-10-18 08:00:00,1225.380005,31.559999465942383
2011-10-18 12:00:00,1225.380005,31.559999465942383
2011-10-18 16:00:00,1225.380005,31.559999465942383
2011-10-18 20:00:00,1225.380005,31.559999465942383
2011-10-19 00:00:00,1221.505005,32.27999925613403
2011-10-19 04:00:00,1209.880005,34.439998626708984
2011-10-19 08:00:00,1209.880005,34.439998626708984
2011-10-19 12:00:00,1209.880005,34.439998626708984
2011-10-19 16:00:00,1209.880005,34.439998626708984
2011-10-19 20:00:00,1209.880005,34.439998626708984
2011-10-20 00:00:00,1211.2575075,34.52499866485596
2011-10-20 04:00:00,1215.390015,34.779998779296875
2011-10-20 08:00:00,1215.390015,34.779998779296875
2011-10-20 12:00:00,1215.390015,34.779998779296875
2011-10-20 16:00:00,1215.390015,34.779998779296875
2011-10-20 20:00:00,1215.390015,34.779998779296875
2011-10-21 00:00:00,1221.10501125,33.91499900817871
2011-10-21 04:00:00,1238.25,31.31999969482422
2011-10-21 08:00:00,1238.25,31.31999969482422
2011-10-21 12:00:00,1238.25,31.31999969482422
2011-10-21 16:00:00,1238.25,31.31999969482422
2011-10-21 20:00:00,1238.25,31.31999969482422
2011-10-24 00:00:00,1242.23498525,30.804999828338623
2011-10-24 04:00:00,1254.189941,29.26000022888184
2011-10-24 08:00:00,1254.189941,29.26000022888184
2011-10-24 12:00:00,1254.189941,29.26000022888184
2011-10-24 16:00:00,1254.189941,29.26000022888184
2011-10-24 20:00:00,1254.189941,29.26000022888184
2011-10-25 00:00:00,1247.904968,30.00000047683716
2011-10-25 04:00:00,1229.050049,32.220001220703125
2011-10-25 08:00:00,1229.050049,32.220001220703125
2011-10-25 12:00:00,1229.050049,32.220001220703125
2011-10-25 16:00:00,1229.050049,32.220001220703125
2011-10-25 20:00:00,1229.050049,32.220001220703125
2011-10-26 00:00:00,1232.28753675,31.630001068115234
2011-10-26 04:00:00,1242.0,29.86000061035156
2011-10-26 08:00:00,1242.0,29.86000061035156
2011-10-26 12:00:00,1242.0,29.86000061035156
2011-10-26 16:00:00,1242.0,29.86000061035156
2011-10-26 20:00:00,1242.0,29.86000061035156
2011-10-27 00:00:00,1252.6474915,28.760000228881832
2011-10-27 04:00:00,1284.589966,25.459999084472656
2011-10-27 08:00:00,1284.589966,25.459999084472656
2011-10-27 12:00:00,1284.589966,25.459999084472656
2011-10-27 16:00:00,1284.589966,25.459999084472656
2011-10-27 20:00:00,1284.589966,25.459999084472656
2011-10-28 00:00:00,1284.714966,25.22749948501587
2011-10-28 04:00:00,1285.089966,24.530000686645508
2011-10-28 08:00:00,1285.089966,24.530000686645508
2011-10-28 12:00:00,1285.089966,24.530000686645508
2011-10-28 16:00:00,1285.089966,24.530000686645508
2011-10-28 20:00:00,1285.089966,24.530000686645508
2011-10-31 00:00:00,1277.14248675,25.88750028610229
2011-10-31 04:00:00,1253.300049,29.959999084472656
2011-10-31 08:00:00,1253.300049,29.959999084472656
2011-10-31 12:00:00,1253.300049,29.959999084472656
2011-10-31 16:00:00,1253.300049,29.959999084472656
2011-10-31 20:00:00,1253.300049,29.959999084472656
2011-11-01 00:00:00,1244.545044,31.16249942779541
2011-11-01 04:00:00,1218.280029,34.77000045776367
2011-11-01 08:00:00,1218.280029,34.77000045776367
2011-11-01 12:00:00,1218.280029,34.77000045776367
2011-11-01 16:00:00,1218.280029,34.77000045776367
2011-11-01 20:00:00,1218.280029,34.77000045776367
2011-11-02 00:00:00,1223.18502775,34.26250076293945
2011-11-02 04:00:00,1237.900024,32.7400016784668
2011-11-02 08:00:00,1237.900024,32.7400016784668
2011-11-02 12:00:00,1237.900024,32.7400016784668
2011-11-02 16:00:00,1237.900024,32.7400016784668
2011-11-02 20:00:00,1237.900024,32.7400016784668
2011-11-03 00:00:00,1243.712524,32.1800012588501
2011-11-03 04:00:00,1261.150024,30.5
2011-11-03 08:00:00,1261.150024,30.5
2011-11-03 12:00:00,1261.150024,30.5
2011-11-03 16:00:00,1261.150024,30.5
2011-11-03 20:00:00,1261.150024,30.5
2011-11-04 00:00:00,1259.170013,30.414999961853027
2011-11-04 04:00:00,1253.22998,30.15999984741211
2011-11-04 08:00:00,1253.22998,30.15999984741211
2011-11-04 12:00:00,1253.22998,30.15999984741211
2011-11-04 16:00:00,1253.22998,30.15999984741211
2011-11-04 20:00:00,1253.22998,30.15999984741211
2011-11-07 00:00:00,1255.20248375,30.082499980926517
2011-11-07 04:00:00,1261.119995,29.850000381469727
2011-11-07 08:00:00,1261.119995,29.850000381469727
2011-11-07 12:00:00,1261.119995,29.850000381469727
2011-11-07 16:00:00,1261.119995,29.850000381469727
2011-11-07 20:00:00,1261.119995,29.850000381469727
2011-11-08 00:00:00,1264.82000725,29.257500171661377
2011-11-08 04:00:00,1275.920044,27.479999542236328
2011-11-08 08:00:00,1275.920044,27.479999542236328
2011-11-08 12:00:00,1275.920044,27.479999542236328
2011-11-08 16:00:00,1275.920044,27.479999542236328
2011-11-08 20:00:00,1275.920044,27.479999542236328
2011-11-09 00:00:00,1264.215027,29.649999618530277
2011-11-09 04:00:00,1229.099976,36.15999984741211
2011-11-09 08:00:00,1229.099976,36.15999984741211
2011-11-09 12:00:00,1229.099976,36.15999984741211
2011-11-09 16:00:00,1229.099976,36.15999984741211
2011-11-09 20:00:00,1229.099976,36.15999984741211
2011-11-10 00:00:00,1231.74996975,35.32250022888184
2011-11-10 04:00:00,1239.699951,32.810001373291016
2011-11-10 08:00:00,1239.699951,32.810001373291016
2011-11-10 12:00:00,1239.699951,32.810001373291016
2011-11-10 16:00:00,1239.699951,32.810001373291016
2011-11-10 20:00:00,1239.699951,32.810001373291016
2011-11-11 00:00:00,1245.73745725,32.1175012588501
2011-11-11 04:00:00,1263.849976,30.040000915527344
2011-11-11 08:00:00,1263.849976,30.040000915527344
2011-11-11 12:00:00,1263.849976,30.040000915527344
2011-11-11 16:00:00,1263.849976,30.040000915527344
2011-11-11 20:00:00,1263.849976,30.040000915527344
2011-11-14 00:00:00,1260.83248925,30.31250047683716
2011-11-14 04:00:00,1251.780029,31.1299991607666
2011-11-14 08:00:00,1251.780029,31.1299991607666
2011-11-14 12:00:00,1251.780029,31.1299991607666
2011-11-14 16:00:00,1251.780029,31.1299991607666
2011-11-14 20:00:00,1251.780029,31.1299991607666
2011-11-15 00:00:00,1253.2875365,31.15249919891357
2011-11-15 04:00:00,1257.810059,31.21999931335449
2011-11-15 08:00:00,1257.810059,31.21999931335449
2011-11-15 12:00:00,1257.810059,31.21999931335449
2011-11-15 16:00:00,1257.810059,31.21999931335449
2011-11-15 20:00:00,1257.810059,31.21999931335449
2011-11-16 00:00:00,1252.58505275,31.792499065399166
2011-11-16 04:00:00,1236.910034,33.5099983215332
2011-11-16 08:00:00,1236.910034,33.5099983215332
2011-11-16 12:00:00,1236.910034,33.5099983215332
2011-11-16 16:00:00,1236.910034,33.5099983215332
2011-11-16 20:00:00,1236.910034,33.5099983215332
2011-11-17 00:00:00,1231.71502675,33.7599983215332
2011-11-17 04:00:00,1216.130005,34.5099983215332
2011-11-17 08:00:00,1216.130005,34.5099983215332
2011-11-17 12:00:00,1216.130005,34.5099983215332
2011-11-17 16:00:00,1216.130005,34.5099983215332
2011-11-17 20:00:00,1216.130005,34.5099983215332
2011-11-18 00:00:00,1216.01000975,33.8824987411499
2011-11-18 04:00:00,1215.650024,32.0
2011-11-18 08:00:00,1215.650024,32.0
2011-11-18 12:00:00,1215.650024,32.0
2011-11-18 16:00:00,1215.650024,32.0
2011-11-18 20:00:00,1215.650024,32.0
2011-11-21 00:00:00,1209.982513,32.22749996185303
2011-11-21 04:00:00,1192.97998,32.90999984741211
2011-11-21 08:00:00,1192.97998,32.90999984741211
2011-11-21 12:00:00,1192.97998,32.90999984741211
2011-11-21 16:00:00,1192.97998,32.90999984741211
2011-11-21 20:00:00,1192.97998,32.90999984741211
2011-11-22 00:00:00,1191.7449947500002,32.674999713897705
2011-11-22 04:00:00,1188.040039,31.96999931335449
2011-11-22 08:00:00,1188.040039,31.96999931335449
2011-11-22 12:00:00,1188.040039,31.96999931335449
2011-11-22 16:00:00,1188.040039,31.96999931335449
2011-11-22 20:00:00,1188.040039,31.96999931335449
2011-11-23 00:00:00,1181.477539,32.47249937057495
2011-11-23 04:00:00,1161.790039,33.97999954223633
2011-11-23 08:00:00,1161.790039,33.97999954223633
2011-11-23 12:00:00,1161.790039,33.97999954223633
2011-11-23 16:00:00,1161.790039,33.97999954223633
2011-11-23 20:00:00,1161.790039,33.97999954223633
2011-11-25 00:00:00,1161.01004025,34.10249996185303
2011-11-25 04:00:00,1158.670044,34.470001220703125
2011-11-25 08:00:00,1158.670044,34.470001220703125
2011-11-25 12:00:00,1158.670044,34.470001220703125
2011-11-25 16:00:00,1158.670044,34.470001220703125
2011-11-25 20:00:00,1158.670044,34.470001220703125
2011-11-28 00:00:00,1167.14004525,33.88500118255615
2011-11-28 04:00:00,1192.550049,32.130001068115234
2011-11-28 08:00:00,1192.550049,32.130001068115234
2011-11-28 12:00:00,1192.550049,32.130001068115234
2011-11-28 16:00:00,1192.550049,32.130001068115234
2011-11-28 20:00:00,1192.550049,32.130001068115234
2011-11-29 00:00:00,1193.210022,31.75750064849853
2011-11-29 04:00:00,1195.189941,30.63999938964844
2011-11-29 08:00:00,1195.189941,30.63999938964844
2011-11-29 12:00:00,1195.189941,30.63999938964844
2011-11-29 16:00:00,1195.189941,30.63999938964844
2011-11-29 20:00:00,1195.189941,30.63999938964844
2011-11-30 00:00:00,1208.132446,29.92999935150147
2011-11-30 04:00:00,1246.959961,27.799999237060547
2011-11-30 08:00:00,1246.959961,27.799999237060547
2011-11-30 12:00:00,1246.959961,27.799999237060547
2011-11-30 16:00:00,1246.959961,27.799999237060547
2011-11-30 20:00:00,1246.959961,27.799999237060547
2011-12-01 00:00:00,1246.36495975,27.70249938964844
2011-12-01 04:00:00,1244.579956,27.40999984741211
2011-12-01 08:00:00,1244.579956,27.40999984741211
2011-12-01 12:00:00,1244.579956,27.40999984741211
2011-12-01 16:00:00,1244.579956,27.40999984741211
2011-12-01 20:00:00,1244.579956,27.40999984741211
2011-12-02 00:00:00,1244.50497425,27.4375
2011-12-02 04:00:00,1244.280029,27.520000457763672
2011-12-02 08:00:00,1244.280029,27.520000457763672
2011-12-02 12:00:00,1244.280029,27.520000457763672
2011-12-02 16:00:00,1244.280029,27.520000457763672
2011-12-02 20:00:00,1244.280029,27.520000457763672
2011-12-05 00:00:00,1247.48001075,27.600000381469727
2011-12-05 04:00:00,1257.079956,27.84000015258789
2011-12-05 08:00:00,1257.079956,27.84000015258789
2011-12-05 12:00:00,1257.079956,27.84000015258789
2011-12-05 16:00:00,1257.079956,27.84000015258789
2011-12-05 20:00:00,1257.079956,27.84000015258789
2011-12-06 00:00:00,1257.42745975,27.91249990463257
2011-12-06 04:00:00,1258.469971,28.1299991607666
2011-12-06 08:00:00,1258.469971,28.1299991607666
2011-12-06 12:00:00,1258.469971,28.1299991607666
2011-12-06 16:00:00,1258.469971,28.1299991607666
2011-12-06 20:00:00,1258.469971,28.1299991607666
2011-12-07 00:00:00,1259.10498075,28.26499938964844
2011-12-07 04:00:00,1261.01001,28.670000076293945
2011-12-07 08:00:00,1261.01001,28.670000076293945
2011-12-07 12:00:00,1261.01001,28.670000076293945
2011-12-07 16:00:00,1261.01001,28.670000076293945
2011-12-07 20:00:00,1261.01001,28.670000076293945
2011-12-08 00:00:00,1254.3450015,29.15000009536743
2011-12-08 04:00:00,1234.349976,30.59000015258789
2011-12-08 08:00:00,1234.349976,30.59000015258789
2011-12-08 12:00:00,1234.349976,30.59000015258789
2011-12-08 16:00:00,1234.349976,30.59000015258789
2011-12-08 20:00:00,1234.349976,30.59000015258789
2011-12-09 00:00:00,1239.55996725,29.53749990463257
2011-12-09 04:00:00,1255.189941,26.3799991607666
2011-12-09 08:00:00,1255.189941,26.3799991607666
2011-12-09 12:00:00,1255.189941,26.3799991607666
2011-12-09 16:00:00,1255.189941,26.3799991607666
2011-12-09 20:00:00,1255.189941,26.3799991607666
2011-12-12 00:00:00,1250.5099485,26.20249938964844
2011-12-12 04:00:00,1236.469971,25.670000076293945
2011-12-12 08:00:00,1236.469971,25.670000076293945
2011-12-12 12:00:00,1236.469971,25.670000076293945
2011-12-12 16:00:00,1236.469971,25.670000076293945
2011-12-12 20:00:00,1236.469971,25.670000076293945
2011-12-13 00:00:00,1233.78497325,25.605000019073486
2011-12-13 04:00:00,1225.72998,25.40999984741211
2011-12-13 08:00:00,1225.72998,25.40999984741211
2011-12-13 12:00:00,1225.72998,25.40999984741211
2011-12-13 16:00:00,1225.72998,25.40999984741211
2011-12-13 20:00:00,1225.72998,25.40999984741211
2011-12-14 00:00:00,1222.2524715000002,25.56750011444092
2011-12-14 04:00:00,1211.819946,26.040000915527344
2011-12-14 08:00:00,1211.819946,26.040000915527344
2011-12-14 12:00:00,1211.819946,26.040000915527344
2011-12-14 16:00:00,1211.819946,26.040000915527344
2011-12-14 20:00:00,1211.819946,26.040000915527344
2011-12-15 00:00:00,1212.8024595,25.8075008392334
2011-12-15 04:00:00,1215.75,25.11000061035156
2011-12-15 08:00:00,1215.75,25.11000061035156
2011-12-15 12:00:00,1215.75,25.11000061035156
2011-12-15 16:00:00,1215.75,25.11000061035156
2011-12-15 20:00:00,1215.75,25.11000061035156
2011-12-16 00:00:00,1216.7275085,24.905000686645504
2011-12-16 04:00:00,1219.660034,24.290000915527344
2011-12-16 08:00:00,1219.660034,24.290000915527344
2011-12-16 12:00:00,1219.660034,24.290000915527344
2011-12-16 16:00:00,1219.660034,24.290000915527344
2011-12-16 20:00:00,1219.660034,24.290000915527344
2011-12-19 00:00:00,1216.0825195,24.447500705718998
2011-12-19 04:00:00,1205.349976,24.920000076293945
2011-12-19 08:00:00,1205.349976,24.920000076293945
2011-12-19 12:00:00,1205.349976,24.920000076293945
2011-12-19 16:00:00,1205.349976,24.920000076293945
2011-12-19 20:00:00,1205.349976,24.920000076293945
2011-12-20 00:00:00,1214.33749425,24.49499988555908
2011-12-20 04:00:00,1241.300049,23.21999931335449
2011-12-20 08:00:00,1241.300049,23.21999931335449
2011-12-20 12:00:00,1241.300049,23.21999931335449
2011-12-20 16:00:00,1241.300049,23.21999931335449
2011-12-20 20:00:00,1241.300049,23.21999931335449
2011-12-21 00:00:00,1241.9050295,22.77249956130981
2011-12-21 04:00:00,1243.719971,21.43000030517578
2011-12-21 08:00:00,1243.719971,21.43000030517578
2011-12-21 12:00:00,1243.719971,21.43000030517578
2011-12-21 16:00:00,1243.719971,21.43000030517578
2011-12-21 20:00:00,1243.719971,21.43000030517578
2011-12-22 00:00:00,1246.28997825,21.362500190734863
2011-12-22 04:00:00,1254.0,21.15999984741211
2011-12-22 08:00:00,1254.0,21.15999984741211
2011-12-22 12:00:00,1254.0,21.15999984741211
2011-12-22 16:00:00,1254.0,21.15999984741211
2011-12-22 20:00:00,1254.0,21.15999984741211
2011-12-23 00:00:00,1256.832489,21.052499771118164
2011-12-23 04:00:00,1265.329956,20.729999542236328
2011-12-23 08:00:00,1265.329956,20.729999542236328
2011-12-23 12:00:00,1265.329956,20.729999542236328
2011-12-23 16:00:00,1265.329956,20.729999542236328
2011-12-23 20:00:00,1265.329956,20.729999542236328
2011-12-27 00:00:00,1265.3549805,21.024999618530277
2011-12-27 04:00:00,1265.430054,21.90999984741211
2011-12-27 08:00:00,1265.430054,21.90999984741211
2011-12-27 12:00:00,1265.430054,21.90999984741211
2011-12-27 16:00:00,1265.430054,21.90999984741211
2011-12-27 20:00:00,1265.430054,21.90999984741211
2011-12-28 00:00:00,1261.4825442499998,22.3125
2011-12-28 04:00:00,1249.640015,23.520000457763672
2011-12-28 08:00:00,1249.640015,23.520000457763672
2011-12-28 12:00:00,1249.640015,23.520000457763672
2011-12-28 16:00:00,1249.640015,23.520000457763672
2011-12-28 20:00:00,1249.640015,23.520000457763672
2011-12-29 00:00:00,1252.98501625,23.30250024795532
2011-12-29 04:00:00,1263.02002,22.64999961853028
2011-12-29 08:00:00,1263.02002,22.64999961853028
2011-12-29 12:00:00,1263.02002,22.64999961853028
2011-12-29 16:00:00,1263.02002,22.64999961853028
2011-12-29 20:00:00,1263.02002,22.64999961853028
2011-12-30 00:00:00,1261.665009,22.83749961853028
2011-12-30 04:00:00,1257.599976,23.39999961853028
2011-12-30 08:00:00,1257.599976,23.39999961853028
2011-12-30 12:00:00,1257.599976,23.39999961853028
2011-12-30 16:00:00,1257.599976,23.39999961853028
2011-12-30 20:00:00,1257.599976,23.39999961853028
2012-01-03 00:00:00,1262.46499675,23.292499542236328
2012-01-03 04:00:00,1277.060059,22.96999931335449
2012-01-03 08:00:00,1277.060059,22.96999931335449
2012-01-03 12:00:00,1277.060059,22.96999931335449
2012-01-03 16:00:00,1277.060059,22.96999931335449
2012-01-03 20:00:00,1277.060059,22.96999931335449
2012-01-04 00:00:00,1277.1200565,22.78249931335449
2012-01-04 04:00:00,1277.300049,22.21999931335449
2012-01-04 08:00:00,1277.300049,22.21999931335449
2012-01-04 12:00:00,1277.300049,22.21999931335449
2012-01-04 16:00:00,1277.300049,22.21999931335449
2012-01-04 20:00:00,1277.300049,22.21999931335449
2012-01-05 00:00:00,1278.2400515,22.03499937057495
2012-01-05 04:00:00,1281.060059,21.479999542236328
2012-01-05 08:00:00,1281.060059,21.479999542236328
2012-01-05 12:00:00,1281.060059,21.479999542236328
2012-01-05 16:00:00,1281.060059,21.479999542236328
2012-01-05 20:00:00,1281.060059,21.479999542236328
2012-01-06 00:00:00,1280.247559,21.267499446868896
2012-01-06 04:00:00,1277.810059,20.6299991607666
2012-01-06 08:00:00,1277.810059,20.6299991607666
2012-01-06 12:00:00,1277.810059,20.6299991607666
2012-01-06 16:00:00,1277.810059,20.6299991607666
2012-01-06 20:00:00,1277.810059,20.6299991607666
2012-01-09 00:00:00,1278.532532,20.73999929428101
2012-01-09 04:00:00,1280.699951,21.06999969482422
2012-01-09 08:00:00,1280.699951,21.06999969482422
2012-01-09 12:00:00,1280.699951,21.06999969482422
2012-01-09 16:00:00,1280.699951,21.06999969482422
2012-01-09 20:00:00,1280.699951,21.06999969482422
2012-01-10 00:00:00,1283.54495225,20.97499990463257
2012-01-10 04:00:00,1292.079956,20.690000534057617
2012-01-10 08:00:00,1292.079956,20.690000534057617
2012-01-10 12:00:00,1292.079956,20.690000534057617
2012-01-10 16:00:00,1292.079956,20.690000534057617
2012-01-10 20:00:00,1292.079956,20.690000534057617
2012-01-11 00:00:00,1292.179962,20.78000020980835
2012-01-11 04:00:00,1292.47998,21.049999237060547
2012-01-11 08:00:00,1292.47998,21.049999237060547
2012-01-11 12:00:00,1292.47998,21.049999237060547
2012-01-11 16:00:00,1292.47998,21.049999237060547
2012-01-11 20:00:00,1292.47998,21.049999237060547
2012-01-12 00:00:00,1293.234985,20.904999256134037
2012-01-12 04:00:00,1295.5,20.46999931335449
2012-01-12 08:00:00,1295.5,20.46999931335449
2012-01-12 12:00:00,1295.5,20.46999931335449
2012-01-12 16:00:00,1295.5,20.46999931335449
2012-01-12 20:00:00,1295.5,20.46999931335449
2012-01-13 00:00:00,1293.8974915,20.579999446868893
2012-01-13 04:00:00,1289.089966,20.90999984741211
2012-01-13 08:00:00,1289.089966,20.90999984741211
2012-01-13 12:00:00,1289.089966,20.90999984741211
2012-01-13 16:00:00,1289.089966,20.90999984741211
2012-01-13 20:00:00,1289.089966,20.90999984741211
2012-01-17 00:00:00,1290.2349855,21.232500076293945
2012-01-17 04:00:00,1293.670044,22.200000762939453
2012-01-17 08:00:00,1293.670044,22.200000762939453
2012-01-17 12:00:00,1293.670044,22.200000762939453
2012-01-17 16:00:00,1293.670044,22.200000762939453
2012-01-17 20:00:00,1293.670044,22.200000762939453
2012-01-18 00:00:00,1297.26254275,21.8725004196167
2012-01-18 04:00:00,1308.040039,20.88999938964844
2012-01-18 08:00:00,1308.040039,20.88999938964844
2012-01-18 12:00:00,1308.040039,20.88999938964844
2012-01-18 16:00:00,1308.040039,20.88999938964844
2012-01-18 20:00:00,1308.040039,20.88999938964844
2012-01-19 00:00:00,1309.65502925,20.63499975204468
2012-01-19 04:00:00,1314.5,19.8700008392334
2012-01-19 08:00:00,1314.5,19.8700008392334
2012-01-19 12:00:00,1314.5,19.8700008392334
2012-01-19 16:00:00,1314.5,19.8700008392334
2012-01-19 20:00:00,1314.5,19.8700008392334
2012-01-20 00:00:00,1314.72000125,19.472500801086422
2012-01-20 04:00:00,1315.380005,18.280000686645508
2012-01-20 08:00:00,1315.380005,18.280000686645508
2012-01-20 12:00:00,1315.380005,18.280000686645508
2012-01-20 16:00:00,1315.380005,18.280000686645508
2012-01-20 20:00:00,1315.380005,18.280000686645508
2012-01-23 00:00:00,1315.53500375,18.377500534057617
2012-01-23 04:00:00,1316.0,18.670000076293945
2012-01-23 08:00:00,1316.0,18.670000076293945
2012-01-23 12:00:00,1316.0,18.670000076293945
2012-01-23 16:00:00,1316.0,18.670000076293945
2012-01-23 20:00:00,1316.0,18.670000076293945
2012-01-24 00:00:00,1315.662506,18.730000019073486
2012-01-24 04:00:00,1314.650024,18.90999984741211
2012-01-24 08:00:00,1314.650024,18.90999984741211
2012-01-24 12:00:00,1314.650024,18.90999984741211
2012-01-24 16:00:00,1314.650024,18.90999984741211
2012-01-24 20:00:00,1314.650024,18.90999984741211
2012-01-25 00:00:00,1317.50253275,18.75999975204468
2012-01-25 04:00:00,1326.060059,18.309999465942383
2012-01-25 08:00:00,1326.060059,18.309999465942383
2012-01-25 12:00:00,1326.060059,18.309999465942383
2012-01-25 16:00:00,1326.060059,18.309999465942383
2012-01-25 20:00:00,1326.060059,18.309999465942383
2012-01-26 00:00:00,1324.15255775,18.37499952316284
2012-01-26 04:00:00,1318.430054,18.56999969482422
2012-01-26 08:00:00,1318.430054,18.56999969482422
2012-01-26 12:00:00,1318.430054,18.56999969482422
2012-01-26 16:00:00,1318.430054,18.56999969482422
2012-01-26 20:00:00,1318.430054,18.56999969482422
2012-01-27 00:00:00,1317.9050295,18.55999994277954
2012-01-27 04:00:00,1316.329956,18.530000686645508
2012-01-27 08:00:00,1316.329956,18.530000686645508
2012-01-27 12:00:00,1316.329956,18.530000686645508
2012-01-27 16:00:00,1316.329956,18.530000686645508
2012-01-27 20:00:00,1316.329956,18.530000686645508
2012-01-30 00:00:00,1315.4999695,18.7475004196167
2012-01-30 04:00:00,1313.01001,19.39999961853028
2012-01-30 08:00:00,1313.01001,19.39999961853028
2012-01-30 12:00:00,1313.01001,19.39999961853028
2012-01-30 16:00:00,1313.01001,19.39999961853028
2012-01-30 20:00:00,1313.01001,19.39999961853028
2012-01-31 00:00:00,1312.860016,19.409999847412116
2012-01-31 04:00:00,1312.410034,19.440000534057617
2012-01-31 08:00:00,1312.410034,19.440000534057617
2012-01-31 12:00:00,1312.410034,19.440000534057617
2012-01-31 16:00:00,1312.410034,19.440000534057617
2012-01-31 20:00:00,1312.410034,19.440000534057617
2012-02-01 00:00:00,1315.330017,19.21750020980835
2012-02-01 04:00:00,1324.089966,18.549999237060547
2012-02-01 08:00:00,1324.089966,18.549999237060547
2012-02-01 12:00:00,1324.089966,18.549999237060547
2012-02-01 16:00:00,1324.089966,18.549999237060547
2012-02-01 20:00:00,1324.089966,18.549999237060547
2012-02-02 00:00:00,1324.45248425,18.40749931335449
2012-02-02 04:00:00,1325.540039,17.979999542236328
2012-02-02 08:00:00,1325.540039,17.979999542236328
2012-02-02 12:00:00,1325.540039,17.979999542236328
2012-02-02 16:00:00,1325.540039,17.979999542236328
2012-02-02 20:00:00,1325.540039,17.979999542236328
2012-02-03 00:00:00,1330.38003525,17.759999752044678
2012-02-03 04:00:00,1344.900024,17.100000381469727
2012-02-03 08:00:00,1344.900024,17.100000381469727
2012-02-03 12:00:00,1344.900024,17.100000381469727
2012-02-03 16:00:00,1344.900024,17.100000381469727
2012-02-03 20:00:00,1344.900024,17.100000381469727
2012-02-06 00:00:00,1344.757507,17.265000343322754
2012-02-06 04:00:00,1344.329956,17.760000228881836
2012-02-06 08:00:00,1344.329956,17.760000228881836
2012-02-06 12:00:00,1344.329956,17.760000228881836
2012-02-06 16:00:00,1344.329956,17.760000228881836
2012-02-06 20:00:00,1344.329956,17.760000228881836
2012-02-07 00:00:00,1345.00997925,17.732500076293945
2012-02-07 04:00:00,1347.050049,17.649999618530273
2012-02-07 08:00:00,1347.050049,17.649999618530273
2012-02-07 12:00:00,1347.050049,17.649999618530273
2012-02-07 16:00:00,1347.050049,17.649999618530273
2012-02-07 20:00:00,1347.050049,17.649999618530273
2012-02-08 00:00:00,1347.777527,17.777499675750732
2012-02-08 04:00:00,1349.959961,18.15999984741211
2012-02-08 08:00:00,1349.959961,18.15999984741211
2012-02-08 12:00:00,1349.959961,18.15999984741211
2012-02-08 16:00:00,1349.959961,18.15999984741211
2012-02-08 20:00:00,1349.959961,18.15999984741211
2012-02-09 00:00:00,1350.4574585,18.27749967575073
2012-02-09 04:00:00,1351.949951,18.6299991607666
2012-02-09 08:00:00,1351.949951,18.6299991607666
2012-02-09 12:00:00,1351.949951,18.6299991607666
2012-02-09 16:00:00,1351.949951,18.6299991607666
2012-02-09 20:00:00,1351.949951,18.6299991607666
2012-02-10 00:00:00,1349.622467,19.169999599456787
2012-02-10 04:00:00,1342.640015,20.790000915527344
2012-02-10 08:00:00,1342.640015,20.790000915527344
2012-02-10 12:00:00,1342.640015,20.790000915527344
2012-02-10 16:00:00,1342.640015,20.790000915527344
2012-02-10 20:00:00,1342.640015,20.790000915527344
2012-02-13 00:00:00,1344.92251625,20.352500915527344
2012-02-13 04:00:00,1351.77002,19.040000915527344
2012-02-13 08:00:00,1351.77002,19.040000915527344
2012-02-13 12:00:00,1351.77002,19.040000915527344
2012-02-13 16:00:00,1351.77002,19.040000915527344
2012-02-13 20:00:00,1351.77002,19.040000915527344
2012-02-14 00:00:00,1351.452515,19.165000915527344
2012-02-14 04:00:00,1350.5,19.540000915527344
2012-02-14 08:00:00,1350.5,19.540000915527344
2012-02-14 12:00:00,1350.5,19.540000915527344
2012-02-14 16:00:00,1350.5,19.540000915527344
2012-02-14 20:00:00,1350.5,19.540000915527344
2012-02-15 00:00:00,1348.682495,19.940000534057617
2012-02-15 04:00:00,1343.22998,21.13999938964844
2012-02-15 08:00:00,1343.22998,21.13999938964844
2012-02-15 12:00:00,1343.22998,21.13999938964844
2012-02-15 16:00:00,1343.22998,21.13999938964844
2012-02-15 20:00:00,1343.22998,21.13999938964844
2012-02-16 00:00:00,1346.9324947500002,20.659999370574955
2012-02-16 04:00:00,1358.040039,19.21999931335449
2012-02-16 08:00:00,1358.040039,19.21999931335449
2012-02-16 12:00:00,1358.040039,19.21999931335449
2012-02-16 16:00:00,1358.040039,19.21999931335449
2012-02-16 20:00:00,1358.040039,19.21999931335449
2012-02-17 00:00:00,1358.83752425,18.859999656677243
2012-02-17 04:00:00,1361.22998,17.780000686645508
2012-02-17 08:00:00,1361.22998,17.780000686645508
2012-02-17 12:00:00,1361.22998,17.780000686645508
2012-02-17 16:00:00,1361.22998,17.780000686645508
2012-02-17 20:00:00,1361.22998,17.780000686645508
2012-02-21 00:00:00,1361.4749752500002,17.882500648498535
2012-02-21 04:00:00,1362.209961,18.190000534057617
2012-02-21 08:00:00,1362.209961,18.190000534057617
2012-02-21 12:00:00,1362.209961,18.190000534057617
2012-02-21 16:00:00,1362.209961,18.190000534057617
2012-02-21 20:00:00,1362.209961,18.190000534057617
2012-02-22 00:00:00,1361.07247925,18.190000534057617
2012-02-22 04:00:00,1357.660034,18.190000534057617
2012-02-22 08:00:00,1357.660034,18.190000534057617
2012-02-22 12:00:00,1357.660034,18.190000534057617
2012-02-22 16:00:00,1357.660034,18.190000534057617
2012-02-22 20:00:00,1357.660034,18.190000534057617
2012-02-23 00:00:00,1359.11001575,17.84250020980835
2012-02-23 04:00:00,1363.459961,16.799999237060547
2012-02-23 08:00:00,1363.459961,16.799999237060547
2012-02-23 12:00:00,1363.459961,16.799999237060547
2012-02-23 16:00:00,1363.459961,16.799999237060547
2012-02-23 20:00:00,1363.459961,16.799999237060547
2012-02-24 00:00:00,1364.02996825,16.927499294281006
2012-02-24 04:00:00,1365.73999,17.309999465942383
2012-02-24 08:00:00,1365.73999,17.309999465942383
2012-02-24 12:00:00,1365.73999,17.309999465942383
2012-02-24 16:00:00,1365.73999,17.309999465942383
2012-02-24 20:00:00,1365.73999,17.309999465942383
2012-02-27 00:00:00,1366.202484,17.52999973297119
2012-02-27 04:00:00,1367.589966,18.190000534057617
2012-02-27 08:00:00,1367.589966,18.190000534057617
2012-02-27 12:00:00,1367.589966,18.190000534057617
2012-02-27 16:00:00,1367.589966,18.190000534057617
2012-02-27 20:00:00,1367.589966,18.190000534057617
2012-02-28 00:00:00,1368.737488,18.132500171661377
2012-02-28 04:00:00,1372.180054,17.959999084472656
2012-02-28 08:00:00,1372.180054,17.959999084472656
2012-02-28 12:00:00,1372.180054,17.959999084472656
2012-02-28 16:00:00,1372.180054,17.959999084472656
2012-02-28 20:00:00,1372.180054,17.959999084472656
2012-02-29 00:00:00,1370.555054,18.07749938964844
2012-02-29 04:00:00,1365.680054,18.43000030517578
2012-02-29 08:00:00,1365.680054,18.43000030517578
2012-02-29 12:00:00,1365.680054,18.43000030517578
2012-02-29 16:00:00,1365.680054,18.43000030517578
2012-02-29 20:00:00,1365.680054,18.43000030517578
2012-03-01 00:00:00,1367.782532,18.13750028610229
2012-03-01 04:00:00,1374.089966,17.260000228881836
2012-03-01 08:00:00,1374.089966,17.260000228881836
2012-03-01 12:00:00,1374.089966,17.260000228881836
2012-03-01 16:00:00,1374.089966,17.260000228881836
2012-03-01 20:00:00,1374.089966,17.260000228881836
2012-03-02 00:00:00,1372.97497575,17.267500400543213
2012-03-02 04:00:00,1369.630005,17.290000915527344
2012-03-02 08:00:00,1369.630005,17.290000915527344
2012-03-02 12:00:00,1369.630005,17.290000915527344
2012-03-02 16:00:00,1369.630005,17.290000915527344
2012-03-02 20:00:00,1369.630005,17.290000915527344
2012-03-05 00:00:00,1368.30499275,17.480000495910645
2012-03-05 04:00:00,1364.329956,18.049999237060547
2012-03-05 08:00:00,1364.329956,18.049999237060547
2012-03-05 12:00:00,1364.329956,18.049999237060547
2012-03-05 16:00:00,1364.329956,18.049999237060547
2012-03-05 20:00:00,1364.329956,18.049999237060547
2012-03-06 00:00:00,1359.08746325,18.75499963760376
2012-03-06 04:00:00,1343.359985,20.8700008392334
2012-03-06 08:00:00,1343.359985,20.8700008392334
2012-03-06 12:00:00,1343.359985,20.8700008392334
2012-03-06 16:00:00,1343.359985,20.8700008392334
2012-03-06 20:00:00,1343.359985,20.8700008392334
2012-03-07 00:00:00,1345.67749,20.420000553131104
2012-03-07 04:00:00,1352.630005,19.06999969482422
2012-03-07 08:00:00,1352.630005,19.06999969482422
2012-03-07 12:00:00,1352.630005,19.06999969482422
2012-03-07 16:00:00,1352.630005,19.06999969482422
2012-03-07 20:00:00,1352.630005,19.06999969482422
2012-03-08 00:00:00,1355.95001225,18.789999961853027
2012-03-08 04:00:00,1365.910034,17.950000762939453
2012-03-08 08:00:00,1365.910034,17.950000762939453
2012-03-08 12:00:00,1365.910034,17.950000762939453
2012-03-08 16:00:00,1365.910034,17.950000762939453
2012-03-08 20:00:00,1365.910034,17.950000762939453
2012-03-09 00:00:00,1367.15002425,17.74000072479248
2012-03-09 04:00:00,1370.869995,17.110000610351562
2012-03-09 08:00:00,1370.869995,17.110000610351562
2012-03-09 12:00:00,1370.869995,17.110000610351562
2012-03-09 16:00:00,1370.869995,17.110000610351562
2012-03-09 20:00:00,1370.869995,17.110000610351562
2012-03-12 00:00:00,1370.92498775,16.74250054359436
2012-03-12 04:00:00,1371.089966,15.640000343322754
2012-03-12 08:00:00,1371.089966,15.640000343322754
2012-03-12 12:00:00,1371.089966,15.640000343322754
2012-03-12 16:00:00,1371.089966,15.640000343322754
2012-03-12 20:00:00,1371.089966,15.640000343322754
2012-03-13 00:00:00,1377.30496225,15.43000030517578
2012-03-13 04:00:00,1395.949951,14.800000190734863
2012-03-13 08:00:00,1395.949951,14.800000190734863
2012-03-13 12:00:00,1395.949951,14.800000190734863
2012-03-13 16:00:00,1395.949951,14.800000190734863
2012-03-13 20:00:00,1395.949951,14.800000190734863
2012-03-14 00:00:00,1395.5324705,14.927500247955322
2012-03-14 04:00:00,1394.280029,15.3100004196167
2012-03-14 08:00:00,1394.280029,15.3100004196167
2012-03-14 12:00:00,1394.280029,15.3100004196167
2012-03-14 16:00:00,1394.280029,15.3100004196167
2012-03-14 20:00:00,1394.280029,15.3100004196167
2012-03-15 00:00:00,1396.36001575,15.33750033378601
2012-03-15 04:00:00,1402.599976,15.420000076293944
2012-03-15 08:00:00,1402.599976,15.420000076293944
2012-03-15 12:00:00,1402.599976,15.420000076293944
2012-03-15 16:00:00,1402.599976,15.420000076293944
2012-03-15 20:00:00,1402.599976,15.420000076293944
2012-03-16 00:00:00,1402.992493,15.18250012397766
2012-03-16 04:00:00,1404.170044,14.470000267028809
2012-03-16 08:00:00,1404.170044,14.470000267028809
2012-03-16 12:00:00,1404.170044,14.470000267028809
2012-03-16 16:00:00,1404.170044,14.470000267028809
2012-03-16 20:00:00,1404.170044,14.470000267028809
2012-03-19 00:00:00,1405.565033,14.612500190734863
2012-03-19 04:00:00,1409.75,15.039999961853027
2012-03-19 08:00:00,1409.75,15.039999961853027
2012-03-19 12:00:00,1409.75,15.039999961853027
2012-03-19 16:00:00,1409.75,15.039999961853027
2012-03-19 20:00:00,1409.75,15.039999961853027
2012-03-20 00:00:00,1408.692505,15.174999952316284
2012-03-20 04:00:00,1405.52002,15.579999923706056
2012-03-20 08:00:00,1405.52002,15.579999923706056
2012-03-20 12:00:00,1405.52002,15.579999923706056
2012-03-20 16:00:00,1405.52002,15.579999923706056
2012-03-20 20:00:00,1405.52002,15.579999923706056
2012-03-21 00:00:00,1404.86251875,15.467499971389772
2012-03-21 04:00:00,1402.890015,15.130000114440918
2012-03-21 08:00:00,1402.890015,15.130000114440918
2012-03-21 12:00:00,1402.890015,15.130000114440918
2012-03-21 16:00:00,1402.890015,15.130000114440918
2012-03-21 20:00:00,1402.890015,15.130000114440918
2012-03-22 00:00:00,1400.3625185,15.240000009536743
2012-03-22 04:00:00,1392.780029,15.56999969482422
2012-03-22 08:00:00,1392.780029,15.56999969482422
2012-03-22 12:00:00,1392.780029,15.56999969482422
2012-03-22 16:00:00,1392.780029,15.56999969482422
2012-03-22 20:00:00,1392.780029,15.56999969482422
2012-03-23 00:00:00,1393.862518,15.38249969482422
2012-03-23 04:00:00,1397.109985,14.81999969482422
2012-03-23 08:00:00,1397.109985,14.81999969482422
2012-03-23 12:00:00,1397.109985,14.81999969482422
2012-03-23 16:00:00,1397.109985,14.81999969482422
2012-03-23 20:00:00,1397.109985,14.81999969482422
2012-03-26 00:00:00,1401.95999125,14.679999828338625
2012-03-26 04:00:00,1416.51001,14.260000228881836
2012-03-26 08:00:00,1416.51001,14.260000228881836
2012-03-26 12:00:00,1416.51001,14.260000228881836
2012-03-26 16:00:00,1416.51001,14.260000228881836
2012-03-26 20:00:00,1416.51001,14.260000228881836
2012-03-27 00:00:00,1415.5125125,14.59250020980835
2012-03-27 04:00:00,1412.52002,15.59000015258789
2012-03-27 08:00:00,1412.52002,15.59000015258789
2012-03-27 12:00:00,1412.52002,15.59000015258789
2012-03-27 16:00:00,1412.52002,15.59000015258789
2012-03-27 20:00:00,1412.52002,15.59000015258789
2012-03-28 00:00:00,1410.7750247499998,15.56000018119812
2012-03-28 04:00:00,1405.540039,15.470000267028809
2012-03-28 08:00:00,1405.540039,15.470000267028809
2012-03-28 12:00:00,1405.540039,15.470000267028809
2012-03-28 16:00:00,1405.540039,15.470000267028809
2012-03-28 20:00:00,1405.540039,15.470000267028809
2012-03-29 00:00:00,1404.9750365,15.472500085830688
2012-03-29 04:00:00,1403.280029,15.479999542236328
2012-03-29 08:00:00,1403.280029,15.479999542236328
2012-03-29 12:00:00,1403.280029,15.479999542236328
2012-03-29 16:00:00,1403.280029,15.479999542236328
2012-03-29 20:00:00,1403.280029,15.479999542236328
2012-03-30 00:00:00,1404.5775145,15.484999656677246
2012-03-30 04:00:00,1408.469971,15.5
2012-03-30 08:00:00,1408.469971,15.5
2012-03-30 12:00:00,1408.469971,15.5
2012-03-30 16:00:00,1408.469971,15.5
2012-03-30 20:00:00,1408.469971,15.5
2012-04-02 00:00:00,1411.112488,15.535000085830688
2012-04-02 04:00:00,1419.040039,15.640000343322754
2012-04-02 08:00:00,1419.040039,15.640000343322754
2012-04-02 12:00:00,1419.040039,15.640000343322754
2012-04-02 16:00:00,1419.040039,15.640000343322754
2012-04-02 20:00:00,1419.040039,15.640000343322754
2012-04-03 00:00:00,1417.6250305,15.645000219345093
2012-04-03 04:00:00,1413.380005,15.65999984741211
2012-04-03 08:00:00,1413.380005,15.65999984741211
2012-04-03 12:00:00,1413.380005,15.65999984741211
2012-04-03 16:00:00,1413.380005,15.65999984741211
2012-04-03 20:00:00,1413.380005,15.65999984741211
2012-04-04 00:00:00,1409.774994,15.855000019073486
2012-04-04 04:00:00,1398.959961,16.440000534057617
2012-04-04 08:00:00,1398.959961,16.440000534057617
2012-04-04 12:00:00,1398.959961,16.440000534057617
2012-04-04 16:00:00,1398.959961,16.440000534057617
2012-04-04 20:00:00,1398.959961,16.440000534057617
2012-04-05 00:00:00,1398.73995975,16.505000591278076
2012-04-05 04:00:00,1398.079956,16.700000762939453
2012-04-05 08:00:00,1398.079956,16.700000762939453
2012-04-05 12:00:00,1398.079956,16.700000762939453
2012-04-05 16:00:00,1398.079956,16.700000762939453
2012-04-05 20:00:00,1398.079956,16.700000762939453
2012-04-09 00:00:00,1394.10995475,17.227500438690186
2012-04-09 04:00:00,1382.199951,18.809999465942383
2012-04-09 08:00:00,1382.199951,18.809999465942383
2012-04-09 12:00:00,1382.199951,18.809999465942383
2012-04-09 16:00:00,1382.199951,18.809999465942383
2012-04-09 20:00:00,1382.199951,18.809999465942383
2012-04-10 00:00:00,1376.29745475,19.204999446868896
2012-04-10 04:00:00,1358.589966,20.38999938964844
2012-04-10 08:00:00,1358.589966,20.38999938964844
2012-04-10 12:00:00,1358.589966,20.38999938964844
2012-04-10 16:00:00,1358.589966,20.38999938964844
2012-04-10 20:00:00,1358.589966,20.38999938964844
2012-04-11 00:00:00,1361.11996475,20.29749965667725
2012-04-11 04:00:00,1368.709961,20.020000457763672
2012-04-11 08:00:00,1368.709961,20.020000457763672
2012-04-11 12:00:00,1368.709961,20.020000457763672
2012-04-11 16:00:00,1368.709961,20.020000457763672
2012-04-11 20:00:00,1368.709961,20.020000457763672
2012-04-12 00:00:00,1373.42495725,19.315000534057617
2012-04-12 04:00:00,1387.569946,17.200000762939453
2012-04-12 08:00:00,1387.569946,17.200000762939453
2012-04-12 12:00:00,1387.569946,17.200000762939453
2012-04-12 16:00:00,1387.569946,17.200000762939453
2012-04-12 20:00:00,1387.569946,17.200000762939453
2012-04-13 00:00:00,1383.242462,17.787500381469727
2012-04-13 04:00:00,1370.26001,19.549999237060547
2012-04-13 08:00:00,1370.26001,19.549999237060547
2012-04-13 12:00:00,1370.26001,19.549999237060547
2012-04-13 16:00:00,1370.26001,19.549999237060547
2012-04-13 20:00:00,1370.26001,19.549999237060547
2012-04-16 00:00:00,1370.087494,19.549999237060547
2012-04-16 04:00:00,1369.569946,19.549999237060547
2012-04-16 08:00:00,1369.569946,19.549999237060547
2012-04-16 12:00:00,1369.569946,19.549999237060547
2012-04-16 16:00:00,1369.569946,19.549999237060547
2012-04-16 20:00:00,1369.569946,19.549999237060547
2012-04-17 00:00:00,1374.87246675,19.27749919891357
2012-04-17 04:00:00,1390.780029,18.459999084472656
2012-04-17 08:00:00,1390.780029,18.459999084472656
2012-04-17 12:00:00,1390.780029,18.459999084472656
2012-04-17 16:00:00,1390.780029,18.459999084472656
2012-04-17 20:00:00,1390.780029,18.459999084472656
2012-04-18 00:00:00,1389.3700255,18.5049991607666
2012-04-18 04:00:00,1385.140015,18.63999938964844
2012-04-18 08:00:00,1385.140015,18.63999938964844
2012-04-18 12:00:00,1385.140015,18.63999938964844
2012-04-18 16:00:00,1385.140015,18.63999938964844
2012-04-18 20:00:00,1385.140015,18.63999938964844
2012-04-19 00:00:00,1383.08502225,18.569999694824222
2012-04-19 04:00:00,1376.920044,18.36000061035156
2012-04-19 08:00:00,1376.920044,18.36000061035156
2012-04-19 12:00:00,1376.920044,18.36000061035156
2012-04-19 16:00:00,1376.920044,18.36000061035156
2012-04-19 20:00:00,1376.920044,18.36000061035156
2012-04-20 00:00:00,1377.32254025,18.130000591278076
2012-04-20 04:00:00,1378.530029,17.440000534057617
2012-04-20 08:00:00,1378.530029,17.440000534057617
2012-04-20 12:00:00,1378.530029,17.440000534057617
2012-04-20 16:00:00,1378.530029,17.440000534057617
2012-04-20 20:00:00,1378.530029,17.440000534057617
2012-04-23 00:00:00,1375.632507,17.822500228881836
2012-04-23 04:00:00,1366.939941,18.96999931335449
2012-04-23 08:00:00,1366.939941,18.96999931335449
2012-04-23 12:00:00,1366.939941,18.96999931335449
2012-04-23 16:00:00,1366.939941,18.96999931335449
2012-04-23 20:00:00,1366.939941,18.96999931335449
2012-04-24 00:00:00,1368.1974485,18.752499580383297
2012-04-24 04:00:00,1371.969971,18.100000381469727
2012-04-24 08:00:00,1371.969971,18.100000381469727
2012-04-24 12:00:00,1371.969971,18.100000381469727
2012-04-24 16:00:00,1371.969971,18.100000381469727
2012-04-24 20:00:00,1371.969971,18.100000381469727
2012-04-25 00:00:00,1376.6499635,17.78000020980835
2012-04-25 04:00:00,1390.689941,16.81999969482422
2012-04-25 08:00:00,1390.689941,16.81999969482422
2012-04-25 12:00:00,1390.689941,16.81999969482422
2012-04-25 16:00:00,1390.689941,16.81999969482422
2012-04-25 20:00:00,1390.689941,16.81999969482422
2012-04-26 00:00:00,1393.0124507500002,16.674999713897705
2012-04-26 04:00:00,1399.97998,16.239999771118164
2012-04-26 08:00:00,1399.97998,16.239999771118164
2012-04-26 12:00:00,1399.97998,16.239999771118164
2012-04-26 16:00:00,1399.97998,16.239999771118164
2012-04-26 20:00:00,1399.97998,16.239999771118164
2012-04-27 00:00:00,1400.82498125,16.259999752044678
2012-04-27 04:00:00,1403.359985,16.31999969482422
2012-04-27 08:00:00,1403.359985,16.31999969482422
2012-04-27 12:00:00,1403.359985,16.31999969482422
2012-04-27 16:00:00,1403.359985,16.31999969482422
2012-04-27 20:00:00,1403.359985,16.31999969482422
2012-04-30 00:00:00,1401.99749725,16.527499675750732
2012-04-30 04:00:00,1397.910034,17.149999618530273
2012-04-30 08:00:00,1397.910034,17.149999618530273
2012-04-30 12:00:00,1397.910034,17.149999618530273
2012-04-30 16:00:00,1397.910034,17.149999618530273
2012-04-30 20:00:00,1397.910034,17.149999618530273
2012-05-01 00:00:00,1399.887512,17.012499809265137
2012-05-01 04:00:00,1405.819946,16.600000381469727
2012-05-01 08:00:00,1405.819946,16.600000381469727
2012-05-01 12:00:00,1405.819946,16.600000381469727
2012-05-01 16:00:00,1405.819946,16.600000381469727
2012-05-01 20:00:00,1405.819946,16.600000381469727
2012-05-02 00:00:00,1404.94247425,16.670000076293945
2012-05-02 04:00:00,1402.310059,16.8799991607666
2012-05-02 08:00:00,1402.310059,16.8799991607666
2012-05-02 12:00:00,1402.310059,16.8799991607666
2012-05-02 16:00:00,1402.310059,16.8799991607666
2012-05-02 20:00:00,1402.310059,16.8799991607666
2012-05-03 00:00:00,1399.62503075,17.049999237060547
2012-05-03 04:00:00,1391.569946,17.559999465942383
2012-05-03 08:00:00,1391.569946,17.559999465942383
2012-05-03 12:00:00,1391.569946,17.559999465942383
2012-05-03 16:00:00,1391.569946,17.559999465942383
2012-05-03 20:00:00,1391.569946,17.559999465942383
2012-05-04 00:00:00,1385.9524535,17.959999561309814
2012-05-04 04:00:00,1369.099976,19.15999984741211
2012-05-04 08:00:00,1369.099976,19.15999984741211
2012-05-04 12:00:00,1369.099976,19.15999984741211
2012-05-04 16:00:00,1369.099976,19.15999984741211
2012-05-04 20:00:00,1369.099976,19.15999984741211
2012-05-07 00:00:00,1369.219971,19.105000019073486
2012-05-07 04:00:00,1369.579956,18.940000534057617
2012-05-07 08:00:00,1369.579956,18.940000534057617
2012-05-07 12:00:00,1369.579956,18.940000534057617
2012-05-07 16:00:00,1369.579956,18.940000534057617
2012-05-07 20:00:00,1369.579956,18.940000534057617
2012-05-08 00:00:00,1368.11495975,18.96750020980835
2012-05-08 04:00:00,1363.719971,19.049999237060547
2012-05-08 08:00:00,1363.719971,19.049999237060547
2012-05-08 12:00:00,1363.719971,19.049999237060547
2012-05-08 16:00:00,1363.719971,19.049999237060547
2012-05-08 20:00:00,1363.719971,19.049999237060547
2012-05-09 00:00:00,1361.43496725,19.307499408721924
2012-05-09 04:00:00,1354.579956,20.07999992370605
2012-05-09 08:00:00,1354.579956,20.07999992370605
2012-05-09 12:00:00,1354.579956,20.07999992370605
2012-05-09 16:00:00,1354.579956,20.07999992370605
2012-05-09 20:00:00,1354.579956,20.07999992370605
2012-05-10 00:00:00,1355.4324645,19.76749992370605
2012-05-10 04:00:00,1357.98999,18.82999992370605
2012-05-10 08:00:00,1357.98999,18.82999992370605
2012-05-10 12:00:00,1357.98999,18.82999992370605
2012-05-10 16:00:00,1357.98999,18.82999992370605
2012-05-10 20:00:00,1357.98999,18.82999992370605
2012-05-11 00:00:00,1356.83999625,19.094999790191647
2012-05-11 04:00:00,1353.390015,19.88999938964844
2012-05-11 08:00:00,1353.390015,19.88999938964844
2012-05-11 12:00:00,1353.390015,19.88999938964844
2012-05-11 16:00:00,1353.390015,19.88999938964844
2012-05-11 20:00:00,1353.390015,19.88999938964844
2012-05-14 00:00:00,1349.63000525,20.38499975204468
2012-05-14 04:00:00,1338.349976,21.8700008392334
2012-05-14 08:00:00,1338.349976,21.8700008392334
2012-05-14 12:00:00,1338.349976,21.8700008392334
2012-05-14 16:00:00,1338.349976,21.8700008392334
2012-05-14 20:00:00,1338.349976,21.8700008392334
2012-05-15 00:00:00,1336.4274905,21.895000457763672
2012-05-15 04:00:00,1330.660034,21.96999931335449
2012-05-15 08:00:00,1330.660034,21.96999931335449
2012-05-15 12:00:00,1330.660034,21.96999931335449
2012-05-15 16:00:00,1330.660034,21.96999931335449
2012-05-15 20:00:00,1330.660034,21.96999931335449
2012-05-16 00:00:00,1329.19503775,22.044999599456784
2012-05-16 04:00:00,1324.800049,22.270000457763672
2012-05-16 08:00:00,1324.800049,22.270000457763672
2012-05-16 12:00:00,1324.800049,22.270000457763672
2012-05-16 16:00:00,1324.800049,22.270000457763672
2012-05-16 20:00:00,1324.800049,22.270000457763672
2012-05-17 00:00:00,1319.815033,22.82500028610229
2012-05-17 04:00:00,1304.859985,24.489999771118164
2012-05-17 08:00:00,1304.859985,24.489999771118164
2012-05-17 12:00:00,1304.859985,24.489999771118164
2012-05-17 16:00:00,1304.859985,24.489999771118164
2012-05-17 20:00:00,1304.859985,24.489999771118164
2012-05-18 00:00:00,1302.4499815,24.64249992370605
2012-05-18 04:00:00,1295.219971,25.100000381469727
2012-05-18 08:00:00,1295.219971,25.100000381469727
2012-05-18 12:00:00,1295.219971,25.100000381469727
2012-05-18 16:00:00,1295.219971,25.100000381469727
2012-05-18 20:00:00,1295.219971,25.100000381469727
2012-05-21 00:00:00,1300.41247575,24.327500343322757
2012-05-21 04:00:00,1315.98999,22.01000022888184
2012-05-21 08:00:00,1315.98999,22.01000022888184
2012-05-21 12:00:00,1315.98999,22.01000022888184
2012-05-21 16:00:00,1315.98999,22.01000022888184
2012-05-21 20:00:00,1315.98999,22.01000022888184
2012-05-22 00:00:00,1316.14999375,22.12750005722046
2012-05-22 04:00:00,1316.630005,22.479999542236328
2012-05-22 08:00:00,1316.630005,22.479999542236328
2012-05-22 12:00:00,1316.630005,22.479999542236328
2012-05-22 16:00:00,1316.630005,22.479999542236328
2012-05-22 20:00:00,1316.630005,22.479999542236328
2012-05-23 00:00:00,1317.1875,22.44249963760376
2012-05-23 04:00:00,1318.859985,22.32999992370605
2012-05-23 08:00:00,1318.859985,22.32999992370605
2012-05-23 12:00:00,1318.859985,22.32999992370605
2012-05-23 16:00:00,1318.859985,22.32999992370605
2012-05-23 20:00:00,1318.859985,22.32999992370605
2012-05-24 00:00:00,1319.31500225,22.132500171661373
2012-05-24 04:00:00,1320.680054,21.540000915527344
2012-05-24 08:00:00,1320.680054,21.540000915527344
2012-05-24 12:00:00,1320.680054,21.540000915527344
2012-05-24 16:00:00,1320.680054,21.540000915527344
2012-05-24 20:00:00,1320.680054,21.540000915527344
2012-05-25 00:00:00,1319.965027,21.595000743865967
2012-05-25 04:00:00,1317.819946,21.76000022888184
2012-05-25 08:00:00,1317.819946,21.76000022888184
2012-05-25 12:00:00,1317.819946,21.76000022888184
2012-05-25 16:00:00,1317.819946,21.76000022888184
2012-05-25 20:00:00,1317.819946,21.76000022888184
2012-05-29 00:00:00,1321.4699705,21.577500343322757
2012-05-29 04:00:00,1332.420044,21.030000686645508
2012-05-29 08:00:00,1332.420044,21.030000686645508
2012-05-29 12:00:00,1332.420044,21.030000686645508
2012-05-29 16:00:00,1332.420044,21.030000686645508
2012-05-29 20:00:00,1332.420044,21.030000686645508
2012-05-30 00:00:00,1327.6450195,21.80750036239624
2012-05-30 04:00:00,1313.319946,24.13999938964844
2012-05-30 08:00:00,1313.319946,24.13999938964844
2012-05-30 12:00:00,1313.319946,24.13999938964844
2012-05-30 16:00:00,1313.319946,24.13999938964844
2012-05-30 20:00:00,1313.319946,24.13999938964844
2012-05-31 00:00:00,1312.5724485,24.119999408721927
2012-05-31 04:00:00,1310.329956,24.059999465942383
2012-05-31 08:00:00,1310.329956,24.059999465942383
2012-05-31 12:00:00,1310.329956,24.059999465942383
2012-05-31 16:00:00,1310.329956,24.059999465942383
2012-05-31 20:00:00,1310.329956,24.059999465942383
2012-06-01 00:00:00,1302.25747675,24.70999956130981
2012-06-01 04:00:00,1278.040039,26.65999984741211
2012-06-01 08:00:00,1278.040039,26.65999984741211
2012-06-01 12:00:00,1278.040039,26.65999984741211
2012-06-01 16:00:00,1278.040039,26.65999984741211
2012-06-01 20:00:00,1278.040039,26.65999984741211
2012-06-04 00:00:00,1278.07504275,26.52500009536743
2012-06-04 04:00:00,1278.180054,26.1200008392334
2012-06-04 08:00:00,1278.180054,26.1200008392334
2012-06-04 12:00:00,1278.180054,26.1200008392334
2012-06-04 16:00:00,1278.180054,26.1200008392334
2012-06-04 20:00:00,1278.180054,26.1200008392334
2012-06-05 00:00:00,1280.0100405,25.760000705718998
2012-06-05 04:00:00,1285.5,24.68000030517578
2012-06-05 08:00:00,1285.5,24.68000030517578
2012-06-05 12:00:00,1285.5,24.68000030517578
2012-06-05 16:00:00,1285.5,24.68000030517578
2012-06-05 20:00:00,1285.5,24.68000030517578
2012-06-06 00:00:00,1292.90750125,24.050000190734863
2012-06-06 04:00:00,1315.130005,22.15999984741211
2012-06-06 08:00:00,1315.130005,22.15999984741211
2012-06-06 12:00:00,1315.130005,22.15999984741211
2012-06-06 16:00:00,1315.130005,22.15999984741211
2012-06-06 20:00:00,1315.130005,22.15999984741211
2012-06-07 00:00:00,1315.09500125,22.049999713897705
2012-06-07 04:00:00,1314.98999,21.71999931335449
2012-06-07 08:00:00,1314.98999,21.71999931335449
2012-06-07 12:00:00,1314.98999,21.71999931335449
2012-06-07 16:00:00,1314.98999,21.71999931335449
2012-06-07 20:00:00,1314.98999,21.71999931335449
2012-06-08 00:00:00,1317.657501,21.597499370574948
2012-06-08 04:00:00,1325.660034,21.229999542236328
2012-06-08 08:00:00,1325.660034,21.229999542236328
2012-06-08 12:00:00,1325.660034,21.229999542236328
2012-06-08 16:00:00,1325.660034,21.229999542236328
2012-06-08 20:00:00,1325.660034,21.229999542236328
2012-06-11 00:00:00,1321.477539,21.81249952316284
2012-06-11 04:00:00,1308.930054,23.559999465942383
2012-06-11 08:00:00,1308.930054,23.559999465942383
2012-06-11 12:00:00,1308.930054,23.559999465942383
2012-06-11 16:00:00,1308.930054,23.559999465942383
2012-06-11 20:00:00,1308.930054,23.559999465942383
2012-06-12 00:00:00,1312.742554,23.19249963760376
2012-06-12 04:00:00,1324.180054,22.09000015258789
2012-06-12 08:00:00,1324.180054,22.09000015258789
2012-06-12 12:00:00,1324.180054,22.09000015258789
2012-06-12 16:00:00,1324.180054,22.09000015258789
2012-06-12 20:00:00,1324.180054,22.09000015258789
2012-06-13 00:00:00,1321.8550417499998,22.63500022888184
2012-06-13 04:00:00,1314.880005,24.270000457763672
2012-06-13 08:00:00,1314.880005,24.270000457763672
2012-06-13 12:00:00,1314.880005,24.270000457763672
2012-06-13 16:00:00,1314.880005,24.270000457763672
2012-06-13 20:00:00,1314.880005,24.270000457763672
2012-06-14 00:00:00,1318.43499775,23.6225004196167
2012-06-14 04:00:00,1329.099976,21.68000030517578
2012-06-14 08:00:00,1329.099976,21.68000030517578
2012-06-14 12:00:00,1329.099976,21.68000030517578
2012-06-14 16:00:00,1329.099976,21.68000030517578
2012-06-14 20:00:00,1329.099976,21.68000030517578
2012-06-15 00:00:00,1332.5349735,21.537500381469727
2012-06-15 04:00:00,1342.839966,21.11000061035156
2012-06-15 08:00:00,1342.839966,21.11000061035156
2012-06-15 12:00:00,1342.839966,21.11000061035156
2012-06-15 16:00:00,1342.839966,21.11000061035156
2012-06-15 20:00:00,1342.839966,21.11000061035156
2012-06-18 00:00:00,1343.32498175,20.412500381469723
2012-06-18 04:00:00,1344.780029,18.31999969482422
2012-06-18 08:00:00,1344.780029,18.31999969482422
2012-06-18 12:00:00,1344.780029,18.31999969482422
2012-06-18 16:00:00,1344.780029,18.31999969482422
2012-06-18 20:00:00,1344.780029,18.31999969482422
2012-06-19 00:00:00,1348.08001675,18.33499956130981
2012-06-19 04:00:00,1357.97998,18.3799991607666
2012-06-19 08:00:00,1357.97998,18.3799991607666
2012-06-19 12:00:00,1357.97998,18.3799991607666
2012-06-19 16:00:00,1357.97998,18.3799991607666
2012-06-19 20:00:00,1357.97998,18.3799991607666
2012-06-20 00:00:00,1357.40747025,18.09499931335449
2012-06-20 04:00:00,1355.689941,17.239999771118164
2012-06-20 08:00:00,1355.689941,17.239999771118164
2012-06-20 12:00:00,1355.689941,17.239999771118164
2012-06-20 16:00:00,1355.689941,17.239999771118164
2012-06-20 20:00:00,1355.689941,17.239999771118164
2012-06-21 00:00:00,1348.1449582500002,17.949999809265137
2012-06-21 04:00:00,1325.51001,20.07999992370605
2012-06-21 08:00:00,1325.51001,20.07999992370605
2012-06-21 12:00:00,1325.51001,20.07999992370605
2012-06-21 16:00:00,1325.51001,20.07999992370605
2012-06-21 20:00:00,1325.51001,20.07999992370605
2012-06-22 00:00:00,1327.8875125,19.587500095367428
2012-06-22 04:00:00,1335.02002,18.11000061035156
2012-06-22 08:00:00,1335.02002,18.11000061035156
2012-06-22 12:00:00,1335.02002,18.11000061035156
2012-06-22 16:00:00,1335.02002,18.11000061035156
2012-06-22 20:00:00,1335.02002,18.11000061035156
2012-06-25 00:00:00,1329.6950077499998,18.67750024795532
2012-06-25 04:00:00,1313.719971,20.3799991607666
2012-06-25 08:00:00,1313.719971,20.3799991607666
2012-06-25 12:00:00,1313.719971,20.3799991607666
2012-06-25 16:00:00,1313.719971,20.3799991607666
2012-06-25 20:00:00,1313.719971,20.3799991607666
2012-06-26 00:00:00,1315.28747575,20.21499919891357
2012-06-26 04:00:00,1319.98999,19.71999931335449
2012-06-26 08:00:00,1319.98999,19.71999931335449
2012-06-26 12:00:00,1319.98999,19.71999931335449
2012-06-26 16:00:00,1319.98999,19.71999931335449
2012-06-26 20:00:00,1319.98999,19.71999931335449
2012-06-27 00:00:00,1322.9549865,19.65249967575073
2012-06-27 04:00:00,1331.849976,19.450000762939453
2012-06-27 08:00:00,1331.849976,19.450000762939453
2012-06-27 12:00:00,1331.849976,19.450000762939453
2012-06-27 16:00:00,1331.849976,19.450000762939453
2012-06-27 20:00:00,1331.849976,19.450000762939453
2012-06-28 00:00:00,1331.14749175,19.515000343322757
2012-06-28 04:00:00,1329.040039,19.709999084472656
2012-06-28 08:00:00,1329.040039,19.709999084472656
2012-06-28 12:00:00,1329.040039,19.709999084472656
2012-06-28 16:00:00,1329.040039,19.709999084472656
2012-06-28 20:00:00,1329.040039,19.709999084472656
2012-06-29 00:00:00,1337.32003775,19.05249929428101
2012-06-29 04:00:00,1362.160034,17.079999923706055
2012-06-29 08:00:00,1362.160034,17.079999923706055
2012-06-29 12:00:00,1362.160034,17.079999923706055
2012-06-29 16:00:00,1362.160034,17.079999923706055
2012-06-29 20:00:00,1362.160034,17.079999923706055
2012-07-02 00:00:00,1362.997528,17.009999752044678
2012-07-02 04:00:00,1365.51001,16.799999237060547
2012-07-02 08:00:00,1365.51001,16.799999237060547
2012-07-02 12:00:00,1365.51001,16.799999237060547
2012-07-02 16:00:00,1365.51001,16.799999237060547
2012-07-02 20:00:00,1365.51001,16.799999237060547
2012-07-03 00:00:00,1367.6375125,16.764999389648438
2012-07-03 04:00:00,1374.02002,16.65999984741211
2012-07-03 08:00:00,1374.02002,16.65999984741211
2012-07-03 12:00:00,1374.02002,16.65999984741211
2012-07-03 16:00:00,1374.02002,16.65999984741211
2012-07-03 20:00:00,1374.02002,16.65999984741211
2012-07-05 00:00:00,1372.410004,16.869999885559082
2012-07-05 04:00:00,1367.579956,17.5
2012-07-05 08:00:00,1367.579956,17.5
2012-07-05 12:00:00,1367.579956,17.5
2012-07-05 16:00:00,1367.579956,17.5
2012-07-05 20:00:00,1367.579956,17.5
2012-07-06 00:00:00,1364.3549805,17.40000009536743
2012-07-06 04:00:00,1354.680054,17.100000381469727
2012-07-06 08:00:00,1354.680054,17.100000381469727
2012-07-06 12:00:00,1354.680054,17.100000381469727
2012-07-06 16:00:00,1354.680054,17.100000381469727
2012-07-06 20:00:00,1354.680054,17.100000381469727
2012-07-09 00:00:00,1354.12503075,17.320000171661377
2012-07-09 04:00:00,1352.459961,17.979999542236328
2012-07-09 08:00:00,1352.459961,17.979999542236328
2012-07-09 12:00:00,1352.459961,17.979999542236328
2012-07-09 16:00:00,1352.459961,17.979999542236328
2012-07-09 20:00:00,1352.459961,17.979999542236328
2012-07-10 00:00:00,1349.7124635,18.16499948501587
2012-07-10 04:00:00,1341.469971,18.71999931335449
2012-07-10 08:00:00,1341.469971,18.71999931335449
2012-07-10 12:00:00,1341.469971,18.71999931335449
2012-07-10 16:00:00,1341.469971,18.71999931335449
2012-07-10 20:00:00,1341.469971,18.71999931335449
2012-07-11 00:00:00,1341.464966,18.52749967575073
2012-07-11 04:00:00,1341.449951,17.950000762939453
2012-07-11 08:00:00,1341.449951,17.950000762939453
2012-07-11 12:00:00,1341.449951,17.950000762939453
2012-07-11 16:00:00,1341.449951,17.950000762939453
2012-07-11 20:00:00,1341.449951,17.950000762939453
2012-07-12 00:00:00,1339.77746575,18.045000553131104
2012-07-12 04:00:00,1334.76001,18.32999992370605
2012-07-12 08:00:00,1334.76001,18.32999992370605
2012-07-12 12:00:00,1334.76001,18.32999992370605
2012-07-12 16:00:00,1334.76001,18.32999992370605
2012-07-12 20:00:00,1334.76001,18.32999992370605
2012-07-13 00:00:00,1340.26501475,17.93249988555908
2012-07-13 04:00:00,1356.780029,16.739999771118164
2012-07-13 08:00:00,1356.780029,16.739999771118164
2012-07-13 12:00:00,1356.780029,16.739999771118164
2012-07-13 16:00:00,1356.780029,16.739999771118164
2012-07-13 20:00:00,1356.780029,16.739999771118164
2012-07-16 00:00:00,1355.9950255,16.832499980926514
2012-07-16 04:00:00,1353.640015,17.110000610351562
2012-07-16 08:00:00,1353.640015,17.110000610351562
2012-07-16 12:00:00,1353.640015,17.110000610351562
2012-07-16 16:00:00,1353.640015,17.110000610351562
2012-07-16 20:00:00,1353.640015,17.110000610351562
2012-07-17 00:00:00,1356.14752225,16.952500343322754
2012-07-17 04:00:00,1363.670044,16.479999542236328
2012-07-17 08:00:00,1363.670044,16.479999542236328
2012-07-17 12:00:00,1363.670044,16.479999542236328
2012-07-17 16:00:00,1363.670044,16.479999542236328
2012-07-17 20:00:00,1363.670044,16.479999542236328
2012-07-18 00:00:00,1365.94754025,16.399999618530273
2012-07-18 04:00:00,1372.780029,16.15999984741211
2012-07-18 08:00:00,1372.780029,16.15999984741211
2012-07-18 12:00:00,1372.780029,16.15999984741211
2012-07-18 16:00:00,1372.780029,16.15999984741211
2012-07-18 20:00:00,1372.780029,16.15999984741211
2012-07-19 00:00:00,1373.71252425,15.982499837875366
2012-07-19 04:00:00,1376.51001,15.449999809265137
2012-07-19 08:00:00,1376.51001,15.449999809265137
2012-07-19 12:00:00,1376.51001,15.449999809265137
2012-07-19 16:00:00,1376.51001,15.449999809265137
2012-07-19 20:00:00,1376.51001,15.449999809265137
2012-07-20 00:00:00,1373.047516,15.65499997138977
2012-07-20 04:00:00,1362.660034,16.270000457763672
2012-07-20 08:00:00,1362.660034,16.270000457763672
2012-07-20 12:00:00,1362.660034,16.270000457763672
2012-07-20 16:00:00,1362.660034,16.270000457763672
2012-07-20 20:00:00,1362.660034,16.270000457763672
2012-07-23 00:00:00,1359.6250305,16.857500553131104
2012-07-23 04:00:00,1350.52002,18.6200008392334
2012-07-23 08:00:00,1350.52002,18.6200008392334
2012-07-23 12:00:00,1350.52002,18.6200008392334
2012-07-23 16:00:00,1350.52002,18.6200008392334
2012-07-23 20:00:00,1350.52002,18.6200008392334
2012-07-24 00:00:00,1347.4675297499998,19.082500457763672
2012-07-24 04:00:00,1338.310059,20.46999931335449
2012-07-24 08:00:00,1338.310059,20.46999931335449
2012-07-24 12:00:00,1338.310059,20.46999931335449
2012-07-24 16:00:00,1338.310059,20.46999931335449
2012-07-24 20:00:00,1338.310059,20.46999931335449
2012-07-25 00:00:00,1338.205048,20.18749952316284
2012-07-25 04:00:00,1337.890015,19.34000015258789
2012-07-25 08:00:00,1337.890015,19.34000015258789
2012-07-25 12:00:00,1337.890015,19.34000015258789
2012-07-25 16:00:00,1337.890015,19.34000015258789
2012-07-25 20:00:00,1337.890015,19.34000015258789
2012-07-26 00:00:00,1343.42251625,18.88750028610229
2012-07-26 04:00:00,1360.02002,17.530000686645508
2012-07-26 08:00:00,1360.02002,17.530000686645508
2012-07-26 12:00:00,1360.02002,17.530000686645508
2012-07-26 16:00:00,1360.02002,17.530000686645508
2012-07-26 20:00:00,1360.02002,17.530000686645508
2012-07-27 00:00:00,1366.5075077499998,17.322500705718994
2012-07-27 04:00:00,1385.969971,16.700000762939453
2012-07-27 08:00:00,1385.969971,16.700000762939453
2012-07-27 12:00:00,1385.969971,16.700000762939453
2012-07-27 16:00:00,1385.969971,16.700000762939453
2012-07-27 20:00:00,1385.969971,16.700000762939453
2012-07-30 00:00:00,1385.8024905,17.032500743865967
2012-07-30 04:00:00,1385.300049,18.030000686645508
2012-07-30 08:00:00,1385.300049,18.030000686645508
2012-07-30 12:00:00,1385.300049,18.030000686645508
2012-07-30 16:00:00,1385.300049,18.030000686645508
2012-07-30 20:00:00,1385.300049,18.030000686645508
2012-07-31 00:00:00,1383.80502325,18.25500059127808
2012-07-31 04:00:00,1379.319946,18.93000030517578
2012-07-31 08:00:00,1379.319946,18.93000030517578
2012-07-31 12:00:00,1379.319946,18.93000030517578
2012-07-31 16:00:00,1379.319946,18.93000030517578
2012-07-31 20:00:00,1379.319946,18.93000030517578
2012-08-01 00:00:00,1378.319946,18.9375
2012-08-01 04:00:00,1375.319946,18.959999084472656
2012-08-01 08:00:00,1375.319946,18.959999084472656
2012-08-01 12:00:00,1375.319946,18.959999084472656
2012-08-01 16:00:00,1375.319946,18.959999084472656
2012-08-01 20:00:00,1375.319946,18.959999084472656
2012-08-02 00:00:00,1372.7399595,18.612499237060547
2012-08-02 04:00:00,1365.0,17.56999969482422
2012-08-02 08:00:00,1365.0,17.56999969482422
2012-08-02 12:00:00,1365.0,17.56999969482422
2012-08-02 16:00:00,1365.0,17.56999969482422
2012-08-02 20:00:00,1365.0,17.56999969482422
2012-08-03 00:00:00,1371.4974975,17.087499856948853
2012-08-03 04:00:00,1390.98999,15.640000343322754
2012-08-03 08:00:00,1390.98999,15.640000343322754
2012-08-03 12:00:00,1390.98999,15.640000343322754
2012-08-03 16:00:00,1390.98999,15.640000343322754
2012-08-03 20:00:00,1390.98999,15.640000343322754
2012-08-06 00:00:00,1391.7999875,15.71750020980835
2012-08-06 04:00:00,1394.22998,15.949999809265137
2012-08-06 08:00:00,1394.22998,15.949999809265137
2012-08-06 12:00:00,1394.22998,15.949999809265137
2012-08-06 16:00:00,1394.22998,15.949999809265137
2012-08-06 20:00:00,1394.22998,15.949999809265137
2012-08-07 00:00:00,1396.0099790000002,15.959999799728394
2012-08-07 04:00:00,1401.349976,15.989999771118164
2012-08-07 08:00:00,1401.349976,15.989999771118164
2012-08-07 12:00:00,1401.349976,15.989999771118164
2012-08-07 16:00:00,1401.349976,15.989999771118164
2012-08-07 20:00:00,1401.349976,15.989999771118164
2012-08-08 00:00:00,1401.56747475,15.822499752044678
2012-08-08 04:00:00,1402.219971,15.31999969482422
2012-08-08 08:00:00,1402.219971,15.31999969482422
2012-08-08 12:00:00,1402.219971,15.31999969482422
2012-08-08 16:00:00,1402.219971,15.31999969482422
2012-08-08 20:00:00,1402.219971,15.31999969482422
2012-08-09 00:00:00,1402.3649905,15.309999704360964
2012-08-09 04:00:00,1402.800049,15.279999732971191
2012-08-09 08:00:00,1402.800049,15.279999732971191
2012-08-09 12:00:00,1402.800049,15.279999732971191
2012-08-09 16:00:00,1402.800049,15.279999732971191
2012-08-09 20:00:00,1402.800049,15.279999732971191
2012-08-10 00:00:00,1403.5675354999998,15.144999742507936
2012-08-10 04:00:00,1405.869995,14.739999771118164
2012-08-10 08:00:00,1405.869995,14.739999771118164
2012-08-10 12:00:00,1405.869995,14.739999771118164
2012-08-10 16:00:00,1405.869995,14.739999771118164
2012-08-10 20:00:00,1405.869995,14.739999771118164
2012-08-13 00:00:00,1405.4299925,14.479999780654907
2012-08-13 04:00:00,1404.109985,13.699999809265137
2012-08-13 08:00:00,1404.109985,13.699999809265137
2012-08-13 12:00:00,1404.109985,13.699999809265137
2012-08-13 16:00:00,1404.109985,13.699999809265137
2012-08-13 20:00:00,1404.109985,13.699999809265137
2012-08-14 00:00:00,1404.06500225,13.987499952316284
2012-08-14 04:00:00,1403.930054,14.850000381469728
2012-08-14 08:00:00,1403.930054,14.850000381469728
2012-08-14 12:00:00,1403.930054,14.850000381469728
2012-08-14 16:00:00,1403.930054,14.850000381469728
2012-08-14 20:00:00,1403.930054,14.850000381469728
2012-08-15 00:00:00,1404.33004775,14.795000314712526
2012-08-15 04:00:00,1405.530029,14.630000114440918
2012-08-15 08:00:00,1405.530029,14.630000114440918
2012-08-15 12:00:00,1405.530029,14.630000114440918
2012-08-15 16:00:00,1405.530029,14.630000114440918
2012-08-15 20:00:00,1405.530029,14.630000114440918
2012-08-16 00:00:00,1408.02502425,14.545000076293944
2012-08-16 04:00:00,1415.51001,14.289999961853027
2012-08-16 08:00:00,1415.51001,14.289999961853027
2012-08-16 12:00:00,1415.51001,14.289999961853027
2012-08-16 16:00:00,1415.51001,14.289999961853027
2012-08-16 20:00:00,1415.51001,14.289999961853027
2012-08-17 00:00:00,1416.172516,14.079999923706056
2012-08-17 04:00:00,1418.160034,13.449999809265137
2012-08-17 08:00:00,1418.160034,13.449999809265137
2012-08-17 12:00:00,1418.160034,13.449999809265137
2012-08-17 16:00:00,1418.160034,13.449999809265137
2012-08-17 20:00:00,1418.160034,13.449999809265137
2012-08-20 00:00:00,1418.15252675,13.59249997138977
2012-08-20 04:00:00,1418.130005,14.020000457763672
2012-08-20 08:00:00,1418.130005,14.020000457763672
2012-08-20 12:00:00,1418.130005,14.020000457763672
2012-08-20 16:00:00,1418.130005,14.020000457763672
2012-08-20 20:00:00,1418.130005,14.020000457763672
2012-08-21 00:00:00,1416.89001475,14.270000457763672
2012-08-21 04:00:00,1413.170044,15.020000457763672
2012-08-21 08:00:00,1413.170044,15.020000457763672
2012-08-21 12:00:00,1413.170044,15.020000457763672
2012-08-21 16:00:00,1413.170044,15.020000457763672
2012-08-21 20:00:00,1413.170044,15.020000457763672
2012-08-22 00:00:00,1413.2500305,15.042500257492064
2012-08-22 04:00:00,1413.48999,15.109999656677246
2012-08-22 08:00:00,1413.48999,15.109999656677246
2012-08-22 12:00:00,1413.48999,15.109999656677246
2012-08-22 16:00:00,1413.48999,15.109999656677246
2012-08-22 20:00:00,1413.48999,15.109999656677246
2012-08-23 00:00:00,1410.6374815,15.322499752044678
2012-08-23 04:00:00,1402.079956,15.960000038146973
2012-08-23 08:00:00,1402.079956,15.960000038146973
2012-08-23 12:00:00,1402.079956,15.960000038146973
2012-08-23 16:00:00,1402.079956,15.960000038146973
2012-08-23 20:00:00,1402.079956,15.960000038146973
2012-08-24 00:00:00,1404.34246825,15.765000104904177
2012-08-24 04:00:00,1411.130005,15.18000030517578
2012-08-24 08:00:00,1411.130005,15.18000030517578
2012-08-24 12:00:00,1411.130005,15.18000030517578
2012-08-24 16:00:00,1411.130005,15.18000030517578
2012-08-24 20:00:00,1411.130005,15.18000030517578
2012-08-27 00:00:00,1410.957489,15.472500324249268
2012-08-27 04:00:00,1410.439941,16.350000381469727
2012-08-27 08:00:00,1410.439941,16.350000381469727
2012-08-27 12:00:00,1410.439941,16.350000381469727
2012-08-27 16:00:00,1410.439941,16.350000381469727
2012-08-27 20:00:00,1410.439941,16.350000381469727
2012-08-28 00:00:00,1410.154968,16.385000228881836
2012-08-28 04:00:00,1409.300049,16.489999771118164
2012-08-28 08:00:00,1409.300049,16.489999771118164
2012-08-28 12:00:00,1409.300049,16.489999771118164
2012-08-28 16:00:00,1409.300049,16.489999771118164
2012-08-28 20:00:00,1409.300049,16.489999771118164
2012-08-29 00:00:00,1409.59753425,16.63249969482422
2012-08-29 04:00:00,1410.48999,17.059999465942383
2012-08-29 08:00:00,1410.48999,17.059999465942383
2012-08-29 12:00:00,1410.48999,17.059999465942383
2012-08-29 16:00:00,1410.48999,17.059999465942383
2012-08-29 20:00:00,1410.48999,17.059999465942383
2012-08-30 00:00:00,1407.7374875,17.2524995803833
2012-08-30 04:00:00,1399.47998,17.829999923706055
2012-08-30 08:00:00,1399.47998,17.829999923706055
2012-08-30 12:00:00,1399.47998,17.829999923706055
2012-08-30 16:00:00,1399.47998,17.829999923706055
2012-08-30 20:00:00,1399.47998,17.829999923706055
2012-08-31 00:00:00,1401.254974,17.739999771118164
2012-08-31 04:00:00,1406.579956,17.469999313354492
2012-08-31 08:00:00,1406.579956,17.469999313354492
2012-08-31 12:00:00,1406.579956,17.469999313354492
2012-08-31 16:00:00,1406.579956,17.469999313354492
2012-08-31 20:00:00,1406.579956,17.469999313354492
2012-09-04 00:00:00,1406.16995225,17.59749937057495
2012-09-04 04:00:00,1404.939941,17.979999542236328
2012-09-04 08:00:00,1404.939941,17.979999542236328
2012-09-04 12:00:00,1404.939941,17.979999542236328
2012-09-04 16:00:00,1404.939941,17.979999542236328
2012-09-04 20:00:00,1404.939941,17.979999542236328
2012-09-05 00:00:00,1404.564941,17.919999599456787
2012-09-05 04:00:00,1403.439941,17.739999771118164
2012-09-05 08:00:00,1403.439941,17.739999771118164
2012-09-05 12:00:00,1403.439941,17.739999771118164
2012-09-05 16:00:00,1403.439941,17.739999771118164
2012-09-05 20:00:00,1403.439941,17.739999771118164
2012-09-06 00:00:00,1410.6099545,17.204999923706055
2012-09-06 04:00:00,1432.119995,15.600000381469728
2012-09-06 08:00:00,1432.119995,15.600000381469728
2012-09-06 12:00:00,1432.119995,15.600000381469728
2012-09-06 16:00:00,1432.119995,15.600000381469728
2012-09-06 20:00:00,1432.119995,15.600000381469728
2012-09-07 00:00:00,1433.57000725,15.295000314712526
2012-09-07 04:00:00,1437.920044,14.380000114440918
2012-09-07 08:00:00,1437.920044,14.380000114440918
2012-09-07 12:00:00,1437.920044,14.380000114440918
2012-09-07 16:00:00,1437.920044,14.380000114440918
2012-09-07 20:00:00,1437.920044,14.380000114440918
2012-09-10 00:00:00,1435.710022,14.855000257492064
2012-09-10 04:00:00,1429.079956,16.280000686645508
2012-09-10 08:00:00,1429.079956,16.280000686645508
2012-09-10 12:00:00,1429.079956,16.280000686645508
2012-09-10 16:00:00,1429.079956,16.280000686645508
2012-09-10 20:00:00,1429.079956,16.280000686645508
2012-09-11 00:00:00,1430.19998175,16.312500476837158
2012-09-11 04:00:00,1433.560059,16.40999984741211
2012-09-11 08:00:00,1433.560059,16.40999984741211
2012-09-11 12:00:00,1433.560059,16.40999984741211
2012-09-11 16:00:00,1433.560059,16.40999984741211
2012-09-11 20:00:00,1433.560059,16.40999984741211
2012-09-12 00:00:00,1434.310059,16.257499933242798
2012-09-12 04:00:00,1436.560059,15.800000190734863
2012-09-12 08:00:00,1436.560059,15.800000190734863
2012-09-12 12:00:00,1436.560059,15.800000190734863
2012-09-12 16:00:00,1436.560059,15.800000190734863
2012-09-12 20:00:00,1436.560059,15.800000190734863
2012-09-13 00:00:00,1442.41754175,15.362500190734863
2012-09-13 04:00:00,1459.98999,14.050000190734863
2012-09-13 08:00:00,1459.98999,14.050000190734863
2012-09-13 12:00:00,1459.98999,14.050000190734863
2012-09-13 16:00:00,1459.98999,14.050000190734863
2012-09-13 20:00:00,1459.98999,14.050000190734863
2012-09-14 00:00:00,1461.4349975,14.165000200271606
2012-09-14 04:00:00,1465.77002,14.510000228881836
2012-09-14 08:00:00,1465.77002,14.510000228881836
2012-09-14 12:00:00,1465.77002,14.510000228881836
2012-09-14 16:00:00,1465.77002,14.510000228881836
2012-09-14 20:00:00,1465.77002,14.510000228881836
2012-09-17 00:00:00,1464.62500025,14.53000020980835
2012-09-17 04:00:00,1461.189941,14.59000015258789
2012-09-17 08:00:00,1461.189941,14.59000015258789
2012-09-17 12:00:00,1461.189941,14.59000015258789
2012-09-17 16:00:00,1461.189941,14.59000015258789
2012-09-17 20:00:00,1461.189941,14.59000015258789
2012-09-18 00:00:00,1460.72244225,14.487500190734863
2012-09-18 04:00:00,1459.319946,14.18000030517578
2012-09-18 08:00:00,1459.319946,14.18000030517578
2012-09-18 12:00:00,1459.319946,14.18000030517578
2012-09-18 16:00:00,1459.319946,14.18000030517578
2012-09-18 20:00:00,1459.319946,14.18000030517578
2012-09-19 00:00:00,1459.75247175,14.105000257492064
2012-09-19 04:00:00,1461.050049,13.880000114440918
2012-09-19 08:00:00,1461.050049,13.880000114440918
2012-09-19 12:00:00,1461.050049,13.880000114440918
2012-09-19 16:00:00,1461.050049,13.880000114440918
2012-09-19 20:00:00,1461.050049,13.880000114440918
2012-09-20 00:00:00,1460.85253925,13.927500009536743
2012-09-20 04:00:00,1460.26001,14.06999969482422
2012-09-20 08:00:00,1460.26001,14.06999969482422
2012-09-20 12:00:00,1460.26001,14.06999969482422
2012-09-20 16:00:00,1460.26001,14.06999969482422
2012-09-20 20:00:00,1460.26001,14.06999969482422
2012-09-21 00:00:00,1460.2325135,14.047499656677248
2012-09-21 04:00:00,1460.150024,13.979999542236328
2012-09-21 08:00:00,1460.150024,13.979999542236328
2012-09-21 12:00:00,1460.150024,13.979999542236328
2012-09-21 16:00:00,1460.150024,13.979999542236328
2012-09-21 20:00:00,1460.150024,13.979999542236328
2012-09-24 00:00:00,1459.33502175,14.022499561309814
2012-09-24 04:00:00,1456.890015,14.149999618530272
2012-09-24 08:00:00,1456.890015,14.149999618530272
2012-09-24 12:00:00,1456.890015,14.149999618530272
2012-09-24 16:00:00,1456.890015,14.149999618530272
2012-09-24 20:00:00,1456.890015,14.149999618530272
2012-09-25 00:00:00,1453.06500275,14.469999790191649
2012-09-25 04:00:00,1441.589966,15.43000030517578
2012-09-25 08:00:00,1441.589966,15.43000030517578
2012-09-25 12:00:00,1441.589966,15.43000030517578
2012-09-25 16:00:00,1441.589966,15.43000030517578
2012-09-25 20:00:00,1441.589966,15.43000030517578
2012-09-26 00:00:00,1439.522461,15.77500009536743
2012-09-26 04:00:00,1433.319946,16.809999465942383
2012-09-26 08:00:00,1433.319946,16.809999465942383
2012-09-26 12:00:00,1433.319946,16.809999465942383
2012-09-26 16:00:00,1433.319946,16.809999465942383
2012-09-26 20:00:00,1433.319946,16.809999465942383
2012-09-27 00:00:00,1436.7774655,16.31749963760376
2012-09-27 04:00:00,1447.150024,14.84000015258789
2012-09-27 08:00:00,1447.150024,14.84000015258789
2012-09-27 12:00:00,1447.150024,14.84000015258789
2012-09-27 16:00:00,1447.150024,14.84000015258789
2012-09-27 20:00:00,1447.150024,14.84000015258789
2012-09-28 00:00:00,1445.530029,15.0625
2012-09-28 04:00:00,1440.670044,15.729999542236328
2012-09-28 08:00:00,1440.670044,15.729999542236328
2012-09-28 12:00:00,1440.670044,15.729999542236328
2012-09-28 16:00:00,1440.670044,15.729999542236328
2012-09-28 20:00:00,1440.670044,15.729999542236328
2012-10-01 00:00:00,1441.6250305,15.8774995803833
2012-10-01 04:00:00,1444.48999,16.31999969482422
2012-10-01 08:00:00,1444.48999,16.31999969482422
2012-10-01 12:00:00,1444.48999,16.31999969482422
2012-10-01 16:00:00,1444.48999,16.31999969482422
2012-10-01 20:00:00,1444.48999,16.31999969482422
2012-10-02 00:00:00,1444.8049925,16.167499780654907
2012-10-02 04:00:00,1445.75,15.710000038146973
2012-10-02 08:00:00,1445.75,15.710000038146973
2012-10-02 12:00:00,1445.75,15.710000038146973
2012-10-02 16:00:00,1445.75,15.710000038146973
2012-10-02 20:00:00,1445.75,15.710000038146973
2012-10-03 00:00:00,1447.0599975,15.640000104904177
2012-10-03 04:00:00,1450.98999,15.43000030517578
2012-10-03 08:00:00,1450.98999,15.43000030517578
2012-10-03 12:00:00,1450.98999,15.43000030517578
2012-10-03 16:00:00,1450.98999,15.43000030517578
2012-10-03 20:00:00,1450.98999,15.43000030517578
2012-10-04 00:00:00,1453.5924985,15.21000027656555
2012-10-04 04:00:00,1461.400024,14.550000190734863
2012-10-04 08:00:00,1461.400024,14.550000190734863
2012-10-04 12:00:00,1461.400024,14.550000190734863
2012-10-04 16:00:00,1461.400024,14.550000190734863
2012-10-04 20:00:00,1461.400024,14.550000190734863
2012-10-05 00:00:00,1461.2825315,14.49500012397766
2012-10-05 04:00:00,1460.930054,14.329999923706056
2012-10-05 08:00:00,1460.930054,14.329999923706056
2012-10-05 12:00:00,1460.930054,14.329999923706056
2012-10-05 16:00:00,1460.930054,14.329999923706056
2012-10-05 20:00:00,1460.930054,14.329999923706056
2012-10-08 00:00:00,1459.6675417499998,14.524999856948853
2012-10-08 04:00:00,1455.880005,15.109999656677246
2012-10-08 08:00:00,1455.880005,15.109999656677246
2012-10-08 12:00:00,1455.880005,15.109999656677246
2012-10-08 16:00:00,1455.880005,15.109999656677246
2012-10-08 20:00:00,1455.880005,15.109999656677246
2012-10-09 00:00:00,1452.27999875,15.424999952316284
2012-10-09 04:00:00,1441.47998,16.3700008392334
2012-10-09 08:00:00,1441.47998,16.3700008392334
2012-10-09 12:00:00,1441.47998,16.3700008392334
2012-10-09 16:00:00,1441.47998,16.3700008392334
2012-10-09 20:00:00,1441.47998,16.3700008392334
2012-10-10 00:00:00,1439.24999975,16.350000858306885
2012-10-10 04:00:00,1432.560059,16.290000915527344
2012-10-10 08:00:00,1432.560059,16.290000915527344
2012-10-10 12:00:00,1432.560059,16.290000915527344
2012-10-10 16:00:00,1432.560059,16.290000915527344
2012-10-10 20:00:00,1432.560059,16.290000915527344
2012-10-11 00:00:00,1432.63003575,16.11500072479248
2012-10-11 04:00:00,1432.839966,15.59000015258789
2012-10-11 08:00:00,1432.839966,15.59000015258789
2012-10-11 12:00:00,1432.839966,15.59000015258789
2012-10-11 16:00:00,1432.839966,15.59000015258789
2012-10-11 20:00:00,1432.839966,15.59000015258789
2012-10-12 00:00:00,1431.777466,15.727499961853027
2012-10-12 04:00:00,1428.589966,16.139999389648438
2012-10-12 08:00:00,1428.589966,16.139999389648438
2012-10-12 12:00:00,1428.589966,16.139999389648438
2012-10-12 16:00:00,1428.589966,16.139999389648438
2012-10-12 20:00:00,1428.589966,16.139999389648438
2012-10-15 00:00:00,1431.47497575,15.922499656677246
2012-10-15 04:00:00,1440.130005,15.270000457763672
2012-10-15 08:00:00,1440.130005,15.270000457763672
2012-10-15 12:00:00,1440.130005,15.270000457763672
2012-10-15 16:00:00,1440.130005,15.270000457763672
2012-10-15 20:00:00,1440.130005,15.270000457763672
2012-10-16 00:00:00,1443.82751475,15.257500410079956
2012-10-16 04:00:00,1454.920044,15.220000267028809
2012-10-16 08:00:00,1454.920044,15.220000267028809
2012-10-16 12:00:00,1454.920044,15.220000267028809
2012-10-16 16:00:00,1454.920044,15.220000267028809
2012-10-16 20:00:00,1454.920044,15.220000267028809
2012-10-17 00:00:00,1456.4175415,15.18250012397766
2012-10-17 04:00:00,1460.910034,15.06999969482422
2012-10-17 08:00:00,1460.910034,15.06999969482422
2012-10-17 12:00:00,1460.910034,15.06999969482422
2012-10-17 16:00:00,1460.910034,15.06999969482422
2012-10-17 20:00:00,1460.910034,15.06999969482422
2012-10-18 00:00:00,1460.017517,15.059999704360964
2012-10-18 04:00:00,1457.339966,15.029999732971191
2012-10-18 08:00:00,1457.339966,15.029999732971191
2012-10-18 12:00:00,1457.339966,15.029999732971191
2012-10-18 16:00:00,1457.339966,15.029999732971191
2012-10-18 20:00:00,1457.339966,15.029999732971191
2012-10-19 00:00:00,1451.30245975,15.53749966621399
2012-10-19 04:00:00,1433.189941,17.059999465942383
2012-10-19 08:00:00,1433.189941,17.059999465942383
2012-10-19 12:00:00,1433.189941,17.059999465942383
2012-10-19 16:00:00,1433.189941,17.059999465942383
2012-10-19 20:00:00,1433.189941,17.059999465942383
2012-10-22 00:00:00,1433.34744225,16.949999809265137
2012-10-22 04:00:00,1433.819946,16.6200008392334
2012-10-22 08:00:00,1433.819946,16.6200008392334
2012-10-22 12:00:00,1433.819946,16.6200008392334
2012-10-22 16:00:00,1433.819946,16.6200008392334
2012-10-22 20:00:00,1433.819946,16.6200008392334
2012-10-23 00:00:00,1428.64245575,17.172500610351562
2012-10-23 04:00:00,1413.109985,18.82999992370605
2012-10-23 08:00:00,1413.109985,18.82999992370605
